# River Extrude Mesh OBJ Export
# Vertices: 2470
# Triangles: 4428

v -6.248657 15.847210 -32.313980
v -4.031494 15.808550 -31.844400
v -1.814346 15.769880 -31.374820
v 0.402817 15.731220 -30.905240
v 2.619965 15.692560 -30.435650
v 4.837128 15.653890 -29.966060
v 7.054276 15.615230 -29.496480
v 9.271431 15.576570 -29.026900
v 11.488590 15.537900 -28.557320
v 13.705740 15.499240 -28.087740
v -6.077148 15.844100 -33.153090
v -3.853760 15.801850 -32.714290
v -1.630371 15.759600 -32.275510
v 0.593018 15.717350 -31.836710
v 2.816406 15.675100 -31.397920
v 5.039795 15.632850 -30.959120
v 7.263184 15.590600 -30.520330
v 9.486572 15.548360 -30.081540
v 11.709960 15.506110 -29.642750
v 13.933350 15.463860 -29.203950
v -5.914871 15.837570 -34.005170
v -3.686096 15.791520 -33.594950
v -1.457336 15.745470 -33.184730
v 0.771423 15.699420 -32.774510
v 3.000183 15.653370 -32.364300
v 5.228943 15.607320 -31.954080
v 7.457703 15.561270 -31.543860
v 9.686470 15.515220 -31.133640
v 11.915230 15.469170 -30.723430
v 14.143990 15.423120 -30.313200
v -5.761414 15.827550 -34.869210
v -3.528046 15.777540 -34.485350
v -1.294678 15.727530 -34.101500
v 0.938690 15.677520 -33.717650
v 3.172058 15.627510 -33.333790
v 5.405426 15.577500 -32.949940
v 7.638794 15.527500 -32.566090
v 9.872162 15.477490 -32.182240
v 12.105530 15.427470 -31.798390
v 14.338900 15.377470 -31.414530
v -5.616196 15.814170 -35.744720
v -3.378906 15.760050 -35.385040
v -1.141602 15.705930 -35.025370
v 1.095688 15.651810 -34.665700
v 3.332977 15.597690 -34.306020
v 5.570282 15.543560 -33.946340
v 7.807571 15.489440 -33.586670
v 10.044860 15.435320 -33.227000
v 12.282160 15.381200 -32.867320
v 14.519450 15.327080 -32.507640
v -5.478577 15.795940 -36.631900
v -3.237946 15.737910 -36.294260
v -0.997315 15.679880 -35.956630
v 1.243301 15.621850 -35.619000
v 3.483932 15.563820 -35.281360
v 5.724564 15.505790 -34.943730
v 7.965187 15.447760 -34.606090
v 10.205820 15.389730 -34.268460
v 12.446450 15.331700 -33.930820
v 14.687070 15.273670 -33.593190
v -5.348083 15.774100 -37.529270
v -3.104660 15.712130 -37.211520
v -0.861221 15.650160 -36.893770
v 1.382202 15.588200 -36.576030
v 3.625626 15.526230 -36.258280
v 5.869064 15.464260 -35.940530
v 8.112488 15.402290 -35.622780
v 10.355920 15.340320 -35.305040
v 12.599350 15.278360 -34.987290
v 14.842770 15.216390 -34.669540
v -5.223816 15.748760 -38.438190
v -2.978058 15.682810 -38.138220
v -0.732300 15.616860 -37.838260
v 1.513474 15.550910 -37.538290
v 3.759232 15.484970 -37.238330
v 6.004990 15.419020 -36.938350
v 8.250755 15.353070 -36.638390
v 10.496510 15.287120 -36.338420
v 12.742280 15.221180 -36.038460
v 14.988040 15.155230 -35.738490
v -5.105377 15.720070 -39.356350
v -2.857712 15.650110 -39.072030
v -0.610031 15.580160 -38.787700
v 1.637650 15.510210 -38.503380
v 3.885315 15.440250 -38.219060
v 6.132996 15.370300 -37.934740
v 8.380669 15.300350 -37.650410
v 10.628340 15.230400 -37.366090
v 12.876020 15.160440 -37.081760
v 15.123700 15.090490 -36.797450
v -4.991745 15.687330 -40.286000
v -2.742523 15.613500 -40.015230
v -0.493301 15.539670 -39.744460
v 1.755920 15.465840 -39.473690
v 4.005142 15.392000 -39.202920
v 6.254372 15.318170 -38.932150
v 8.503601 15.244340 -38.661380
v 10.752820 15.170510 -38.390610
v 13.002040 15.096680 -38.119840
v 15.251270 15.022850 -37.849080
v -4.882523 15.651050 -41.224240
v -2.632080 15.573410 -40.964880
v -0.381638 15.495780 -40.705530
v 1.868805 15.418140 -40.446170
v 4.119247 15.340510 -40.186810
v 6.369682 15.262870 -39.927460
v 8.620125 15.185240 -39.668100
v 10.870560 15.107600 -39.408740
v 13.121000 15.029970 -39.149390
v 15.371440 14.952340 -38.890030
v -4.776520 15.611310 -42.174070
v -2.525162 15.529910 -41.924000
v -0.273804 15.448510 -41.673930
v 1.977554 15.367120 -41.423870
v 4.228912 15.285720 -41.173800
v 6.480278 15.204320 -40.923740
v 8.731636 15.122920 -40.673670
v 10.982990 15.041530 -40.423600
v 13.234360 14.960130 -40.173530
v 15.485720 14.878730 -39.923460
v -4.673294 15.568260 -43.132230
v -2.421295 15.483170 -42.889270
v -0.169296 15.398080 -42.646310
v 2.082703 15.312990 -42.403340
v 4.334702 15.227910 -42.160390
v 6.586708 15.142810 -41.917420
v 8.838707 15.057730 -41.674460
v 11.090710 14.972640 -41.431500
v 13.342710 14.887550 -41.188530
v 15.594710 14.802460 -40.945570
v -4.571594 15.521570 -44.102210
v -2.319214 15.432910 -43.864160
v -0.066818 15.344250 -43.626110
v 2.185562 15.255590 -43.388050
v 4.437958 15.166930 -43.149990
v 6.690338 15.078270 -42.911940
v 8.942726 14.989610 -42.673890
v 11.195110 14.900950 -42.435830
v 13.447500 14.812290 -42.197780
v 15.699890 14.723630 -41.959720
v -4.470871 15.471490 -45.080510
v -2.218353 15.379390 -44.845100
v 0.034180 15.287300 -44.609680
v 2.286713 15.195200 -44.374270
v 4.539230 15.103110 -44.138850
v 6.791763 15.011010 -43.903430
v 9.044289 14.918920 -43.668010
v 11.296810 14.826820 -43.432600
v 13.549340 14.734730 -43.197180
v 15.801860 14.642630 -42.961770
v -4.369720 15.417930 -46.071220
v -2.117294 15.322520 -45.836110
v 0.135117 15.227100 -45.601010
v 2.387543 15.131690 -45.365890
v 4.639969 15.036280 -45.130780
v 6.892387 14.940860 -44.895680
v 9.144806 14.845450 -44.660570
v 11.397220 14.750040 -44.425450
v 13.649640 14.654620 -44.190350
v 15.902070 14.559210 -43.955240
v -4.267471 15.361080 -47.070390
v -2.015411 15.262510 -46.833170
v 0.236649 15.163940 -46.595950
v 2.488708 15.065360 -46.358730
v 4.740768 14.966790 -46.121510
v 6.992836 14.868210 -45.884280
v 9.244904 14.769640 -45.647060
v 11.496960 14.671060 -45.409840
v 13.749020 14.572490 -45.172620
v 16.001090 14.473920 -44.935390
v -4.162521 15.300690 -48.083150
v -1.911087 15.199110 -47.841280
v 0.340347 15.097530 -47.599410
v 2.591782 14.995960 -47.357540
v 4.843216 14.894380 -47.115660
v 7.094650 14.792800 -46.873790
v 9.346085 14.691230 -46.631920
v 11.597520 14.589650 -46.390050
v 13.848950 14.488080 -46.148180
v 16.100390 14.386500 -45.906300
v -4.054153 15.237010 -49.104400
v -1.803635 15.132640 -48.855240
v 0.446869 15.028260 -48.606080
v 2.697388 14.923890 -48.356920
v 4.947891 14.819520 -48.107760
v 7.198410 14.715140 -47.858600
v 9.448921 14.610760 -47.609440
v 11.699430 14.506390 -47.360280
v 13.949940 14.402020 -47.111110
v 16.200450 14.297640 -46.861950
v -3.940247 15.169650 -50.141350
v -1.691010 15.062680 -49.882060
v 0.558243 14.955710 -49.622760
v 2.807480 14.848740 -49.363460
v 5.056732 14.741760 -49.104170
v 7.305969 14.634790 -48.844880
v 9.555214 14.527820 -48.585590
v 11.804460 14.420850 -48.326290
v 14.053710 14.313870 -48.066990
v 16.302950 14.206900 -47.807700
v -3.820206 15.099030 -51.186430
v -1.572617 14.989720 -50.914050
v 0.674973 14.880410 -50.641690
v 2.922562 14.771100 -50.369320
v 5.170151 14.661790 -50.096950
v 7.417732 14.552490 -49.824580
v 9.665314 14.443180 -49.552210
v 11.912900 14.333870 -49.279840
v 14.160490 14.224560 -49.007470
v 16.408070 14.115250 -48.735090
v -3.691071 15.024540 -52.250730
v -1.445633 14.913130 -51.961990
v 0.799805 14.801720 -51.673250
v 3.045242 14.690310 -51.384510
v 5.290680 14.578900 -51.095770
v 7.536125 14.467490 -50.807030
v 9.781563 14.356080 -50.518290
v 12.027000 14.244670 -50.229550
v 14.272450 14.133270 -49.940810
v 16.517880 14.021860 -49.652070
v -3.552551 14.946860 -53.322000
v -1.309830 14.833680 -53.013560
v 0.932907 14.720500 -52.705110
v 3.175629 14.607320 -52.396670
v 5.418365 14.494140 -52.088220
v 7.661087 14.380960 -51.779780
v 9.903816 14.267780 -51.471330
v 12.146550 14.154600 -51.162890
v 14.389270 14.041420 -50.854440
v 16.632000 13.928240 -50.546000
v -3.400253 14.864800 -54.417950
v -1.160980 14.750170 -54.085850
v 1.078293 14.635530 -53.753750
v 3.317566 14.520900 -53.421660
v 5.556839 14.406260 -53.089560
v 7.796120 14.291630 -52.757470
v 10.035390 14.176990 -52.425370
v 12.274670 14.062360 -52.093280
v 14.513950 13.947730 -51.761180
v 16.753220 13.833090 -51.429080
v -3.234451 14.779560 -55.519810
v -0.999481 14.663900 -55.160220
v 1.235489 14.548240 -54.800620
v 3.470459 14.432570 -54.441020
v 5.705429 14.316910 -54.081430
v 7.940392 14.201240 -53.721840
v 10.175360 14.085580 -53.362240
v 12.410330 13.969920 -53.002650
v 14.645300 13.854250 -52.643050
v 16.880270 13.738590 -52.283450
v -3.048798 14.689580 -56.651640
v -0.819305 14.573270 -56.259720
v 1.410202 14.456950 -55.867800
v 3.639694 14.340640 -55.475880
v 5.869186 14.224330 -55.083960
v 8.098679 14.108020 -54.692040
v 10.328180 13.991710 -54.300120
v 12.557670 13.875400 -53.908200
v 14.787160 13.759090 -53.516280
v 17.016660 13.642780 -53.124360
v -2.843323 14.596030 -57.793690
v -0.620651 14.479600 -57.364770
v 1.602005 14.363170 -56.935840
v 3.824677 14.246740 -56.506910
v 6.047348 14.130310 -56.077980
v 8.270012 14.013870 -55.649060
v 10.492680 13.897440 -55.220120
v 12.715340 13.781010 -54.791200
v 14.938000 13.664580 -54.362270
v 17.160680 13.548150 -53.933340
v -2.611481 14.497620 -58.962460
v -0.397446 14.381640 -58.490860
v 1.816574 14.265660 -58.019260
v 4.030609 14.149680 -57.547660
v 6.244629 14.033700 -57.076060
v 8.458664 13.917720 -56.604450
v 10.672690 13.801730 -56.132850
v 12.886720 13.685750 -55.661250
v 15.100750 13.569770 -55.189650
v 17.314770 13.453790 -54.718050
v -2.349869 14.394780 -60.152550
v -0.146713 14.279880 -59.632260
v 2.056427 14.164990 -59.111960
v 4.259583 14.050090 -58.591670
v 6.462730 13.935200 -58.071370
v 8.665886 13.820300 -57.551080
v 10.869030 13.705400 -57.030780
v 13.072180 13.590500 -56.510490
v 15.275340 13.475610 -55.990200
v 17.478490 13.360710 -55.469900
v -2.053848 14.287640 -61.362680
v 0.135635 14.174530 -60.787190
v 2.325104 14.061420 -60.211710
v 4.514572 13.948300 -59.636220
v 6.704056 13.835190 -59.060730
v 8.893524 13.722070 -58.485240
v 11.083000 13.608960 -57.909760
v 13.272480 13.495840 -57.334270
v 15.461950 13.382730 -56.758780
v 17.651430 13.269610 -56.183300
v -1.713028 14.174260 -62.609150
v 0.459030 14.063840 -61.970570
v 2.631073 13.953420 -61.331980
v 4.803116 13.842990 -60.693400
v 6.975174 13.732570 -60.054810
v 9.147217 13.622150 -59.416230
v 11.319270 13.511730 -58.777640
v 13.491320 13.401300 -58.139060
v 15.663370 13.290880 -57.500470
v 17.835410 13.180460 -56.861890
v -1.325058 14.056650 -63.873370
v 0.825119 13.949800 -63.164070
v 2.975296 13.842950 -62.454770
v 5.125473 13.736100 -61.745460
v 7.275642 13.629240 -61.036160
v 9.425819 13.522390 -60.326850
v 11.575990 13.415540 -59.617550
v 13.726170 13.308690 -58.908240
v 15.876340 13.201830 -58.198940
v 18.026510 13.094980 -57.489630
v -0.875382 13.933210 -65.173810
v 1.246948 13.830920 -64.384490
v 3.369278 13.728630 -63.595170
v 5.491608 13.626340 -62.805850
v 7.613937 13.524040 -62.016530
v 9.736267 13.421750 -61.227200
v 11.858600 13.319460 -60.437880
v 13.980930 13.217170 -59.648560
v 16.103260 13.114870 -58.859240
v 18.225590 13.012580 -58.069920
v -0.355316 13.803440 -66.502830
v 1.731812 13.707030 -65.623990
v 3.818954 13.610620 -64.745160
v 5.906082 13.514200 -63.866330
v 7.993225 13.417790 -62.987490
v 10.080350 13.321380 -62.108660
v 12.167490 13.224970 -61.229820
v 14.254620 13.128560 -60.350990
v 16.341770 13.032150 -59.472150
v 18.428890 12.935740 -58.593320
v 0.244156 13.669270 -67.851070
v 2.287186 13.579870 -66.873410
v 4.330215 13.490460 -65.895740
v 6.373238 13.401050 -64.918080
v 8.416260 13.311650 -63.940410
v 10.459290 13.222240 -62.962750
v 12.502310 13.132840 -61.985080
v 14.545340 13.043430 -61.007420
v 16.588360 12.954020 -60.029750
v 18.631390 12.864620 -59.052090
v 0.944870 13.529900 -69.231520
v 2.932175 13.448640 -68.144430
v 4.919495 13.367390 -67.057350
v 6.906807 13.286130 -65.970260
v 8.894119 13.204870 -64.883170
v 10.881440 13.123610 -63.796090
v 12.868750 13.042360 -62.709000
v 14.856060 12.961100 -61.621910
v 16.843380 12.879840 -60.534830
v 18.830700 12.798580 -59.447740
v 1.755280 13.385110 -70.622870
v 3.673508 13.313560 -69.417440
v 5.591736 13.242030 -68.212010
v 7.509972 13.170480 -67.006590
v 9.428200 13.098950 -65.801160
v 11.346430 13.027400 -64.595730
v 13.264660 12.955870 -63.390300
v 15.182880 12.884330 -62.184880
v 17.101120 12.812790 -60.979450
v 19.019350 12.741250 -59.774020
v 2.687347 13.238970 -72.010240
v 4.521118 13.178030 -70.679330
v 6.354897 13.117080 -69.348410
v 8.188667 13.056140 -68.017490
v 10.022450 12.995190 -66.686580
v 11.856220 12.934240 -65.355670
v 13.689990 12.873300 -64.024760
v 15.523770 12.812350 -62.693840
v 17.357540 12.751410 -61.362920
v 19.191320 12.690460 -60.032010
v 3.756454 13.094420 -73.381930
v 5.488297 13.044400 -71.920430
v 7.220154 12.994380 -70.458940
v 8.952003 12.944370 -68.997440
v 10.683850 12.894350 -67.535950
v 12.415710 12.844330 -66.074450
v 14.147560 12.794320 -64.612950
v 15.879410 12.744300 -63.151460
v 17.611260 12.694280 -61.689960
v 19.343110 12.644270 -60.228470
v 4.962891 12.948750 -74.707630
v 6.575188 12.910920 -73.114900
v 8.187500 12.873080 -71.522160
v 9.799805 12.835250 -69.929420
v 11.412110 12.797420 -68.336690
v 13.024410 12.759580 -66.743940
v 14.636720 12.721750 -65.151210
v 16.249020 12.683920 -63.558460
v 17.861340 12.646090 -61.965730
v 19.473640 12.608250 -60.372990
v 6.300491 12.812580 -75.957760
v 7.776718 12.786100 -74.237920
v 9.252937 12.759620 -72.518090
v 10.729160 12.733140 -70.798250
v 12.205380 12.706660 -69.078410
v 13.681610 12.680180 -67.358570
v 15.157830 12.653700 -65.638730
v 16.634060 12.627230 -63.918890
v 18.110280 12.600750 -62.199060
v 19.586500 12.574270 -60.479220
v 7.759941 12.691050 -77.108640
v 9.085777 12.674110 -75.270260
v 10.411610 12.657180 -73.431880
v 11.737450 12.640240 -71.593500
v 13.063290 12.623310 -69.755110
v 14.389120 12.606370 -67.916730
v 15.714960 12.589430 -66.078350
v 17.040790 12.572500 -64.239970
v 18.366630 12.555560 -62.401590
v 19.692470 12.538620 -60.563200
v 9.301216 12.575580 -78.125450
v 10.468520 12.568640 -76.182470
v 11.635830 12.561700 -74.239500
v 12.803130 12.554770 -72.296530
v 13.970440 12.547830 -70.353560
v 15.137730 12.540890 -68.410600
v 16.305040 12.533950 -66.467630
v 17.472340 12.527020 -64.524660
v 18.639650 12.520080 -62.581690
v 19.806950 12.513140 -60.638720
v 10.904120 12.481800 -79.001260
v 11.908960 12.481860 -76.969490
v 12.913800 12.481930 -74.937730
v 13.918630 12.482000 -72.905960
v 14.923470 12.482070 -70.874190
v 15.928310 12.482140 -68.842420
v 16.933140 12.482210 -66.810650
v 17.937980 12.482280 -64.778880
v 18.942820 12.482350 -62.747120
v 19.947650 12.482410 -60.715350
v 12.549000 12.408760 -79.735500
v 13.391680 12.413050 -77.631300
v 14.234360 12.417340 -75.527110
v 15.077050 12.421630 -73.422910
v 15.919730 12.425920 -71.318720
v 16.762410 12.430210 -69.214520
v 17.605090 12.434500 -67.110320
v 18.447780 12.438790 -65.006130
v 19.290470 12.443080 -62.901930
v 20.133150 12.447380 -60.797740
v 14.174380 12.345590 -80.318600
v 14.863070 12.353980 -78.159110
v 15.551770 12.362360 -75.999620
v 16.240460 12.370740 -73.840130
v 16.929170 12.379120 -71.680630
v 17.617860 12.387500 -69.521150
v 18.306560 12.395880 -67.361660
v 18.995250 12.404260 -65.202160
v 19.683960 12.412640 -63.042670
v 20.372650 12.421020 -60.883180
v 15.786320 12.302870 -80.773380
v 16.329620 12.312620 -78.572810
v 16.872920 12.322370 -76.372240
v 17.416230 12.332130 -74.171670
v 17.959530 12.341880 -71.971100
v 18.502840 12.351640 -69.770540
v 19.046140 12.361390 -67.569970
v 19.589450 12.371150 -65.369400
v 20.132750 12.380900 -63.168830
v 20.676060 12.390660 -60.968260
v 17.381710 12.278360 -81.115150
v 17.789220 12.287150 -78.885430
v 18.196730 12.295950 -76.655710
v 18.604240 12.304750 -74.425990
v 19.011750 12.313540 -72.196280
v 19.419270 12.322340 -69.966560
v 19.826770 12.331140 -67.736850
v 20.234280 12.339930 -65.507130
v 20.641800 12.348730 -63.277410
v 21.049310 12.357530 -61.047700
v 18.900540 12.260070 -81.349920
v 19.186860 12.268310 -79.101430
v 19.473180 12.276550 -76.852940
v 19.759500 12.284790 -74.604440
v 20.045820 12.293030 -72.355940
v 20.332140 12.301270 -70.107450
v 20.618460 12.309510 -67.858960
v 20.904780 12.317750 -65.610460
v 21.191100 12.325990 -63.361960
v 21.477420 12.334240 -61.113470
v 20.414110 12.254300 -81.503870
v 20.587770 12.260650 -79.243870
v 20.761430 12.266990 -76.983870
v 20.935090 12.273340 -74.723880
v 21.108750 12.279680 -72.463880
v 21.282410 12.286020 -70.203890
v 21.456070 12.292370 -67.943890
v 21.629730 12.298710 -65.683900
v 21.803390 12.305060 -63.423900
v 21.977050 12.311400 -61.163900
v 21.838870 12.260040 -81.581830
v 21.913950 12.263420 -79.316400
v 21.989040 12.266790 -77.050980
v 22.064130 12.270170 -74.785560
v 22.139210 12.273550 -72.520140
v 22.214300 12.276930 -70.254710
v 22.289390 12.280300 -67.989300
v 22.364480 12.283680 -65.723880
v 22.439570 12.287060 -63.458460
v 22.514650 12.290440 -61.193040
v 23.326990 12.277840 -81.598950
v 23.299370 12.276750 -79.332450
v 23.271750 12.275670 -77.065960
v 23.244130 12.274580 -74.799460
v 23.216510 12.273490 -72.532960
v 23.188890 12.272410 -70.266460
v 23.161270 12.271320 -67.999960
v 23.133640 12.270230 -65.733470
v 23.106030 12.269140 -63.466970
v 23.078410 12.268060 -61.200470
v 25.051210 12.276700 -81.518380
v 24.865400 12.272970 -79.259350
v 24.679590 12.269240 -77.000310
v 24.493780 12.265510 -74.741270
v 24.307980 12.261780 -72.482240
v 24.122170 12.258050 -70.223210
v 23.936360 12.254310 -67.964170
v 23.750560 12.250580 -65.705130
v 23.564740 12.246850 -63.446100
v 23.378940 12.243120 -61.187070
v 26.802550 12.223490 -81.307460
v 26.444820 12.224240 -79.069190
v 26.087080 12.224980 -76.830940
v 25.729350 12.225730 -74.592680
v 25.371610 12.226480 -72.354420
v 25.013870 12.227220 -70.116160
v 24.656140 12.227970 -67.877900
v 24.298400 12.228720 -65.639640
v 23.940670 12.229460 -63.401380
v 23.582930 12.230210 -61.163120
v 28.644610 12.108370 -80.931400
v 28.095680 12.122140 -78.732250
v 27.546760 12.135910 -76.533100
v 26.997840 12.149670 -74.333950
v 26.448920 12.163440 -72.134800
v 25.900000 12.177210 -69.935640
v 25.351080 12.190970 -67.736490
v 24.802160 12.204740 -65.537330
v 24.253240 12.218510 -63.338180
v 23.704320 12.232270 -61.139030
v 30.498310 11.957330 -80.375500
v 29.748510 11.986760 -78.236630
v 28.998710 12.016200 -76.097770
v 28.248910 12.045630 -73.958920
v 27.499110 12.075070 -71.820060
v 26.749310 12.104500 -69.681210
v 25.999500 12.133940 -67.542350
v 25.249700 12.163370 -65.403500
v 24.499900 12.192810 -63.264630
v 23.750100 12.222240 -61.125780
v 32.329130 11.760650 -79.628590
v 31.375510 11.810330 -77.572890
v 30.421890 11.860010 -75.517180
v 29.468280 11.909690 -73.461480
v 28.514660 11.959370 -71.405780
v 27.561040 12.009050 -69.350070
v 26.607420 12.058730 -67.294360
v 25.653810 12.108410 -65.238660
v 24.700190 12.158090 -63.182950
v 23.746570 12.207770 -61.127250
v 34.097310 11.490590 -78.690500
v 32.945430 11.571010 -76.740000
v 31.793530 11.651440 -74.789500
v 30.641640 11.731860 -72.839000
v 29.489750 11.812290 -70.888500
v 28.337860 11.892720 -68.938000
v 27.185970 11.973140 -66.987500
v 26.034070 12.053570 -65.036990
v 24.882180 12.134000 -63.086490
v 23.730290 12.214420 -61.135990
v 35.727960 11.171520 -77.601710
v 34.395280 11.288480 -75.771940
v 33.062590 11.405430 -73.942170
v 31.729900 11.522390 -72.112400
v 30.397220 11.639350 -70.282640
v 29.064540 11.756310 -68.452870
v 27.731860 11.873260 -66.623100
v 26.399170 11.990220 -64.793330
v 25.066480 12.107180 -62.963560
v 23.733800 12.224130 -61.133800
v 37.206250 10.842510 -76.392710
v 35.713970 10.993340 -74.693250
v 34.221690 11.144170 -72.993800
v 32.729420 11.295000 -71.294360
v 31.237140 11.445830 -69.594900
v 29.744860 11.596650 -67.895450
v 28.252580 11.747480 -66.196000
v 26.760300 11.898310 -64.496550
v 25.268020 12.049140 -62.797100
v 23.775740 12.199970 -61.097650
v 38.500150 10.479900 -75.119810
v 36.874890 10.668150 -73.551110
v 35.249610 10.856410 -71.982410
v 33.624340 11.044650 -70.413700
v 31.999070 11.232910 -68.845000
v 30.373790 11.421160 -67.276290
v 28.748530 11.609410 -65.707590
v 27.123250 11.797660 -64.138890
v 25.497980 11.985910 -62.570180
v 23.872710 12.174160 -61.001480
v 39.625220 10.095920 -73.810860
v 37.891750 10.322720 -72.368160
v 36.158260 10.549510 -70.925450
v 34.424790 10.776310 -69.482740
v 32.691310 11.003100 -68.040040
v 30.957830 11.229890 -66.597340
v 29.224350 11.456690 -65.154630
v 27.490880 11.683480 -63.711930
v 25.757390 11.910270 -62.269220
v 24.023920 12.137070 -60.826520
v 40.590640 9.734970 -72.507590
v 38.770770 9.992790 -71.181190
v 36.950880 10.250610 -69.854800
v 35.131000 10.508430 -68.528400
v 33.311120 10.766260 -67.202000
v 31.491230 11.024080 -65.875600
v 29.671360 11.281900 -64.549190
v 27.851470 11.539720 -63.222790
v 26.031590 11.797550 -61.896400
v 24.211710 12.055370 -60.570000
v 41.421160 9.370510 -71.219840
v 39.533530 9.657873 -69.998340
v 37.645900 9.945236 -68.776830
v 35.758280 10.232600 -67.555330
v 33.870650 10.519960 -66.333820
v 31.983030 10.807330 -65.112330
v 30.095410 11.094690 -63.890820
v 28.207780 11.382060 -62.669320
v 26.320150 11.669420 -61.447810
v 24.432530 11.956780 -60.226310
v 42.138990 9.006840 -69.956180
v 40.198680 9.321667 -68.827550
v 38.258360 9.636494 -67.698900
v 36.318050 9.951321 -66.570250
v 34.377730 10.266150 -65.441600
v 32.437420 10.580970 -64.312960
v 30.497110 10.895800 -63.184310
v 28.556790 11.210630 -62.055660
v 26.616480 11.525460 -60.927020
v 24.676160 11.840280 -59.798380
v 42.758690 8.662920 -68.735680
v 40.777460 8.999996 -67.687410
v 38.796230 9.337072 -66.639130
v 36.815000 9.674147 -65.590850
v 34.833770 10.011220 -64.542570
v 32.852540 10.348300 -63.494290
v 30.871310 10.685370 -62.446010
v 28.890080 11.022450 -61.397740
v 26.908850 11.359520 -60.349460
v 24.927620 11.696600 -59.301190
v 43.308340 8.324091 -67.535160
v 41.294960 8.680603 -66.556900
v 39.281590 9.037113 -65.578640
v 37.268200 9.393623 -64.600390
v 35.254830 9.750135 -63.622130
v 33.241450 10.106650 -62.643880
v 31.228070 10.463160 -61.665620
v 29.214690 10.819670 -60.687360
v 27.201320 11.176180 -59.709110
v 25.187930 11.532690 -58.730850
v 43.788000 7.998394 -66.384940
v 41.750050 8.371408 -65.465490
v 39.712100 8.744423 -64.546040
v 37.674150 9.117437 -63.626590
v 35.636190 9.490452 -62.707140
v 33.598240 9.863468 -61.787690
v 31.560290 10.236480 -60.868240
v 29.522340 10.609500 -59.948780
v 27.484380 10.982510 -59.029340
v 25.446430 11.355530 -58.109890
v 44.221660 7.677168 -65.254650
v 42.164500 8.064466 -64.385270
v 40.107330 8.451765 -63.515880
v 38.050160 8.839062 -62.646490
v 35.993000 9.226360 -61.777100
v 33.935820 9.613659 -60.907710
v 31.878650 10.000960 -60.038320
v 29.821490 10.388250 -59.168940
v 27.764320 10.775550 -58.299550
v 25.707150 11.162850 -57.430160
v 44.611640 7.369646 -64.162700
v 42.539580 7.768139 -63.334720
v 40.467530 8.166632 -62.506730
v 38.395470 8.565125 -61.678740
v 36.323410 8.963617 -60.850750
v 34.251360 9.362108 -60.022770
v 32.179300 9.760601 -59.194780
v 30.107240 10.159090 -58.366790
v 28.035190 10.557590 -57.538800
v 25.963130 10.956080 -56.710820
v 44.970120 7.067720 -63.093350
v 42.886600 7.475475 -62.299320
v 40.803090 7.883232 -61.505300
v 38.719570 8.290989 -60.711280
v 36.636050 8.698744 -59.917260
v 34.552540 9.106501 -59.123240
v 32.469020 9.514256 -58.329220
v 30.385510 9.922012 -57.535190
v 28.301990 10.329770 -56.741170
v 26.218480 10.737520 -55.947140
v 45.300220 6.774286 -62.055030
v 43.208100 7.189362 -61.287880
v 41.115970 7.604437 -60.520740
v 39.023850 8.019512 -59.753590
v 36.931720 8.434587 -58.986450
v 34.839610 8.849665 -58.219300
v 32.747480 9.264740 -57.452160
v 30.655360 9.679815 -56.685010
v 28.563230 10.094890 -55.917870
v 26.471120 10.509970 -55.150720
v 45.609600 6.487320 -61.039360
v 43.511150 6.907909 -60.292760
v 41.412710 7.328497 -59.546170
v 39.314260 7.749086 -58.799570
v 37.215820 8.169674 -58.052970
v 35.117370 8.590263 -57.306370
v 33.018930 9.010851 -56.559780
v 30.920480 9.431440 -55.813180
v 28.822040 9.852028 -55.066580
v 26.723590 10.272620 -54.319980
v 45.901430 6.208389 -60.050100
v 43.798600 6.632675 -59.318080
v 41.695760 7.056959 -58.586060
v 39.592930 7.481245 -57.854030
v 37.490100 7.905529 -57.122020
v 35.387270 8.329815 -56.389990
v 33.284430 8.754099 -55.657970
v 31.181600 9.178385 -54.925950
v 29.078770 9.602669 -54.193920
v 26.975940 10.026950 -53.461910
v 46.180400 5.935677 -59.083130
v 44.074910 6.362087 -58.360080
v 41.969400 6.788500 -57.637020
v 39.863900 7.214912 -56.913970
v 37.758390 7.641325 -56.190920
v 35.652890 8.067736 -55.467860
v 33.547390 8.494148 -54.744810
v 31.441890 8.920561 -54.021760
v 29.336380 9.346973 -53.298710
v 27.230880 9.773384 -52.575650
v 46.449070 5.669943 -58.140810
v 44.342460 6.096954 -57.421330
v 42.235850 6.523966 -56.701860
v 40.129240 6.950977 -55.982380
v 38.022640 7.377989 -55.262910
v 35.916020 7.805002 -54.543440
v 33.809420 8.232014 -53.823970
v 31.702810 8.659025 -53.104490
v 29.596200 9.086037 -52.385020
v 27.489590 9.513048 -51.665540
v 46.710900 5.410587 -57.220860
v 44.604680 5.836708 -56.499740
v 42.498440 6.262831 -55.778630
v 40.392220 6.688953 -55.057520
v 38.286000 7.115076 -54.336400
v 36.179760 7.541197 -53.615290
v 34.073540 7.967319 -52.894170
v 31.967320 8.393442 -52.173060
v 29.861080 8.819565 -51.451950
v 27.754860 9.245686 -50.730830
v 46.967870 5.158234 -56.325470
v 44.863500 5.581999 -55.597570
v 42.759130 6.005764 -54.869670
v 40.654770 6.429531 -54.141780
v 38.550400 6.853296 -53.413880
v 36.446030 7.277063 -52.685990
v 34.341660 7.700829 -51.958090
v 32.237300 8.124596 -51.230190
v 30.132930 8.548361 -50.502300
v 28.028560 8.972126 -49.774400
v 47.222670 4.912802 -55.453710
v 45.121700 5.332701 -54.713880
v 43.020710 5.752600 -53.974050
v 40.919730 6.172497 -53.234220
v 38.818760 6.592396 -52.494390
v 36.717770 7.012295 -51.754570
v 34.616800 7.432194 -51.014740
v 32.515820 7.852091 -50.274910
v 30.414830 8.271990 -49.535080
v 28.313860 8.691889 -48.795250
v 47.476780 4.674881 -54.607930
v 45.380840 5.089403 -53.850970
v 43.284910 5.503925 -53.094000
v 41.188970 5.918447 -52.337040
v 39.093030 6.332970 -51.580070
v 36.997100 6.747494 -50.823100
v 34.901160 7.162016 -50.066130
v 32.805220 7.576538 -49.309170
v 30.709290 7.991060 -48.552200
v 28.613350 8.405582 -47.795230
v 47.732090 4.444344 -53.788520
v 45.643070 4.851984 -53.009040
v 43.554050 5.259624 -52.229550
v 41.465020 5.667265 -51.450070
v 39.376000 6.074905 -50.670590
v 37.286980 6.482548 -49.891110
v 35.197960 6.890188 -49.111620
v 33.108930 7.297829 -48.332140
v 31.019910 7.705469 -47.552650
v 28.930890 8.113110 -46.773170
v 47.989610 4.221773 -52.998220
v 45.909650 4.621016 -52.190650
v 43.829700 5.020258 -51.383080
v 41.749750 5.419502 -50.575500
v 39.669790 5.818745 -49.767930
v 37.589840 6.217987 -48.960360
v 35.509880 6.617229 -48.152790
v 33.429930 7.016474 -47.345210
v 31.349980 7.415716 -46.537640
v 29.270020 7.814959 -45.730060
v 48.250930 4.008615 -52.238270
v 46.182510 4.397629 -51.396790
v 44.114100 4.786644 -50.555310
v 42.045680 5.175657 -49.713820
v 39.977260 5.564671 -48.872340
v 37.908840 5.953686 -48.030850
v 35.840430 6.342699 -47.189360
v 33.772010 6.731712 -46.347880
v 31.703600 7.120728 -45.506390
v 29.635180 7.509741 -44.664910
v 48.516330 3.805456 -51.512280
v 46.462400 4.182421 -50.630750
v 44.408490 4.559387 -49.749230
v 42.354560 4.936352 -48.867710
v 40.300640 5.313316 -47.986180
v 38.246720 5.690281 -47.104650
v 36.192800 6.067245 -46.223130
v 34.138880 6.444210 -45.341610
v 32.084960 6.821177 -44.460080
v 30.031040 7.198141 -43.578560
v 48.786290 3.612017 -50.822360
v 46.750500 3.975178 -49.894200
v 44.714710 4.338339 -48.966050
v 42.678930 4.701500 -48.037900
v 40.643140 5.064661 -47.109740
v 38.607360 5.427820 -46.181590
v 36.571570 5.790981 -45.253440
v 34.535790 6.154142 -44.325290
v 32.500000 6.517303 -43.397130
v 30.464220 6.880465 -42.468980
v 49.059760 3.429184 -50.173740
v 47.046490 3.776836 -49.192090
v 45.033220 4.124489 -48.210420
v 43.019950 4.472139 -47.228760
v 41.006680 4.819792 -46.247090
v 38.993410 5.167444 -45.265430
v 36.980140 5.515097 -44.283770
v 34.966870 5.862747 -43.302110
v 32.953600 6.210400 -42.320440
v 30.940330 6.558052 -41.338780
v 49.337970 3.261269 -49.567190
v 47.352390 3.590673 -48.524700
v 45.366820 3.920078 -47.482220
v 43.381250 4.249483 -46.439730
v 41.395680 4.578888 -45.397240
v 39.410110 4.908291 -44.354760
v 37.424540 5.237696 -43.312270
v 35.438960 5.567101 -42.269780
v 33.453390 5.896505 -41.227290
v 31.467820 6.225910 -40.184810
v 49.616990 3.107325 -49.010550
v 47.665440 3.416428 -47.899850
v 45.713870 3.725531 -46.789150
v 43.762320 4.034634 -45.678440
v 41.810760 4.343737 -44.567740
v 39.859210 4.652838 -43.457040
v 37.907650 4.961941 -42.346340
v 35.956090 5.271044 -41.235630
v 34.004530 5.580147 -40.124930
v 32.052980 5.889250 -39.014230
v 49.896420 2.966024 -48.503570
v 47.986870 3.252831 -47.316490
v 46.077320 3.539637 -46.129410
v 44.167780 3.826443 -44.942330
v 42.258230 4.113249 -43.755250
v 40.348690 4.400057 -42.568180
v 38.439140 4.686863 -41.381100
v 36.529590 4.973669 -40.194020
v 34.620050 5.260475 -39.006940
v 32.710500 5.547281 -37.819850
v 50.169640 2.837406 -48.055120
v 48.311270 3.100712 -46.784340
v 46.452900 3.364016 -45.513550
v 44.594520 3.627319 -44.242770
v 42.736150 3.890623 -42.971980
v 40.877780 4.153929 -41.701190
v 39.019400 4.417233 -40.430400
v 37.161030 4.680536 -39.159620
v 35.302650 4.943840 -37.888830
v 33.444280 5.207146 -36.618050
v 50.439870 2.735245 -47.659870
v 48.643400 2.970379 -46.297810
v 46.846920 3.205513 -44.935770
v 45.050450 3.440647 -43.573720
v 43.253980 3.675781 -42.211670
v 41.457500 3.910915 -40.849620
v 39.661030 4.146049 -39.487570
v 37.864560 4.381184 -38.125530
v 36.068080 4.616318 -36.763480
v 34.271610 4.851452 -35.401430
v 50.695560 2.644777 -47.326060
v 48.973350 2.851366 -45.866920
v 47.251140 3.057953 -44.407780
v 45.528920 3.264542 -42.948650
v 43.806710 3.471130 -41.489510
v 42.084500 3.677719 -40.030370
v 40.362280 3.884308 -38.571240
v 38.640070 4.090897 -37.112100
v 36.917850 4.297483 -35.652960
v 35.195640 4.504072 -34.193820
v 50.936640 2.566010 -47.047550
v 49.303180 2.743462 -45.486110
v 47.669710 2.920916 -43.924670
v 46.036240 3.098370 -42.363240
v 44.402780 3.275824 -40.801800
v 42.769310 3.453276 -39.240370
v 41.135850 3.630730 -37.678930
v 39.502380 3.808184 -36.117500
v 37.868910 3.985638 -34.556070
v 36.235450 4.163090 -32.994630
v 51.159910 2.503189 -46.821750
v 49.629520 2.650787 -45.156240
v 48.099140 2.798386 -43.490740
v 46.568750 2.945984 -41.825230
v 45.038360 3.093582 -40.159730
v 43.507970 3.241180 -38.494230
v 41.977580 3.388779 -36.828730
v 40.447190 3.536377 -35.163220
v 38.916800 3.683975 -33.497720
v 37.386410 3.831573 -31.832210
v 51.368990 2.463650 -46.639100
v 49.956070 2.579208 -44.870460
v 48.543150 2.694767 -43.101820
v 47.130230 2.810326 -41.333180
v 45.717310 2.925884 -39.564540
v 44.304390 3.041443 -37.795910
v 42.891470 3.157001 -36.027280
v 41.478550 3.272560 -34.258640
v 40.065630 3.388119 -32.490000
v 38.652710 3.503677 -30.721360
v 51.563740 2.424252 -46.492290
v 50.281720 2.511286 -44.625050
v 48.999690 2.598322 -42.757800
v 47.717660 2.685358 -40.890550
v 46.435630 2.772392 -39.023310
v 45.153600 2.859428 -37.156060
v 43.871570 2.946463 -35.288820
v 42.589550 3.033499 -33.421570
v 41.307520 3.120535 -31.554320
v 40.025490 3.207569 -29.687080
v 51.754520 2.380281 -46.369740
v 50.615150 2.443436 -44.411260
v 49.475780 2.506592 -42.452790
v 48.336400 2.569748 -40.494320
v 47.197020 2.632902 -38.535840
v 46.057650 2.696058 -36.577380
v 44.918270 2.759212 -34.618900
v 43.778890 2.822369 -32.660430
v 42.639520 2.885525 -30.701960
v 41.500140 2.948679 -28.743480
v 51.955040 2.360415 -46.262370
v 50.963540 2.398632 -44.224430
v 49.972030 2.436848 -42.186480
v 48.980520 2.475063 -40.148530
v 47.989010 2.513281 -38.110580
v 46.997510 2.551497 -36.072630
v 46.006000 2.589714 -34.034680
v 45.014500 2.627930 -31.996730
v 44.022990 2.666145 -29.958790
v 43.031490 2.704363 -27.920840
v 52.180310 2.339087 -46.162830
v 51.341900 2.356474 -44.057000
v 50.503480 2.373859 -41.951160
v 49.665060 2.391247 -39.845330
v 48.826640 2.408634 -37.739490
v 47.988240 2.426022 -35.633660
v 47.149820 2.443409 -33.527820
v 46.311400 2.460796 -31.421990
v 45.472980 2.478182 -29.316150
v 44.634570 2.495569 -27.210330
v 52.434340 2.311840 -46.071980
v 51.744610 2.314394 -43.912800
v 51.054870 2.316948 -41.753620
v 50.365140 2.319502 -39.594450
v 49.675400 2.322056 -37.435280
v 48.985670 2.324612 -35.276100
v 48.295940 2.327166 -33.116930
v 47.606200 2.329720 -30.957760
v 46.916470 2.332273 -28.798580
v 46.226730 2.334827 -26.639400
v 52.740490 2.273127 -45.985940
v 52.198720 2.266981 -43.784970
v 51.656960 2.260836 -41.584010
v 51.115190 2.254692 -39.383060
v 50.573430 2.248547 -37.182090
v 50.031660 2.242401 -34.981130
v 49.489900 2.236256 -32.780170
v 48.948130 2.230112 -30.579210
v 48.406360 2.223967 -28.378250
v 47.864600 2.217821 -26.177280
v 53.088140 2.264328 -45.911960
v 52.681500 2.247269 -43.682130
v 52.274850 2.230209 -41.452300
v 51.868190 2.213148 -39.222480
v 51.461550 2.196089 -36.992650
v 51.054900 2.179029 -34.762830
v 50.648250 2.161970 -32.533000
v 50.241600 2.144909 -30.303180
v 49.834950 2.127850 -28.073350
v 49.428310 2.110790 -25.843520
v 53.501870 2.252098 -45.849440
v 53.225840 2.228172 -43.599770
v 52.949810 2.204248 -41.350110
v 52.673770 2.180323 -39.100430
v 52.397740 2.156397 -36.850760
v 52.121700 2.132471 -34.601100
v 51.845670 2.108545 -32.351430
v 51.569630 2.084620 -30.101750
v 51.293600 2.060696 -27.852090
v 51.017570 2.036770 -25.602420
v 53.953190 2.239235 -45.806380
v 53.793530 2.212267 -43.545500
v 53.633870 2.185297 -41.284630
v 53.474210 2.158327 -39.023750
v 53.314550 2.131359 -36.762880
v 53.154900 2.104389 -34.502000
v 52.995240 2.077421 -32.241130
v 52.835580 2.050451 -29.980250
v 52.675930 2.023481 -27.719380
v 52.516270 1.996513 -25.458500
v 54.466160 2.225086 -45.783130
v 54.415700 2.198353 -43.517180
v 54.365220 2.171619 -41.251230
v 54.314740 2.144886 -38.985280
v 54.264270 2.118153 -36.719340
v 54.213800 2.091419 -34.453390
v 54.163330 2.064686 -32.187450
v 54.112850 2.037952 -29.921500
v 54.062380 2.011219 -27.655550
v 54.011910 1.984486 -25.389600
v 54.958340 2.217161 -45.783600
v 55.029880 2.191860 -43.518200
v 55.101430 2.166561 -41.252810
v 55.172970 2.141260 -38.987410
v 55.244510 2.115959 -36.722020
v 55.316060 2.090660 -34.456620
v 55.387600 2.065359 -32.191220
v 55.459140 2.040058 -29.925830
v 55.530680 2.014759 -27.660430
v 55.602220 1.989458 -25.395030
v 55.306280 2.215607 -45.805180
v 55.523250 2.190794 -43.549060
v 55.740220 2.165981 -41.292930
v 55.957180 2.141169 -39.036810
v 56.174160 2.116356 -36.780690
v 56.391120 2.091541 -34.524570
v 56.608090 2.066729 -32.268440
v 56.825060 2.041916 -30.012320
v 57.042020 2.017103 -27.756200
v 57.259000 1.992290 -25.500080
v 55.565810 2.214149 -45.838760
v 55.941000 2.189947 -43.603490
v 56.316190 2.165743 -41.368230
v 56.691380 2.141541 -39.132960
v 57.066570 2.117338 -36.897690
v 57.441760 2.093134 -34.662410
v 57.816950 2.068932 -32.427150
v 58.192140 2.044729 -30.191880
v 58.567330 2.020525 -27.956610
v 58.942520 1.996323 -25.721340
v 55.748850 2.212635 -45.876460
v 56.303480 2.189234 -43.678830
v 56.858120 2.165833 -41.481190
v 57.412740 2.142431 -39.283550
v 57.967380 2.119030 -37.085910
v 58.522000 2.095627 -34.888280
v 59.076640 2.072226 -32.690640
v 59.631260 2.048824 -30.493000
v 60.185900 2.025423 -28.295360
v 60.740530 2.002022 -26.097720
v 55.849400 2.211071 -45.905920
v 56.590700 2.188646 -43.764020
v 57.332010 2.166222 -41.622120
v 58.073320 2.143797 -39.480220
v 58.814630 2.121372 -37.338330
v 59.555930 2.098946 -35.196420
v 60.297240 2.076521 -33.054520
v 61.038550 2.054096 -30.912620
v 61.779860 2.031672 -28.770720
v 62.521160 2.009247 -26.628820
v 55.889450 2.209158 -45.921470
v 56.829800 2.187998 -43.859170
v 57.770160 2.166838 -41.796880
v 58.710520 2.145676 -39.734580
v 59.650870 2.124516 -37.672290
v 60.591220 2.103355 -35.609990
v 61.531580 2.082195 -33.547690
v 62.471930 2.061033 -31.485400
v 63.412290 2.039873 -29.423100
v 64.352650 2.018713 -27.360800
v 55.891150 2.207052 -45.922130
v 57.026470 2.187378 -43.960400
v 58.161800 2.167702 -41.998660
v 59.297120 2.148027 -40.036910
v 60.432440 2.128353 -38.075170
v 61.567770 2.108677 -36.113430
v 62.703090 2.089003 -34.151690
v 63.838420 2.069328 -32.189940
v 64.973740 2.049652 -30.228200
v 66.109060 2.029978 -28.266460
v 55.884880 2.204866 -45.918170
v 57.208280 2.186897 -44.078050
v 58.531680 2.168928 -42.237920
v 59.855090 2.150959 -40.397800
v 61.178490 2.132990 -38.557670
v 62.501900 2.115019 -36.717550
v 63.825300 2.097050 -34.877430
v 65.148700 2.079081 -33.037300
v 66.472110 2.061111 -31.197170
v 67.795510 2.043142 -29.357050
v 55.897890 2.202877 -45.928960
v 57.391300 2.186737 -44.223880
v 58.884700 2.170599 -42.518820
v 60.378110 2.154461 -40.813760
v 61.871520 2.138323 -39.108690
v 63.364930 2.122183 -37.403630
v 64.858340 2.106045 -35.698550
v 66.351750 2.089907 -33.993490
v 67.845150 2.073769 -32.288430
v 69.338560 2.057629 -30.583360
v 55.948770 2.201221 -45.978530
v 57.590850 2.187004 -44.416110
v 59.232930 2.172785 -42.853700
v 60.875020 2.158567 -41.291280
v 62.517100 2.144348 -39.728870
v 64.159170 2.130131 -38.166440
v 65.801250 2.115911 -36.604030
v 67.443340 2.101694 -35.041610
v 69.085420 2.087475 -33.479190
v 70.727490 2.073257 -31.916780
v 56.044140 2.200174 -46.088550
v 57.810490 2.187870 -44.668110
v 59.576850 2.175566 -43.247690
v 61.343200 2.163261 -41.827260
v 63.109560 2.150957 -40.406830
v 64.875920 2.138655 -38.986400
v 66.642270 2.126350 -37.565970
v 68.408620 2.114046 -36.145550
v 70.174980 2.101742 -34.725120
v 71.941330 2.089437 -33.304690
v 56.182560 2.199915 -46.275830
v 58.050800 2.189472 -44.992340
v 59.919040 2.179029 -43.708850
v 61.787280 2.168587 -42.425350
v 63.655520 2.158144 -41.141860
v 65.523760 2.147703 -39.858370
v 67.392000 2.137260 -38.574870
v 69.260230 2.126818 -37.291380
v 71.128470 2.116375 -36.007890
v 72.996710 2.105932 -34.724400
v 56.353800 2.200592 -46.544930
v 58.302730 2.191877 -45.387620
v 60.251670 2.183165 -44.230310
v 62.200600 2.174450 -43.073010
v 64.149540 2.165735 -41.915700
v 66.098460 2.157022 -40.758390
v 68.047400 2.148308 -39.601080
v 69.996330 2.139593 -38.443780
v 71.945270 2.130880 -37.286470
v 73.894200 2.122166 -36.129160
v 56.551180 2.202152 -46.901980
v 58.564400 2.195065 -45.860500
v 60.577620 2.187975 -44.819020
v 62.590840 2.180887 -43.777550
v 64.604060 2.173798 -42.736080
v 66.617280 2.166710 -41.694600
v 68.630500 2.159620 -40.653130
v 70.643720 2.152533 -39.611660
v 72.656940 2.145443 -38.570180
v 74.670170 2.138355 -37.528700
v 56.760580 2.204533 -47.334240
v 58.823460 2.198917 -46.394940
v 60.886330 2.193302 -45.455630
v 62.949200 2.187689 -44.516320
v 65.012080 2.182074 -43.577010
v 67.074940 2.176458 -42.637700
v 69.137820 2.170843 -41.698390
v 71.200700 2.165230 -40.759080
v 73.263570 2.159615 -39.819770
v 75.326440 2.153999 -38.880460
v 56.979760 2.207716 -47.846400
v 59.081870 2.203466 -46.998520
v 61.183980 2.199219 -46.150650
v 63.286090 2.194969 -45.302770
v 65.388200 2.190722 -44.454900
v 67.490310 2.186472 -43.607030
v 69.592420 2.182224 -42.759150
v 71.694530 2.177975 -41.911270
v 73.796650 2.173727 -41.063400
v 75.898750 2.169477 -40.215520
v 57.197400 2.211603 -48.417740
v 59.329710 2.208572 -47.648940
v 61.462010 2.205542 -46.880130
v 63.594310 2.202511 -46.111330
v 65.726610 2.199480 -45.342520
v 67.858920 2.196447 -44.573720
v 69.991210 2.193417 -43.804920
v 72.123520 2.190386 -43.036110
v 74.255810 2.187355 -42.267300
v 76.388120 2.184324 -41.498500
v 57.414700 2.216156 -49.053750
v 59.570810 2.214243 -48.354480
v 61.726910 2.212332 -47.655210
v 63.883030 2.210419 -46.955950
v 66.039130 2.208506 -46.256680
v 68.195240 2.206594 -45.557420
v 70.351350 2.204681 -44.858150
v 72.507460 2.202768 -44.158890
v 74.663570 2.200857 -43.459630
v 76.819670 2.198944 -42.760350
v 57.625350 2.221224 -49.736310
v 59.799920 2.220322 -49.096760
v 61.974490 2.219418 -48.457210
v 64.149060 2.218515 -47.817650
v 66.323620 2.217613 -47.178090
v 68.498180 2.216709 -46.538540
v 70.672760 2.215807 -45.898980
v 72.847320 2.214905 -45.259420
v 75.021900 2.214001 -44.619870
v 77.196460 2.213099 -43.980320
v 57.830430 2.226793 -50.466490
v 60.019490 2.226812 -49.878480
v 62.208560 2.226833 -49.290460
v 64.397630 2.226852 -48.702450
v 66.586690 2.226873 -48.114430
v 68.775760 2.226892 -47.526410
v 70.964830 2.226913 -46.938390
v 73.153900 2.226933 -46.350380
v 75.342960 2.226954 -45.762360
v 77.532030 2.226973 -45.174350
v 58.028860 2.232801 -51.237080
v 60.229290 2.233662 -50.693080
v 62.429700 2.234520 -50.149090
v 64.630130 2.235380 -49.605100
v 66.830540 2.236240 -49.061110
v 69.030970 2.237099 -48.517120
v 71.231380 2.237959 -47.973130
v 73.431810 2.238819 -47.429140
v 75.632230 2.239677 -46.885150
v 77.832650 2.240538 -46.341160
v 58.219700 2.239172 -52.038930
v 60.428960 2.240791 -51.532000
v 62.638210 2.242409 -51.025060
v 64.847460 2.244026 -50.518130
v 67.056710 2.245646 -50.011190
v 69.265970 2.247263 -49.504260
v 71.475220 2.248882 -48.997330
v 73.684460 2.250500 -48.490390
v 75.893720 2.252117 -47.983460
v 78.102970 2.253736 -47.476520
v 58.406110 2.245939 -52.879490
v 60.622290 2.248257 -52.403760
v 62.838470 2.250574 -51.928030
v 65.054650 2.252892 -51.452300
v 67.270830 2.255209 -50.976570
v 69.487010 2.257524 -50.500830
v 71.703190 2.259842 -50.025100
v 73.919370 2.262159 -49.549370
v 76.135550 2.264477 -49.073640
v 78.351730 2.266794 -48.597910
v 58.585020 2.252922 -53.737750
v 60.806470 2.255869 -53.287280
v 63.027930 2.258818 -52.836810
v 65.249380 2.261765 -52.386340
v 67.470830 2.264711 -51.935870
v 69.692280 2.267660 -51.485400
v 71.913730 2.270607 -51.034930
v 74.135190 2.273554 -50.584470
v 76.356640 2.276503 -50.134000
v 78.578090 2.279449 -49.683530
v 58.761600 2.260250 -54.630490
v 60.987080 2.263781 -54.200390
v 63.212570 2.267309 -53.770280
v 65.438050 2.270838 -53.340170
v 67.663540 2.274366 -52.910060
v 69.889020 2.277895 -52.479970
v 72.114500 2.281424 -52.049860
v 74.339980 2.284952 -51.619750
v 76.565470 2.288481 -51.189640
v 78.790950 2.292011 -50.759540
v 58.933780 2.267776 -55.539250
v 61.162190 2.271830 -55.124580
v 63.390600 2.275883 -54.709910
v 65.619010 2.279936 -54.295230
v 67.847420 2.283989 -53.880560
v 70.075830 2.288040 -53.465890
v 72.304240 2.292093 -53.051220
v 74.532650 2.296146 -52.636540
v 76.761050 2.300200 -52.221870
v 78.989460 2.304253 -51.807200
v 59.104900 2.275558 -56.472560
v 61.335330 2.280088 -56.068890
v 63.565750 2.284618 -55.665230
v 65.796180 2.289148 -55.261560
v 68.026610 2.293678 -54.857890
v 70.257030 2.298210 -54.454220
v 72.487460 2.302740 -54.050560
v 74.717900 2.307270 -53.646890
v 76.948320 2.311800 -53.243230
v 79.178750 2.316330 -52.839550
v 59.275920 2.283558 -57.426700
v 61.507550 2.288521 -57.029790
v 63.739190 2.293484 -56.632870
v 65.970830 2.298447 -56.235940
v 68.202460 2.303410 -55.839020
v 70.434100 2.308372 -55.442090
v 72.665740 2.313335 -55.045170
v 74.897380 2.318298 -54.648250
v 77.129010 2.323261 -54.251330
v 79.360660 2.328224 -53.854410
v 59.447690 2.291733 -58.396750
v 61.679790 2.297083 -58.002460
v 63.911900 2.302433 -57.608180
v 66.144000 2.307785 -57.213910
v 68.376110 2.313135 -56.819630
v 70.608210 2.318487 -56.425340
v 72.840320 2.323837 -56.031060
v 75.072420 2.329189 -55.636780
v 77.304520 2.334539 -55.242500
v 79.536630 2.339890 -54.848210
v 59.622960 2.300123 -59.388260
v 61.854830 2.305820 -58.992640
v 64.086700 2.311520 -58.597020
v 66.318570 2.317219 -58.201410
v 68.550430 2.322918 -57.805790
v 70.782300 2.328617 -57.410170
v 73.014170 2.334316 -57.014550
v 75.246030 2.340015 -56.618930
v 77.477910 2.345715 -56.223320
v 79.709770 2.351412 -55.827700
v 59.802310 2.308668 -60.394130
v 62.033230 2.314672 -59.993280
v 64.264170 2.320679 -59.592410
v 66.495090 2.326683 -59.191550
v 68.726030 2.332689 -58.790690
v 70.956950 2.338694 -58.389820
v 73.187890 2.344700 -57.988960
v 75.418820 2.350704 -57.588100
v 77.649750 2.356710 -57.187230
v 79.880680 2.362715 -56.786380
v 59.988240 2.317390 -61.417790
v 62.217500 2.323664 -61.007780
v 64.446770 2.329935 -60.597780
v 66.676030 2.336208 -60.187770
v 68.905300 2.342482 -59.777760
v 71.134570 2.348753 -59.367760
v 73.363840 2.355026 -58.957750
v 75.593110 2.361300 -58.547740
v 77.822370 2.367571 -58.137740
v 80.051640 2.373844 -57.727730
v 60.182740 2.326298 -62.459080
v 62.409550 2.332796 -62.035990
v 64.636380 2.339296 -61.612900
v 66.863200 2.345795 -61.189810
v 69.090020 2.352293 -60.766720
v 71.316840 2.358793 -60.343630
v 73.543660 2.365292 -59.920540
v 75.770480 2.371790 -59.497450
v 77.997300 2.378290 -59.074360
v 80.224120 2.384789 -58.651280
v 60.387690 2.335369 -63.516590
v 62.611200 2.342054 -63.076420
v 64.834710 2.348740 -62.636260
v 67.058210 2.355425 -62.196100
v 69.281720 2.362110 -61.755940
v 71.505230 2.368793 -61.315770
v 73.728740 2.375479 -60.875600
v 75.952250 2.382164 -60.435440
v 78.175760 2.388849 -59.995280
v 80.399260 2.395535 -59.555110
v 60.605060 2.344584 -64.588760
v 62.824270 2.351414 -64.127460
v 65.043500 2.358246 -63.666150
v 67.262710 2.365076 -63.204840
v 69.481930 2.371906 -62.743540
v 71.701140 2.378738 -62.282230
v 73.920360 2.385569 -61.820930
v 76.139580 2.392399 -61.359620
v 78.358800 2.399231 -60.898320
v 80.578020 2.406061 -60.437010
v 60.838900 2.354008 -65.683010
v 63.052660 2.360943 -65.196190
v 65.266420 2.367878 -64.709360
v 67.480170 2.374815 -64.222530
v 69.693930 2.381750 -63.735700
v 71.907690 2.388685 -63.248870
v 74.121440 2.395620 -62.762050
v 76.335210 2.402557 -62.275220
v 78.548970 2.409492 -61.788380
v 80.762730 2.416428 -61.301560
v 61.089780 2.363543 -66.789150
v 63.296750 2.370541 -66.272470
v 65.503740 2.377541 -65.755790
v 67.710720 2.384539 -65.239110
v 69.917700 2.391537 -64.722430
v 72.124690 2.398537 -64.205750
v 74.331670 2.405535 -63.689070
v 76.538650 2.412533 -63.172390
v 78.745640 2.419533 -62.655710
v 80.952610 2.426531 -62.139030
v 61.363150 2.373318 -67.917720
v 63.561720 2.380327 -67.366350
v 65.760300 2.387337 -66.814990
v 67.958870 2.394346 -66.263620
v 70.157440 2.401356 -65.712250
v 72.356020 2.408367 -65.160890
v 74.554590 2.415377 -64.609520
v 76.753160 2.422386 -64.058150
v 78.951740 2.429396 -63.506790
v 81.150310 2.436405 -62.955420
v 61.661000 2.383249 -69.062480
v 63.849270 2.390223 -68.471510
v 66.037530 2.397196 -67.880550
v 68.225780 2.404167 -67.289570
v 70.414050 2.411140 -66.698610
v 72.602310 2.418114 -66.107640
v 74.790570 2.425087 -65.516670
v 76.978840 2.432058 -64.925700
v 79.167090 2.439032 -64.334730
v 81.355350 2.446005 -63.743770
v 61.987000 2.393314 -70.223070
v 64.162670 2.400204 -69.587330
v 66.338350 2.407093 -68.951600
v 68.514030 2.413982 -68.315860
v 70.689700 2.420872 -67.680130
v 72.865380 2.427761 -67.044390
v 75.041060 2.434650 -66.408650
v 77.216740 2.441540 -65.772920
v 79.392410 2.448429 -65.137180
v 81.568080 2.455318 -64.501450
v 62.348620 2.403610 -71.409920
v 64.508840 2.410364 -70.723500
v 66.669070 2.417118 -70.037090
v 68.829290 2.423872 -69.350680
v 70.989520 2.430626 -68.664260
v 73.149730 2.437382 -67.977840
v 75.309970 2.444136 -67.291430
v 77.470180 2.450890 -66.605020
v 79.630410 2.457644 -65.918600
v 81.790630 2.464397 -65.232190
v 62.744990 2.413944 -72.604100
v 64.886580 2.420517 -71.861600
v 67.028180 2.427090 -71.119100
v 69.169780 2.433661 -70.376610
v 71.311370 2.440233 -69.634110
v 73.452970 2.446806 -68.891620
v 75.594570 2.453379 -68.149120
v 77.736160 2.459949 -67.406620
v 79.877760 2.466522 -66.664130
v 82.019360 2.473095 -65.921630
v 63.191050 2.424736 -73.832570
v 65.309720 2.431030 -73.026960
v 67.428380 2.437325 -72.221350
v 69.547040 2.443619 -71.415750
v 71.665710 2.449913 -70.610140
v 73.784360 2.456207 -69.804530
v 75.903030 2.462502 -68.998920
v 78.021700 2.468796 -68.193320
v 80.140360 2.475090 -67.387710
v 82.259020 2.481384 -66.582110
v 63.683630 2.435528 -75.067550
v 65.774730 2.441500 -74.192890
v 67.865840 2.447470 -73.318220
v 69.956940 2.453442 -72.443570
v 72.048030 2.459414 -71.568900
v 74.139140 2.465384 -70.694240
v 76.230240 2.471355 -69.819570
v 78.321350 2.477327 -68.944920
v 80.412450 2.483297 -68.070250
v 82.503550 2.489269 -67.195590
v 64.237260 2.446499 -76.326580
v 66.294820 2.452089 -75.375690
v 68.352390 2.457678 -74.424800
v 70.409940 2.463268 -73.473920
v 72.467500 2.468859 -72.523030
v 74.525070 2.474447 -71.572130
v 76.582630 2.480038 -70.621240
v 78.640180 2.485628 -69.670350
v 80.697750 2.491217 -68.719460
v 82.755310 2.496807 -67.768570
v 64.855390 2.457487 -77.596560
v 66.872610 2.462650 -76.562840
v 68.889830 2.467812 -75.529110
v 70.907040 2.472975 -74.495380
v 72.924260 2.478138 -73.461650
v 74.941480 2.483299 -72.427930
v 76.958690 2.488462 -71.394200
v 78.975910 2.493626 -70.360480
v 80.993130 2.498787 -69.326750
v 83.010350 2.503950 -68.293030
v 65.547200 2.468693 -78.875890
v 67.516040 2.473333 -77.752760
v 69.484890 2.477976 -76.629650
v 71.453740 2.482616 -75.506520
v 73.422580 2.487257 -74.383400
v 75.391430 2.491899 -73.260280
v 77.360280 2.496540 -72.137150
v 79.329120 2.501181 -71.014030
v 81.297970 2.505823 -69.890910
v 83.266820 2.510464 -68.767790
v 66.323650 2.480082 -80.162960
v 68.234690 2.484114 -78.944050
v 70.145710 2.488146 -77.725160
v 72.056750 2.492180 -76.506260
v 73.967770 2.496212 -75.287350
v 75.878810 2.500244 -74.068450
v 77.789840 2.504276 -72.849550
v 79.700870 2.508310 -71.630650
v 81.611910 2.512342 -70.411750
v 83.522930 2.516375 -69.192850
v 67.186660 2.491192 -81.439980
v 69.029720 2.494608 -80.120540
v 70.872770 2.498022 -78.801110
v 72.715820 2.501436 -77.481670
v 74.558880 2.504852 -76.162230
v 76.401930 2.508266 -74.842790
v 78.245000 2.511683 -73.523350
v 80.088040 2.515097 -72.203920
v 81.931100 2.518511 -70.884480
v 83.774150 2.521927 -69.565040
v 68.150440 2.502058 -82.707410
v 69.913780 2.504845 -81.283180
v 71.677120 2.507631 -79.858960
v 73.440450 2.510418 -78.434730
v 75.203790 2.513205 -77.010510
v 76.967120 2.515993 -75.586290
v 78.730460 2.518780 -74.162060
v 80.493800 2.521566 -72.737840
v 82.257130 2.524353 -71.313610
v 84.020470 2.527140 -69.889390
v 69.210880 2.512503 -83.940850
v 70.882840 2.514666 -82.410390
v 72.554810 2.516827 -80.879940
v 74.226780 2.518990 -79.349460
v 75.898750 2.521151 -77.819020
v 77.570720 2.523314 -76.288560
v 79.242680 2.525475 -74.758100
v 80.914660 2.527637 -73.227650
v 82.586620 2.529799 -71.697190
v 84.258590 2.531961 -70.166730
v 70.372750 2.523127 -85.130200
v 71.941360 2.524529 -83.493970
v 73.509970 2.525932 -81.857730
v 75.078580 2.527334 -80.221500
v 76.647190 2.528736 -78.585270
v 78.215810 2.530140 -76.949050
v 79.784410 2.531542 -75.312830
v 81.353020 2.532944 -73.676600
v 82.921630 2.534348 -72.040370
v 84.490240 2.535749 -70.404140
v 71.635040 2.532776 -86.260730
v 73.088790 2.533533 -84.521660
v 74.542540 2.534290 -82.782570
v 75.996280 2.535048 -81.043500
v 77.450040 2.535805 -79.304420
v 78.903790 2.536564 -77.565350
v 80.357540 2.537321 -75.826270
v 81.811280 2.538078 -74.087190
v 83.265030 2.538836 -72.348110
v 84.718780 2.539593 -70.609030
v 72.970950 2.541389 -87.301570
v 74.301580 2.541601 -85.466580
v 75.632220 2.541811 -83.631580
v 76.962850 2.542023 -81.796590
v 78.293490 2.542234 -79.961600
v 79.624110 2.542444 -78.126610
v 80.954750 2.542656 -76.291620
v 82.285390 2.542868 -74.456630
v 83.616020 2.543077 -72.621640
v 84.946660 2.543289 -70.786640
v 74.397470 2.548815 -88.261510
v 75.596280 2.548635 -86.337810
v 76.795090 2.548454 -84.414120
v 77.993900 2.548275 -82.490410
v 79.192700 2.548096 -80.566700
v 80.391510 2.547916 -78.643000
v 81.590320 2.547737 -76.719290
v 82.789120 2.547558 -74.795590
v 83.987930 2.547377 -72.871890
v 85.186740 2.547197 -70.948180
v 75.854490 2.555944 -89.101890
v 76.919620 2.555288 -87.101070
v 77.984730 2.554632 -85.100240
v 79.049850 2.553974 -83.099420
v 80.114970 2.553318 -81.098590
v 81.180100 2.552662 -79.097770
v 82.245220 2.552006 -77.096950
v 83.310340 2.551348 -75.096120
v 84.375460 2.550692 -73.095300
v 85.440580 2.550035 -71.094470
v 77.371510 2.561932 -89.844890
v 78.299730 2.560934 -87.776990
v 79.227960 2.559938 -85.709100
v 80.156190 2.558943 -83.641210
v 81.084410 2.557945 -81.573330
v 82.012650 2.556950 -79.505420
v 82.940870 2.555952 -77.437540
v 83.869100 2.554956 -75.369650
v 84.797330 2.553961 -73.301760
v 85.725560 2.552963 -71.233870
v 78.890790 2.566513 -90.469180
v 79.685390 2.565344 -88.346350
v 80.479980 2.564177 -86.223520
v 81.274570 2.563009 -84.100700
v 82.069150 2.561840 -81.977870
v 82.863750 2.560673 -79.855030
v 83.658340 2.559504 -77.732210
v 84.452930 2.558336 -75.609380
v 85.247520 2.557169 -73.486550
v 86.042110 2.556000 -71.363720
v 80.415560 2.569813 -90.987620
v 81.080440 2.568630 -88.820660
v 81.745330 2.567446 -86.653690
v 82.410210 2.566263 -84.486750
v 83.075100 2.565079 -82.319790
v 83.739980 2.563896 -80.152820
v 84.404870 2.562712 -77.985870
v 85.069750 2.561529 -75.818910
v 85.734630 2.560345 -73.651950
v 86.399520 2.559162 -71.485000
v 81.960190 2.572083 -91.412850
v 82.498950 2.570999 -89.211140
v 83.037720 2.569916 -87.009440
v 83.576480 2.568830 -84.807720
v 84.115250 2.567747 -82.606030
v 84.654010 2.566664 -80.404300
v 85.192780 2.565580 -78.202610
v 85.731540 2.564495 -76.000900
v 86.270310 2.563412 -73.799190
v 86.809070 2.562328 -71.597490
v 83.427800 2.574177 -91.731730
v 83.852190 2.573092 -89.505150
v 84.276580 2.572008 -87.278560
v 84.700970 2.570923 -85.051980
v 85.125360 2.569838 -82.825400
v 85.549750 2.568754 -80.598810
v 85.974140 2.567669 -78.372230
v 86.398530 2.566584 -76.145650
v 86.822920 2.565500 -73.919070
v 87.247310 2.564415 -71.692480
v 84.923080 2.575304 -91.978220
v 85.236800 2.574339 -89.733360
v 85.550510 2.573372 -87.488520
v 85.864230 2.572405 -85.243660
v 86.177930 2.571438 -82.998800
v 86.491650 2.570473 -80.753960
v 86.805360 2.569506 -78.509100
v 87.119080 2.568539 -76.264250
v 87.432790 2.567572 -74.019400
v 87.746510 2.566607 -71.774540
v 86.365740 2.575558 -92.146610
v 86.578490 2.574793 -89.889960
v 86.791240 2.574030 -87.633290
v 87.004000 2.573267 -85.376640
v 87.216750 2.572502 -83.119970
v 87.429500 2.571739 -80.863320
v 87.642260 2.570974 -78.606650
v 87.855010 2.570211 -76.350000
v 88.067760 2.569448 -74.093340
v 88.280520 2.568684 -71.836680
v 87.759570 2.575079 -92.249170
v 87.880310 2.574583 -89.985730
v 88.001050 2.574087 -87.722270
v 88.121790 2.573591 -85.458820
v 88.242520 2.573095 -83.195380
v 88.363270 2.572599 -80.931920
v 88.484000 2.572104 -78.668480
v 88.604740 2.571608 -76.405030
v 88.725480 2.571112 -74.141580
v 88.846220 2.570616 -71.878140
v 89.173260 2.573879 -92.296850
v 89.206220 2.573727 -90.030430
v 89.239180 2.573574 -87.764000
v 89.272150 2.573421 -85.497580
v 89.305110 2.573269 -83.231150
v 89.338070 2.573116 -80.964730
v 89.371040 2.572964 -78.698300
v 89.404010 2.572811 -76.431870
v 89.436970 2.572659 -74.165440
v 89.469930 2.572506 -71.899020
v 90.596920 2.573803 -92.290730
v 90.543730 2.573662 -90.024700
v 90.490550 2.573523 -87.758640
v 90.437360 2.573381 -85.492610
v 90.384170 2.573242 -83.226570
v 90.330980 2.573101 -80.960520
v 90.277790 2.572962 -78.694480
v 90.224600 2.572821 -76.428440
v 90.171420 2.572681 -74.162390
v 90.118230 2.572540 -71.896350
v 92.005740 2.574358 -92.230020
v 91.863200 2.574026 -89.967840
v 91.720690 2.573696 -87.705670
v 91.578160 2.573364 -85.443470
v 91.435640 2.573034 -83.181300
v 91.293120 2.572702 -80.919120
v 91.150600 2.572372 -78.656940
v 91.008070 2.572041 -76.394750
v 90.865550 2.571711 -74.132580
v 90.723020 2.571379 -71.870390
v 93.398330 2.574415 -92.113990
v 93.163890 2.573946 -89.859490
v 92.929470 2.573475 -87.604970
v 92.695040 2.573006 -85.350460
v 92.460600 2.572535 -83.095950
v 92.226180 2.572065 -80.841440
v 91.991740 2.571594 -78.586940
v 91.757320 2.571125 -76.332420
v 91.522890 2.570654 -74.077900
v 91.288450 2.570185 -71.823390
v 94.837480 2.573967 -91.932560
v 94.504470 2.573402 -89.690500
v 94.171470 2.572838 -87.448420
v 93.838470 2.572273 -85.206350
v 93.505460 2.571709 -82.964270
v 93.172470 2.571144 -80.722210
v 92.839460 2.570580 -78.480130
v 92.506460 2.570015 -76.238060
v 92.173460 2.569450 -73.995990
v 91.840450 2.568886 -71.753910
v 96.289630 2.572945 -91.682760
v 95.853700 2.572346 -89.458410
v 95.417770 2.571745 -87.234060
v 94.981840 2.571144 -85.009710
v 94.545910 2.570543 -82.785360
v 94.109990 2.569944 -80.561000
v 93.674060 2.569344 -78.336650
v 93.238130 2.568743 -76.112300
v 92.802200 2.568142 -73.887950
v 92.366270 2.567543 -71.663600
v 97.717360 2.571333 -91.368000
v 97.177140 2.570765 -89.166660
v 96.636920 2.570196 -86.965310
v 96.096690 2.569630 -84.763950
v 95.556470 2.569061 -82.562610
v 95.016240 2.568493 -80.361260
v 94.476010 2.567924 -78.159920
v 93.935790 2.567358 -75.958560
v 93.395570 2.566790 -73.757220
v 92.855350 2.566221 -71.555870
v 99.187740 2.569672 -90.967800
v 98.537260 2.569065 -88.796460
v 97.886800 2.568459 -86.625130
v 97.236320 2.567852 -84.453800
v 96.585850 2.567245 -82.282480
v 95.935380 2.566639 -80.111150
v 95.284900 2.566032 -77.939830
v 94.634430 2.565426 -75.768490
v 93.983960 2.564819 -73.597170
v 93.333480 2.564213 -71.425840
v 100.633400 2.567442 -90.494000
v 99.872170 2.566854 -88.358970
v 99.110930 2.566267 -86.223960
v 98.349690 2.565680 -84.088940
v 97.588450 2.565092 -81.953930
v 96.827200 2.564505 -79.818920
v 96.065960 2.563917 -77.683900
v 95.304720 2.563330 -75.548880
v 94.543480 2.562742 -73.413870
v 93.782240 2.562155 -71.278850
v 102.056500 2.564571 -89.944220
v 101.184400 2.564075 -87.852040
v 100.312300 2.563580 -85.759850
v 99.440260 2.563084 -83.667670
v 98.568160 2.562588 -81.575490
v 97.696080 2.562092 -79.483300
v 96.823970 2.561596 -77.391120
v 95.951890 2.561100 -75.298930
v 95.079800 2.560604 -73.206750
v 94.207700 2.560108 -71.114570
v 103.475800 2.561028 -89.307110
v 102.491900 2.560692 -87.265110
v 101.508000 2.560354 -85.223120
v 100.524100 2.560019 -83.181130
v 99.540240 2.559681 -81.139140
v 98.556340 2.559345 -79.097150
v 97.572440 2.559008 -77.055150
v 96.588550 2.558672 -75.013160
v 95.604640 2.558334 -72.971180
v 94.620750 2.557999 -70.929180
v 104.847000 2.556839 -88.600320
v 103.754400 2.556742 -86.614330
v 102.661900 2.556644 -84.628350
v 101.569400 2.556545 -82.642360
v 100.476800 2.556448 -80.656360
v 99.384320 2.556349 -78.670370
v 98.291790 2.556252 -76.684380
v 97.199260 2.556152 -74.698390
v 96.106730 2.556055 -72.712400
v 95.014200 2.555958 -70.726410
v 106.187000 2.552505 -87.814960
v 104.988300 2.552603 -85.891200
v 103.789600 2.552700 -83.967430
v 102.590900 2.552799 -82.043680
v 101.392200 2.552896 -80.119910
v 100.193500 2.552996 -78.196140
v 98.994770 2.553093 -76.272380
v 97.796050 2.553192 -74.348620
v 96.597340 2.553289 -72.424860
v 95.398620 2.553387 -70.501090
v 107.477100 2.547756 -86.962010
v 106.176800 2.548077 -85.105460
v 104.876400 2.548395 -83.248910
v 103.576000 2.548716 -81.392360
v 102.275600 2.549036 -79.535800
v 100.975300 2.549356 -77.679240
v 99.674880 2.549677 -75.822690
v 98.374500 2.549997 -73.966130
v 97.074130 2.550316 -72.109580
v 95.773750 2.550636 -70.253020
v 108.709800 2.542498 -86.049160
v 107.313300 2.543091 -84.263740
v 105.916900 2.543686 -82.478320
v 104.520400 2.544281 -80.692910
v 103.124000 2.544874 -78.907490
v 101.727500 2.545469 -77.122070
v 100.331100 2.546062 -75.336650
v 98.934640 2.546658 -73.551240
v 97.538190 2.547253 -71.765820
v 96.141750 2.547846 -69.980400
v 109.885400 2.536800 -85.079660
v 108.398800 2.537704 -83.368570
v 106.912200 2.538610 -81.657480
v 105.425600 2.539515 -79.946390
v 103.939000 2.540421 -78.235300
v 102.452400 2.541325 -76.524200
v 100.965900 2.542231 -74.813110
v 99.479260 2.543135 -73.102020
v 97.992680 2.544041 -71.390930
v 96.506090 2.544945 -69.679840
v 110.999200 2.530649 -84.061850
v 109.429000 2.531910 -82.427130
v 107.858800 2.533173 -80.792410
v 106.288700 2.534433 -79.157710
v 104.718500 2.535694 -77.522990
v 103.148300 2.536957 -75.888280
v 101.578100 2.538218 -74.253560
v 100.007900 2.539478 -72.618850
v 98.437710 2.540741 -70.984140
v 96.867520 2.542002 -69.349430
v 112.044000 2.524570 -83.008810
v 110.397400 2.526127 -81.451090
v 108.750800 2.527683 -79.893360
v 107.104200 2.529240 -78.335640
v 105.457600 2.530796 -76.777920
v 103.811100 2.532352 -75.220190
v 102.164500 2.533909 -73.662470
v 100.517900 2.535465 -72.104740
v 98.871280 2.537022 -70.547020
v 97.224690 2.538578 -68.989300
v 113.027600 2.518263 -81.919840
v 111.311200 2.520117 -80.439370
v 109.594800 2.521971 -78.958890
v 107.878500 2.523827 -77.478410
v 106.162100 2.525681 -75.997930
v 104.445700 2.527534 -74.517460
v 102.729300 2.529388 -73.036990
v 101.012900 2.531244 -71.556510
v 99.296550 2.533098 -70.076030
v 97.580170 2.534952 -68.595560
v 113.946900 2.511734 -80.805470
v 112.167400 2.513895 -79.401390
v 110.388000 2.516058 -77.997320
v 108.608600 2.518219 -76.593250
v 106.829200 2.520380 -75.189170
v 105.049700 2.522543 -73.785100
v 103.270300 2.524704 -72.381030
v 101.490900 2.526865 -70.976950
v 99.711470 2.529028 -69.572880
v 97.932040 2.531189 -68.168810
v 114.800700 2.505085 -79.675830
v 112.964900 2.507551 -78.346380
v 111.129100 2.510017 -77.016920
v 109.293200 2.512484 -75.687460
v 107.457400 2.514950 -74.358000
v 105.621500 2.517414 -73.028550
v 103.785700 2.519880 -71.699090
v 101.949800 2.522346 -70.369630
v 100.114000 2.524813 -69.040180
v 98.278170 2.527279 -67.710720
v 115.602100 2.498215 -78.521810
v 113.715400 2.500994 -77.265570
v 111.828700 2.503771 -76.009340
v 109.942000 2.506550 -74.753110
v 108.055300 2.509329 -73.496870
v 106.168600 2.512106 -72.240630
v 104.281900 2.514885 -70.984400
v 102.395200 2.517664 -69.728160
v 100.508500 2.520441 -68.471930
v 98.621770 2.523220 -67.215700
v 116.338500 2.491533 -77.370240
v 114.407000 2.494570 -76.184030
v 112.475500 2.497606 -74.997820
v 110.544000 2.500641 -73.811610
v 108.612500 2.503677 -72.625400
v 106.681000 2.506714 -71.439190
v 104.749500 2.509750 -70.252980
v 102.818000 2.512785 -69.066770
v 100.886500 2.515821 -67.880560
v 98.955040 2.518858 -66.694350
v 117.026400 2.484783 -76.204890
v 115.054900 2.488062 -75.086460
v 113.083400 2.491341 -73.968040
v 111.111800 2.494619 -72.849620
v 109.140300 2.497898 -71.731190
v 107.168800 2.501175 -70.612770
v 105.197300 2.504454 -69.494350
v 103.225800 2.507732 -68.375920
v 101.254200 2.511011 -67.257500
v 99.282710 2.514290 -66.139080
v 117.666400 2.477978 -75.032100
v 115.659300 2.481487 -73.978810
v 113.652200 2.484999 -72.925530
v 111.645100 2.488510 -71.872250
v 109.638000 2.492022 -70.818960
v 107.631000 2.495531 -69.765680
v 105.623900 2.499043 -68.712390
v 103.616800 2.502554 -67.659110
v 101.609700 2.506065 -66.605830
v 99.602650 2.509575 -65.552540
v 118.254300 2.471237 -73.868690
v 116.216000 2.474962 -72.877040
v 114.177800 2.478685 -71.885400
v 112.139600 2.482410 -70.893750
v 110.101300 2.486135 -69.902110
v 108.063100 2.489859 -68.910450
v 106.024900 2.493584 -67.918810
v 103.986600 2.497309 -66.927160
v 101.948400 2.501032 -65.935520
v 99.910160 2.504757 -64.943870
v 118.805000 2.464415 -72.693460
v 116.739000 2.468344 -71.761150
v 114.672900 2.472273 -70.828830
v 112.606900 2.476204 -69.896520
v 110.540800 2.480133 -68.964210
v 108.474800 2.484062 -68.031900
v 106.408700 2.487991 -67.099590
v 104.342700 2.491922 -66.167270
v 102.276600 2.495852 -65.234960
v 100.210600 2.499781 -64.302650
v 119.312200 2.457712 -71.527350
v 117.221800 2.461817 -70.651100
v 115.131300 2.465923 -69.774860
v 113.040900 2.470030 -68.898610
v 110.950500 2.474136 -68.022350
v 108.860000 2.478241 -67.146100
v 106.769600 2.482347 -66.269850
v 104.679100 2.486454 -65.393600
v 102.588700 2.490561 -64.517360
v 100.498300 2.494665 -63.641110
v 119.782400 2.451080 -70.364300
v 117.670400 2.455339 -69.541280
v 115.558400 2.459599 -68.718270
v 113.446500 2.463856 -67.895260
v 111.334500 2.468115 -67.072240
v 109.222500 2.472372 -66.249220
v 107.110500 2.476631 -65.426200
v 104.998600 2.480888 -64.603190
v 102.886600 2.485147 -63.780170
v 100.774700 2.489407 -62.957150
v 120.222400 2.444412 -69.193310
v 118.091300 2.448811 -68.421300
v 115.960100 2.453211 -67.649280
v 113.829000 2.457609 -66.877270
v 111.697800 2.462009 -66.105260
v 109.566700 2.466408 -65.333260
v 107.435600 2.470808 -64.561250
v 105.304400 2.475206 -63.789240
v 103.173300 2.479607 -63.017230
v 101.042100 2.484005 -62.245220
v 120.624900 2.437885 -68.041820
v 118.477100 2.442408 -67.317540
v 116.329300 2.446928 -66.593260
v 114.181400 2.451450 -65.868980
v 112.033600 2.455973 -65.144700
v 109.885800 2.460493 -64.420430
v 107.737900 2.465015 -63.696140
v 105.590100 2.469538 -62.971860
v 103.442300 2.474058 -62.247590
v 101.294400 2.478580 -61.523310
v 121.000600 2.431362 -66.887370
v 118.837900 2.435995 -66.208650
v 116.675200 2.440626 -65.529930
v 114.512600 2.445257 -64.851200
v 112.349900 2.449890 -64.172490
v 110.187300 2.454521 -63.493760
v 108.024600 2.459154 -62.815040
v 105.861900 2.463785 -62.136310
v 103.699300 2.468416 -61.457600
v 101.536600 2.473049 -60.778870
v 121.350900 2.424849 -65.730290
v 119.175100 2.429579 -65.095020
v 116.999200 2.434307 -64.459770
v 114.823400 2.439037 -63.824510
v 112.647600 2.443768 -63.189250
v 110.471800 2.448498 -62.553990
v 108.295900 2.453228 -61.918730
v 106.120100 2.457958 -61.283470
v 103.944300 2.462687 -60.648220
v 101.768500 2.467417 -60.012950
v 121.671600 2.418505 -64.591960
v 119.484300 2.423311 -63.997410
v 117.297000 2.428116 -63.402880
v 115.109700 2.432922 -62.808330
v 112.922400 2.437727 -62.213800
v 110.735100 2.442533 -61.619260
v 108.547800 2.447338 -61.024720
v 106.360500 2.452145 -60.430180
v 104.173200 2.456949 -59.835640
v 101.985900 2.461756 -59.241100
v 121.971100 2.412169 -63.449740
v 119.773600 2.417038 -62.894130
v 117.576100 2.421909 -62.338520
v 115.378600 2.426779 -61.782910
v 113.181100 2.431648 -61.227290
v 110.983600 2.436520 -60.671690
v 108.786100 2.441389 -60.116080
v 106.588600 2.446259 -59.560470
v 104.391100 2.451130 -59.004860
v 102.193500 2.455999 -58.449250
v 122.249100 2.405872 -62.309520
v 120.042600 2.410797 -61.790950
v 117.836100 2.415720 -61.272370
v 115.629500 2.420645 -60.753800
v 113.423000 2.425568 -60.235220
v 111.216400 2.430492 -59.716650
v 109.009900 2.435415 -59.198070
v 106.803300 2.440340 -58.679500
v 104.596800 2.445263 -58.160930
v 102.390300 2.450188 -57.642360
v 122.504500 2.399689 -61.182820
v 120.290000 2.404655 -60.699140
v 118.075600 2.409620 -60.215470
v 115.861100 2.414585 -59.731800
v 113.646700 2.419550 -59.248120
v 111.432200 2.424517 -58.764440
v 109.217800 2.429482 -58.280760
v 107.003300 2.434446 -57.797090
v 104.788800 2.439411 -57.313420
v 102.574400 2.444378 -56.829730
v 122.742100 2.393530 -60.054040
v 120.520600 2.398525 -59.603720
v 118.299100 2.403522 -59.153400
v 116.077600 2.408520 -58.703080
v 113.856200 2.413517 -58.252760
v 111.634700 2.418514 -57.802440
v 109.413200 2.423512 -57.352130
v 107.191700 2.428509 -56.901800
v 104.970200 2.433506 -56.451480
v 102.748800 2.438501 -56.001170
v 122.961700 2.387432 -58.929210
v 120.734000 2.392450 -58.510620
v 118.506300 2.397469 -58.092030
v 116.278600 2.402487 -57.673440
v 114.051000 2.407505 -57.254840
v 111.823300 2.412521 -56.836250
v 109.595600 2.417540 -56.417660
v 107.367900 2.422558 -55.999060
v 105.140300 2.427576 -55.580470
v 102.912600 2.432594 -55.161880
v 123.163300 2.381435 -57.814250
v 120.930200 2.386463 -57.425700
v 118.697100 2.391491 -57.037140
v 116.464000 2.396519 -56.648580
v 114.230900 2.401546 -56.260030
v 111.997800 2.406574 -55.871460
v 109.764700 2.411602 -55.482900
v 107.531600 2.416630 -55.094350
v 105.298500 2.421658 -54.705790
v 103.065400 2.426685 -54.317230
v 123.350000 2.375481 -56.698860
v 121.112100 2.380508 -56.339000
v 118.874200 2.385536 -55.979160
v 116.636200 2.390566 -55.619310
v 114.398300 2.395594 -55.259460
v 112.160400 2.400621 -54.899610
v 109.922500 2.405649 -54.539760
v 107.684600 2.410679 -54.179920
v 105.446700 2.415707 -53.820070
v 103.208800 2.420734 -53.460210
v 123.521600 2.369591 -55.587720
v 121.279500 2.374611 -55.255200
v 119.037400 2.379631 -54.922690
v 116.795200 2.384653 -54.590190
v 114.553100 2.389673 -54.257680
v 112.310900 2.394693 -53.925170
v 110.068800 2.399714 -53.592660
v 107.826700 2.404736 -53.260150
v 105.584500 2.409756 -52.927640
v 103.342400 2.414776 -52.595130
v 123.678700 2.363781 -54.483890
v 121.432900 2.368786 -54.177360
v 119.187100 2.373793 -53.870830
v 116.941200 2.378798 -53.564300
v 114.695400 2.383802 -53.257770
v 112.449600 2.388807 -52.951230
v 110.203700 2.393812 -52.644700
v 107.957900 2.398817 -52.338170
v 105.712000 2.403824 -52.031640
v 103.466200 2.408829 -51.725110
v 123.823000 2.358027 -53.381230
v 121.573900 2.363008 -53.099530
v 119.324800 2.367990 -52.817830
v 117.075700 2.372972 -52.536130
v 114.826600 2.377954 -52.254430
v 112.577500 2.382936 -51.972720
v 110.328500 2.387918 -51.691020
v 108.079400 2.392900 -51.409320
v 105.830300 2.397882 -51.127620
v 103.581200 2.402864 -50.845920
v 123.954700 2.352343 -52.282280
v 121.702800 2.357292 -52.024270
v 119.450900 2.362244 -51.766260
v 117.198900 2.367195 -51.508240
v 114.947000 2.372145 -51.250230
v 112.695100 2.377096 -50.992220
v 110.443100 2.382046 -50.734210
v 108.191200 2.386997 -50.476190
v 105.939300 2.391949 -50.218180
v 103.687300 2.396898 -49.960170
v 124.074400 2.346739 -51.188670
v 121.820000 2.351650 -50.953230
v 119.565600 2.356564 -50.717790
v 117.311200 2.361475 -50.482350
v 115.056800 2.366386 -50.246910
v 112.802400 2.371300 -50.011470
v 110.548000 2.376211 -49.776020
v 108.293600 2.381123 -49.540590
v 106.039200 2.386036 -49.305150
v 103.784800 2.390947 -49.069700
v 124.183000 2.341204 -50.097850
v 121.926500 2.346071 -49.883970
v 119.669900 2.350937 -49.670100
v 117.413400 2.355803 -49.456220
v 115.156800 2.360668 -49.242350
v 112.900300 2.365536 -49.028480
v 110.643700 2.370401 -48.814610
v 108.387200 2.375267 -48.600730
v 106.130600 2.380133 -48.386860
v 103.874100 2.385000 -48.172980
v 124.281100 2.335737 -49.010060
v 122.022700 2.340551 -48.816800
v 119.764200 2.345366 -48.623520
v 117.505800 2.350180 -48.430250
v 115.247400 2.354994 -48.236980
v 112.989000 2.359808 -48.043710
v 110.730600 2.364622 -47.850430
v 108.472200 2.369436 -47.657170
v 106.213800 2.374250 -47.463890
v 103.955400 2.379065 -47.270620
v 124.369000 2.330343 -47.925680
v 122.109000 2.335100 -47.752090
v 119.849000 2.339857 -47.578500
v 117.589000 2.344612 -47.404910
v 115.329000 2.349369 -47.231320
v 113.069000 2.354126 -47.057730
v 110.809000 2.358883 -46.884140
v 108.549000 2.363638 -46.710550
v 106.289000 2.368395 -46.536960
v 104.029000 2.373152 -46.363370
v 124.447400 2.325035 -46.845890
v 122.186100 2.329727 -46.691070
v 119.924700 2.334419 -46.536260
v 117.663300 2.339111 -46.381450
v 115.402000 2.343803 -46.226640
v 113.140600 2.348495 -46.071820
v 110.879200 2.353188 -45.917020
v 108.617900 2.357880 -45.762200
v 106.356500 2.362572 -45.607390
v 104.095100 2.367264 -45.452580
v 124.516900 2.319799 -45.768340
v 122.254300 2.324421 -45.631480
v 119.991800 2.329042 -45.494630
v 117.729300 2.333664 -45.357770
v 115.466800 2.338285 -45.220920
v 113.204200 2.342905 -45.084060
v 110.941700 2.347527 -44.947200
v 108.679200 2.352148 -44.810350
v 106.416700 2.356770 -44.673490
v 104.154100 2.361391 -44.536640
v 124.577800 2.314640 -44.692410
v 122.314300 2.319183 -44.572720
v 120.050800 2.323729 -44.453040
v 117.787300 2.328274 -44.333370
v 115.523800 2.332819 -44.213680
v 113.260300 2.337362 -44.094010
v 110.996800 2.341908 -43.974330
v 108.733300 2.346453 -43.854650
v 106.469800 2.350998 -43.734970
v 104.206300 2.355541 -43.615290
v 124.630400 2.309582 -43.622990
v 122.366100 2.314045 -43.519660
v 120.101800 2.318506 -43.416340
v 117.837500 2.322968 -43.313000
v 115.573200 2.327429 -43.209680
v 113.308900 2.331892 -43.106350
v 111.044600 2.336353 -43.003020
v 108.780300 2.340815 -42.899690
v 106.516000 2.345276 -42.796360
v 104.251700 2.349739 -42.693030
v 124.675500 2.304600 -42.554790
v 122.410500 2.308973 -42.467090
v 120.145500 2.313347 -42.379400
v 117.880600 2.317720 -42.291710
v 115.615600 2.322094 -42.204020
v 113.350600 2.326469 -42.116330
v 111.085700 2.330843 -42.028630
v 108.820700 2.335217 -41.940940
v 106.555700 2.339590 -41.853250
v 104.290800 2.343964 -41.765560
v 124.713200 2.299690 -41.486810
v 122.447800 2.303970 -41.414070
v 120.182300 2.308250 -41.341330
v 117.916800 2.312532 -41.268590
v 115.651300 2.316813 -41.195850
v 113.385800 2.321093 -41.123110
v 111.120300 2.325373 -41.050370
v 108.854800 2.329655 -40.977620
v 106.589300 2.333935 -40.904880
v 104.323800 2.338215 -40.832150
v 124.743900 2.294905 -40.427610
v 122.478000 2.299088 -40.369040
v 120.212100 2.303268 -40.310480
v 117.946200 2.307449 -40.251910
v 115.680300 2.311632 -40.193340
v 113.414400 2.315813 -40.134770
v 111.148500 2.319996 -40.076200
v 108.882600 2.324177 -40.017630
v 106.616700 2.328358 -39.959070
v 104.350800 2.332541 -39.900500
v 124.768100 2.290199 -39.367610
v 122.501900 2.294277 -39.322580
v 120.235700 2.298353 -39.277540
v 117.969500 2.302429 -39.232510
v 115.703200 2.306505 -39.187480
v 113.437000 2.310583 -39.142460
v 111.170800 2.314659 -39.097430
v 108.904600 2.318735 -39.052400
v 106.638400 2.322811 -39.007360
v 104.372200 2.326889 -38.962330
v 124.786100 2.285587 -38.307770
v 122.519700 2.289551 -38.275640
v 120.253300 2.293516 -38.243510
v 117.986800 2.297482 -38.211380
v 115.720400 2.301447 -38.179250
v 113.453900 2.305410 -38.147120
v 111.187500 2.309376 -38.114990
v 108.921100 2.313341 -38.082860
v 106.654600 2.317307 -38.050730
v 104.388200 2.321270 -38.018600
v 124.798100 2.281122 -37.259320
v 122.531600 2.284969 -37.239330
v 120.265000 2.288818 -37.219340
v 117.998400 2.292665 -37.199340
v 115.731800 2.296513 -37.179340
v 113.465300 2.300362 -37.159360
v 111.198700 2.304209 -37.139360
v 108.932100 2.308056 -37.119360
v 106.665500 2.311905 -37.099370
v 104.399000 2.315752 -37.079380
v 124.804700 2.276728 -36.205760
v 122.538100 2.280453 -36.197340
v 120.271400 2.284178 -36.188910
v 118.004800 2.287903 -36.180490
v 115.738100 2.291628 -36.172060
v 113.471500 2.295355 -36.163640
v 111.204800 2.299080 -36.155200
v 108.938200 2.302805 -36.146780
v 106.671500 2.306530 -36.138350
v 104.404900 2.310255 -36.129930
v 124.806100 2.272451 -35.155180
v 122.539400 2.276049 -35.157650
v 120.272700 2.279646 -35.160130
v 118.006100 2.283243 -35.162610
v 115.739400 2.286840 -35.165080
v 113.472700 2.290438 -35.167560
v 111.206100 2.294035 -35.170040
v 108.939400 2.297632 -35.172510
v 106.672800 2.301229 -35.174990
v 104.406100 2.304827 -35.177460
v 124.802600 2.268351 -34.119200
v 122.535900 2.271814 -34.131800
v 120.269300 2.275278 -34.144390
v 118.002700 2.278740 -34.156990
v 115.736100 2.282204 -34.169590
v 113.469400 2.285667 -34.182170
v 111.202800 2.289131 -34.194770
v 108.936200 2.292593 -34.207370
v 106.669600 2.296057 -34.219960
v 104.402900 2.299520 -34.232560
v 124.794500 2.264320 -33.069580
v 122.527900 2.267641 -33.091770
v 120.261400 2.270962 -33.113950
v 117.994800 2.274282 -33.136150
v 115.728300 2.277603 -33.158330
v 113.461700 2.280922 -33.180520
v 111.195200 2.284243 -33.202710
v 108.928600 2.287563 -33.224900
v 106.662000 2.290884 -33.247090
v 104.395500 2.294205 -33.269270
v 124.782300 2.260468 -32.030940
v 122.515800 2.263639 -32.061940
v 120.249400 2.266809 -32.092930
v 117.982900 2.269981 -32.123940
v 115.716500 2.273153 -32.154940
v 113.450000 2.276323 -32.185940
v 111.183600 2.279495 -32.216940
v 108.917100 2.282667 -32.247950
v 106.650700 2.285837 -32.278950
v 104.384200 2.289009 -32.309940
v 124.766400 2.256807 -31.006130
v 122.500100 2.259823 -31.045140
v 120.233800 2.262840 -31.084130
v 117.967400 2.265856 -31.123120
v 115.701100 2.268871 -31.162120
v 113.434800 2.271889 -31.201120
v 111.168400 2.274904 -31.240110
v 108.902100 2.277920 -31.279110
v 106.635800 2.280937 -31.318100
v 104.369500 2.283953 -31.357100
v 124.746700 2.253223 -29.962040
v 122.480500 2.256075 -30.008420
v 120.214300 2.258926 -30.054790
v 117.948100 2.261780 -30.101170
v 115.682000 2.264631 -30.147540
v 113.415800 2.267485 -30.193920
v 111.149600 2.270336 -30.240300
v 108.883400 2.273190 -30.286670
v 106.617200 2.276041 -30.333050
v 104.351000 2.278893 -30.379430
v 124.724300 2.249887 -28.940840
v 122.458300 2.252569 -28.993620
v 120.192200 2.255251 -29.046400
v 117.926200 2.257935 -29.099180
v 115.660100 2.260616 -29.151960
v 113.394100 2.263298 -29.204740
v 111.128000 2.265980 -29.257520
v 108.862000 2.268663 -29.310300
v 106.595900 2.271345 -29.363080
v 104.329900 2.274027 -29.415860
v 124.699200 2.246725 -27.915730
v 122.433300 2.249228 -27.974040
v 120.167400 2.251728 -28.032360
v 117.901400 2.254230 -28.090680
v 115.635500 2.256731 -28.148990
v 113.369600 2.259233 -28.207310
v 111.103700 2.261734 -28.265630
v 108.837800 2.264236 -28.323940
v 106.571900 2.266737 -28.382260
v 104.305900 2.269239 -28.440570
v 124.671800 2.243773 -26.892160
v 122.406000 2.246082 -26.954990
v 120.140200 2.248394 -27.017830
v 117.874400 2.250704 -27.080660
v 115.608600 2.253014 -27.143490
v 113.342800 2.255325 -27.206330
v 111.077000 2.257635 -27.269170
v 108.811200 2.259945 -27.331990
v 106.545400 2.262257 -27.394830
v 104.279600 2.264566 -27.457660
v 124.643300 2.241117 -25.894740
v 122.377600 2.243229 -25.960860
v 120.111900 2.245342 -26.026980
v 117.846200 2.247456 -26.093100
v 115.580500 2.249567 -26.159220
v 113.314800 2.251680 -26.225330
v 111.049100 2.253792 -26.291450
v 108.783400 2.255905 -26.357570
v 106.517700 2.258018 -26.423690
v 104.252000 2.260130 -26.489810
v 124.612900 2.238640 -24.869350
v 122.347300 2.240536 -24.937480
v 120.081600 2.242434 -25.005620
v 117.816000 2.244331 -25.073760
v 115.550300 2.246229 -25.141900
v 113.284700 2.248125 -25.210040
v 111.019100 2.250023 -25.278180
v 108.753400 2.251921 -25.346320
v 106.487800 2.253819 -25.414460
v 104.222100 2.255714 -25.482600
v 124.583100 2.236534 -23.882600
v 122.317400 2.238211 -23.951110
v 120.051800 2.239885 -24.019620
v 117.786200 2.241562 -24.088130
v 115.520600 2.243238 -24.156650
v 113.254900 2.244913 -24.225160
v 110.989300 2.246590 -24.293670
v 108.723700 2.248266 -24.362180
v 106.458000 2.249941 -24.430690
v 104.192400 2.251617 -24.499210
v 124.553000 2.234716 -22.878570
v 122.287300 2.236151 -22.945480
v 120.021600 2.237587 -23.012390
v 117.756000 2.239021 -23.079310
v 115.490300 2.240458 -23.146220
v 113.224600 2.241892 -23.213130
v 110.958900 2.243328 -23.280040
v 108.693200 2.244762 -23.346950
v 106.427600 2.246199 -23.413860
v 104.161900 2.247633 -23.480770
v 124.525000 2.233320 -21.906690
v 122.259200 2.234505 -21.969600
v 119.993400 2.235691 -22.032500
v 117.727700 2.236877 -22.095410
v 115.461900 2.238062 -22.158310
v 113.196100 2.239248 -22.221220
v 110.930300 2.240433 -22.284130
v 108.664500 2.241619 -22.347030
v 106.398700 2.242805 -22.409930
v 104.132900 2.243990 -22.472840
v 124.499400 2.232393 -20.932270
v 122.233400 2.233299 -20.987880
v 119.967500 2.234207 -21.043490
v 117.701500 2.235113 -21.099090
v 115.435500 2.236019 -21.154700
v 113.169500 2.236927 -21.210300
v 110.903500 2.237833 -21.265910
v 108.637500 2.238739 -21.321520
v 106.371500 2.239647 -21.377120
v 104.105600 2.240553 -21.432730
v 124.478600 2.232019 -19.995120
v 122.212400 2.232634 -20.039280
v 119.946100 2.233250 -20.083450
v 117.679900 2.233864 -20.127620
v 115.413700 2.234480 -20.171780
v 113.147400 2.235094 -20.215960
v 110.881200 2.235710 -20.260120
v 108.615000 2.236324 -20.304290
v 106.348700 2.236940 -20.348460
v 104.082500 2.237555 -20.392620
v 124.463900 2.232273 -19.063770
v 122.197300 2.232576 -19.089970
v 119.930800 2.232878 -19.116170
v 117.664300 2.233179 -19.142370
v 115.397800 2.233482 -19.168580
v 113.131300 2.233784 -19.194780
v 110.864800 2.234087 -19.220990
v 108.598300 2.234388 -19.247180
v 106.331700 2.234690 -19.273390
v 104.065200 2.234993 -19.299590
v 124.458500 2.233223 -18.210870
v 122.191900 2.233223 -18.210870
v 119.925200 2.233223 -18.210870
v 117.658500 2.233223 -18.210870
v 115.391900 2.233223 -18.210870
v 113.125200 2.233223 -18.210870
v 110.858500 2.233223 -18.210870
v 108.591900 2.233223 -18.210870
v 106.325200 2.233223 -18.210870
v 104.058500 2.233223 -18.210870

vn 0.020218 0.999709 -0.013148
vn 0.020218 0.999709 -0.013148
vn 0.020218 0.999709 -0.013148
vn 0.020218 0.999709 -0.013148
vn 0.020218 0.999709 -0.013148
vn 0.020218 0.999709 -0.013148
vn 0.020218 0.999709 -0.013148
vn 0.020218 0.999709 -0.013148
vn 0.020218 0.999709 -0.013148
vn 0.020218 0.999709 -0.013148
vn 0.022407 0.999599 -0.017290
vn 0.022407 0.999599 -0.017290
vn 0.022407 0.999599 -0.017290
vn 0.022407 0.999599 -0.017290
vn 0.022407 0.999599 -0.017290
vn 0.022407 0.999599 -0.017290
vn 0.022407 0.999599 -0.017290
vn 0.022407 0.999599 -0.017290
vn 0.022407 0.999599 -0.017290
vn 0.022407 0.999599 -0.017290
vn 0.024595 0.999468 -0.021433
vn 0.024595 0.999468 -0.021433
vn 0.024595 0.999468 -0.021433
vn 0.024595 0.999468 -0.021433
vn 0.024595 0.999468 -0.021433
vn 0.024595 0.999468 -0.021433
vn 0.024595 0.999468 -0.021433
vn 0.024595 0.999468 -0.021433
vn 0.024595 0.999468 -0.021433
vn 0.024595 0.999468 -0.021433
vn 0.026767 0.999315 -0.025543
vn 0.026767 0.999315 -0.025543
vn 0.026767 0.999315 -0.025543
vn 0.026767 0.999315 -0.025543
vn 0.026767 0.999315 -0.025543
vn 0.026767 0.999315 -0.025543
vn 0.026767 0.999315 -0.025543
vn 0.026767 0.999315 -0.025543
vn 0.026767 0.999315 -0.025543
vn 0.026767 0.999315 -0.025543
vn 0.028936 0.999141 -0.029650
vn 0.028936 0.999141 -0.029650
vn 0.028936 0.999141 -0.029650
vn 0.028936 0.999141 -0.029650
vn 0.028936 0.999141 -0.029650
vn 0.028936 0.999141 -0.029650
vn 0.028936 0.999141 -0.029650
vn 0.028936 0.999141 -0.029650
vn 0.028936 0.999141 -0.029650
vn 0.028936 0.999141 -0.029650
vn 0.030899 0.998966 -0.033357
vn 0.030899 0.998966 -0.033357
vn 0.030899 0.998966 -0.033357
vn 0.030899 0.998966 -0.033357
vn 0.030899 0.998966 -0.033357
vn 0.030899 0.998966 -0.033357
vn 0.030899 0.998966 -0.033357
vn 0.030899 0.998966 -0.033357
vn 0.030899 0.998966 -0.033357
vn 0.030899 0.998966 -0.033357
vn 0.032829 0.998776 -0.037001
vn 0.032829 0.998776 -0.037001
vn 0.032829 0.998776 -0.037001
vn 0.032829 0.998776 -0.037001
vn 0.032829 0.998776 -0.037001
vn 0.032829 0.998776 -0.037001
vn 0.032829 0.998776 -0.037001
vn 0.032829 0.998776 -0.037001
vn 0.032829 0.998776 -0.037001
vn 0.032829 0.998776 -0.037001
vn 0.034746 0.998571 -0.040601
vn 0.034746 0.998571 -0.040601
vn 0.034746 0.998571 -0.040601
vn 0.034746 0.998571 -0.040601
vn 0.034746 0.998571 -0.040601
vn 0.034746 0.998571 -0.040601
vn 0.034746 0.998571 -0.040601
vn 0.034746 0.998571 -0.040601
vn 0.034746 0.998571 -0.040601
vn 0.034746 0.998571 -0.040601
vn 0.036661 0.998350 -0.044190
vn 0.036661 0.998350 -0.044190
vn 0.036661 0.998350 -0.044190
vn 0.036661 0.998350 -0.044190
vn 0.036661 0.998350 -0.044190
vn 0.036661 0.998350 -0.044190
vn 0.036661 0.998350 -0.044190
vn 0.036661 0.998350 -0.044190
vn 0.036661 0.998350 -0.044190
vn 0.036661 0.998350 -0.044190
vn 0.038478 0.998132 -0.047466
vn 0.038478 0.998132 -0.047466
vn 0.038478 0.998132 -0.047466
vn 0.038478 0.998132 -0.047466
vn 0.038478 0.998132 -0.047466
vn 0.038478 0.998132 -0.047466
vn 0.038478 0.998132 -0.047466
vn 0.038478 0.998132 -0.047466
vn 0.038478 0.998132 -0.047466
vn 0.038478 0.998132 -0.047466
vn 0.040260 0.997906 -0.050630
vn 0.040260 0.997906 -0.050630
vn 0.040260 0.997906 -0.050630
vn 0.040260 0.997906 -0.050630
vn 0.040260 0.997906 -0.050630
vn 0.040260 0.997906 -0.050630
vn 0.040260 0.997906 -0.050630
vn 0.040260 0.997906 -0.050630
vn 0.040260 0.997906 -0.050630
vn 0.040260 0.997906 -0.050630
vn 0.042039 0.997670 -0.053739
vn 0.042039 0.997670 -0.053739
vn 0.042039 0.997670 -0.053739
vn 0.042039 0.997670 -0.053739
vn 0.042039 0.997670 -0.053739
vn 0.042039 0.997670 -0.053739
vn 0.042039 0.997670 -0.053739
vn 0.042039 0.997670 -0.053739
vn 0.042039 0.997670 -0.053739
vn 0.042039 0.997670 -0.053739
vn 0.043816 0.997422 -0.056822
vn 0.043816 0.997422 -0.056822
vn 0.043816 0.997422 -0.056822
vn 0.043816 0.997422 -0.056822
vn 0.043816 0.997422 -0.056822
vn 0.043816 0.997422 -0.056822
vn 0.043816 0.997422 -0.056822
vn 0.043816 0.997422 -0.056822
vn 0.043816 0.997422 -0.056822
vn 0.043816 0.997422 -0.056822
vn 0.045556 0.997179 -0.059650
vn 0.045556 0.997179 -0.059650
vn 0.045556 0.997179 -0.059650
vn 0.045556 0.997179 -0.059650
vn 0.045556 0.997179 -0.059650
vn 0.045556 0.997179 -0.059650
vn 0.045556 0.997179 -0.059650
vn 0.045556 0.997179 -0.059650
vn 0.045556 0.997179 -0.059650
vn 0.045556 0.997179 -0.059650
vn 0.047275 0.996935 -0.062342
vn 0.047275 0.996935 -0.062342
vn 0.047275 0.996935 -0.062342
vn 0.047275 0.996935 -0.062342
vn 0.047275 0.996935 -0.062342
vn 0.047275 0.996935 -0.062342
vn 0.047275 0.996935 -0.062342
vn 0.047275 0.996935 -0.062342
vn 0.047275 0.996935 -0.062342
vn 0.047275 0.996935 -0.062342
vn 0.049000 0.996684 -0.064959
vn 0.049000 0.996684 -0.064959
vn 0.049000 0.996684 -0.064959
vn 0.049000 0.996684 -0.064959
vn 0.049000 0.996684 -0.064959
vn 0.049000 0.996684 -0.064959
vn 0.049000 0.996684 -0.064959
vn 0.049000 0.996684 -0.064959
vn 0.049000 0.996684 -0.064959
vn 0.049000 0.996684 -0.064959
vn 0.050728 0.996427 -0.067534
vn 0.050728 0.996427 -0.067534
vn 0.050728 0.996427 -0.067534
vn 0.050728 0.996427 -0.067534
vn 0.050728 0.996427 -0.067534
vn 0.050728 0.996427 -0.067534
vn 0.050728 0.996427 -0.067534
vn 0.050728 0.996427 -0.067534
vn 0.050728 0.996427 -0.067534
vn 0.050728 0.996427 -0.067534
vn 0.052449 0.996177 -0.069861
vn 0.052449 0.996177 -0.069861
vn 0.052449 0.996177 -0.069861
vn 0.052449 0.996177 -0.069861
vn 0.052449 0.996177 -0.069861
vn 0.052449 0.996177 -0.069861
vn 0.052449 0.996177 -0.069861
vn 0.052449 0.996177 -0.069861
vn 0.052449 0.996177 -0.069861
vn 0.052449 0.996177 -0.069861
vn 0.054167 0.995929 -0.072055
vn 0.054167 0.995929 -0.072055
vn 0.054167 0.995929 -0.072055
vn 0.054167 0.995929 -0.072055
vn 0.054167 0.995929 -0.072055
vn 0.054167 0.995929 -0.072055
vn 0.054167 0.995929 -0.072055
vn 0.054167 0.995929 -0.072055
vn 0.054167 0.995929 -0.072055
vn 0.054167 0.995929 -0.072055
vn 0.055900 0.995681 -0.074128
vn 0.055900 0.995681 -0.074128
vn 0.055900 0.995681 -0.074128
vn 0.055900 0.995681 -0.074128
vn 0.055900 0.995681 -0.074128
vn 0.055900 0.995681 -0.074128
vn 0.055900 0.995681 -0.074128
vn 0.055900 0.995681 -0.074128
vn 0.055900 0.995681 -0.074128
vn 0.055900 0.995681 -0.074128
vn 0.057639 0.995429 -0.076146
vn 0.057639 0.995429 -0.076146
vn 0.057639 0.995429 -0.076146
vn 0.057639 0.995429 -0.076146
vn 0.057639 0.995429 -0.076146
vn 0.057639 0.995429 -0.076146
vn 0.057639 0.995429 -0.076146
vn 0.057639 0.995429 -0.076146
vn 0.057639 0.995429 -0.076146
vn 0.057639 0.995429 -0.076146
vn 0.059389 0.995194 -0.077855
vn 0.059389 0.995194 -0.077855
vn 0.059389 0.995194 -0.077855
vn 0.059389 0.995194 -0.077855
vn 0.059389 0.995194 -0.077855
vn 0.059389 0.995194 -0.077855
vn 0.059389 0.995194 -0.077855
vn 0.059389 0.995194 -0.077855
vn 0.059389 0.995194 -0.077855
vn 0.059389 0.995194 -0.077855
vn 0.061141 0.994960 -0.079472
vn 0.061141 0.994960 -0.079472
vn 0.061141 0.994960 -0.079472
vn 0.061141 0.994960 -0.079472
vn 0.061141 0.994960 -0.079472
vn 0.061141 0.994960 -0.079472
vn 0.061141 0.994960 -0.079472
vn 0.061141 0.994960 -0.079472
vn 0.061141 0.994960 -0.079472
vn 0.061141 0.994960 -0.079472
vn 0.062912 0.994740 -0.080839
vn 0.062912 0.994740 -0.080839
vn 0.062912 0.994740 -0.080839
vn 0.062912 0.994740 -0.080839
vn 0.062912 0.994740 -0.080839
vn 0.062912 0.994740 -0.080839
vn 0.062912 0.994740 -0.080839
vn 0.062912 0.994740 -0.080839
vn 0.062912 0.994740 -0.080839
vn 0.062912 0.994740 -0.080839
vn 0.064686 0.994518 -0.082152
vn 0.064686 0.994518 -0.082152
vn 0.064686 0.994518 -0.082152
vn 0.064686 0.994518 -0.082152
vn 0.064686 0.994518 -0.082152
vn 0.064686 0.994518 -0.082152
vn 0.064686 0.994518 -0.082152
vn 0.064686 0.994518 -0.082152
vn 0.064686 0.994518 -0.082152
vn 0.064686 0.994518 -0.082152
vn 0.066468 0.994329 -0.083023
vn 0.066468 0.994329 -0.083023
vn 0.066468 0.994329 -0.083023
vn 0.066468 0.994329 -0.083023
vn 0.066468 0.994329 -0.083023
vn 0.066468 0.994329 -0.083023
vn 0.066468 0.994329 -0.083023
vn 0.066468 0.994329 -0.083023
vn 0.066468 0.994329 -0.083023
vn 0.066468 0.994329 -0.083023
vn 0.068244 0.994145 -0.083775
vn 0.068244 0.994145 -0.083775
vn 0.068244 0.994145 -0.083775
vn 0.068244 0.994145 -0.083775
vn 0.068244 0.994145 -0.083775
vn 0.068244 0.994145 -0.083775
vn 0.068244 0.994145 -0.083775
vn 0.068244 0.994145 -0.083775
vn 0.068244 0.994145 -0.083775
vn 0.068244 0.994145 -0.083775
vn 0.070001 0.993989 -0.084181
vn 0.070001 0.993989 -0.084181
vn 0.070001 0.993989 -0.084181
vn 0.070001 0.993989 -0.084181
vn 0.070001 0.993989 -0.084181
vn 0.070001 0.993989 -0.084181
vn 0.070001 0.993989 -0.084181
vn 0.070001 0.993989 -0.084181
vn 0.070001 0.993989 -0.084181
vn 0.070001 0.993989 -0.084181
vn 0.071737 0.993856 -0.084291
vn 0.071737 0.993856 -0.084291
vn 0.071737 0.993856 -0.084291
vn 0.071737 0.993856 -0.084291
vn 0.071737 0.993856 -0.084291
vn 0.071737 0.993856 -0.084291
vn 0.071737 0.993856 -0.084291
vn 0.071737 0.993856 -0.084291
vn 0.071737 0.993856 -0.084291
vn 0.071737 0.993856 -0.084291
vn 0.073452 0.993744 -0.084126
vn 0.073452 0.993744 -0.084126
vn 0.073452 0.993744 -0.084126
vn 0.073452 0.993744 -0.084126
vn 0.073452 0.993744 -0.084126
vn 0.073452 0.993744 -0.084126
vn 0.073452 0.993744 -0.084126
vn 0.073452 0.993744 -0.084126
vn 0.073452 0.993744 -0.084126
vn 0.073452 0.993744 -0.084126
vn 0.075015 0.993695 -0.083325
vn 0.075015 0.993695 -0.083325
vn 0.075015 0.993695 -0.083325
vn 0.075015 0.993695 -0.083325
vn 0.075015 0.993695 -0.083325
vn 0.075015 0.993695 -0.083325
vn 0.075015 0.993695 -0.083325
vn 0.075015 0.993695 -0.083325
vn 0.075015 0.993695 -0.083325
vn 0.075015 0.993695 -0.083325
vn 0.076514 0.993670 -0.082252
vn 0.076514 0.993670 -0.082252
vn 0.076514 0.993670 -0.082252
vn 0.076514 0.993670 -0.082252
vn 0.076514 0.993670 -0.082252
vn 0.076514 0.993670 -0.082252
vn 0.076514 0.993670 -0.082252
vn 0.076514 0.993670 -0.082252
vn 0.076514 0.993670 -0.082252
vn 0.076514 0.993670 -0.082252
vn 0.077875 0.993699 -0.080611
vn 0.077875 0.993699 -0.080611
vn 0.077875 0.993699 -0.080611
vn 0.077875 0.993699 -0.080611
vn 0.077875 0.993699 -0.080611
vn 0.077875 0.993699 -0.080611
vn 0.077875 0.993699 -0.080611
vn 0.077875 0.993699 -0.080611
vn 0.077875 0.993699 -0.080611
vn 0.077875 0.993699 -0.080611
vn 0.078862 0.993809 -0.078263
vn 0.078862 0.993809 -0.078263
vn 0.078862 0.993809 -0.078263
vn 0.078862 0.993809 -0.078263
vn 0.078862 0.993809 -0.078263
vn 0.078862 0.993809 -0.078263
vn 0.078862 0.993809 -0.078263
vn 0.078862 0.993809 -0.078263
vn 0.078862 0.993809 -0.078263
vn 0.078862 0.993809 -0.078263
vn 0.079585 0.993972 -0.075412
vn 0.079585 0.993972 -0.075412
vn 0.079585 0.993972 -0.075412
vn 0.079585 0.993972 -0.075412
vn 0.079585 0.993972 -0.075412
vn 0.079585 0.993972 -0.075412
vn 0.079585 0.993972 -0.075412
vn 0.079585 0.993972 -0.075412
vn 0.079585 0.993972 -0.075412
vn 0.079585 0.993972 -0.075412
vn 0.079943 0.994208 -0.071830
vn 0.079943 0.994208 -0.071830
vn 0.079943 0.994208 -0.071830
vn 0.079943 0.994208 -0.071830
vn 0.079943 0.994208 -0.071830
vn 0.079943 0.994208 -0.071830
vn 0.079943 0.994208 -0.071830
vn 0.079943 0.994208 -0.071830
vn 0.079943 0.994208 -0.071830
vn 0.079943 0.994208 -0.071830
vn 0.079456 0.994556 -0.067416
vn 0.079456 0.994556 -0.067416
vn 0.079456 0.994556 -0.067416
vn 0.079456 0.994556 -0.067416
vn 0.079456 0.994556 -0.067416
vn 0.079456 0.994556 -0.067416
vn 0.079456 0.994556 -0.067416
vn 0.079456 0.994556 -0.067416
vn 0.079456 0.994556 -0.067416
vn 0.079456 0.994556 -0.067416
vn 0.078346 0.994972 -0.062386
vn 0.078346 0.994972 -0.062386
vn 0.078346 0.994972 -0.062386
vn 0.078346 0.994972 -0.062386
vn 0.078346 0.994972 -0.062386
vn 0.078346 0.994972 -0.062386
vn 0.078346 0.994972 -0.062386
vn 0.078346 0.994972 -0.062386
vn 0.078346 0.994972 -0.062386
vn 0.078346 0.994972 -0.062386
vn 0.076675 0.995437 -0.056792
vn 0.076675 0.995437 -0.056792
vn 0.076675 0.995437 -0.056792
vn 0.076675 0.995437 -0.056792
vn 0.076675 0.995437 -0.056792
vn 0.076675 0.995437 -0.056792
vn 0.076675 0.995437 -0.056792
vn 0.076675 0.995437 -0.056792
vn 0.076675 0.995437 -0.056792
vn 0.076675 0.995437 -0.056792
vn 0.073350 0.996022 -0.050593
vn 0.073350 0.996022 -0.050593
vn 0.073350 0.996022 -0.050593
vn 0.073350 0.996022 -0.050593
vn 0.073350 0.996022 -0.050593
vn 0.073350 0.996022 -0.050593
vn 0.073350 0.996022 -0.050593
vn 0.073350 0.996022 -0.050593
vn 0.073350 0.996022 -0.050593
vn 0.073350 0.996022 -0.050593
vn 0.069304 0.996618 -0.044144
vn 0.069304 0.996618 -0.044144
vn 0.069304 0.996618 -0.044144
vn 0.069304 0.996618 -0.044144
vn 0.069304 0.996618 -0.044144
vn 0.069304 0.996618 -0.044144
vn 0.069304 0.996618 -0.044144
vn 0.069304 0.996618 -0.044144
vn 0.069304 0.996618 -0.044144
vn 0.069304 0.996618 -0.044144
vn 0.064813 0.997190 -0.037557
vn 0.064813 0.997190 -0.037557
vn 0.064813 0.997190 -0.037557
vn 0.064813 0.997190 -0.037557
vn 0.064813 0.997190 -0.037557
vn 0.064813 0.997190 -0.037557
vn 0.064813 0.997190 -0.037557
vn 0.064813 0.997190 -0.037557
vn 0.064813 0.997190 -0.037557
vn 0.064813 0.997190 -0.037557
vn 0.058404 0.997795 -0.031525
vn 0.058404 0.997795 -0.031525
vn 0.058404 0.997795 -0.031525
vn 0.058404 0.997795 -0.031525
vn 0.058404 0.997795 -0.031525
vn 0.058404 0.997795 -0.031525
vn 0.058404 0.997795 -0.031525
vn 0.058404 0.997795 -0.031525
vn 0.058404 0.997795 -0.031525
vn 0.058404 0.997795 -0.031525
vn 0.051841 0.998325 -0.025672
vn 0.051841 0.998325 -0.025672
vn 0.051841 0.998325 -0.025672
vn 0.051841 0.998325 -0.025672
vn 0.051841 0.998325 -0.025672
vn 0.051841 0.998325 -0.025672
vn 0.051841 0.998325 -0.025672
vn 0.051841 0.998325 -0.025672
vn 0.051841 0.998325 -0.025672
vn 0.051841 0.998325 -0.025672
vn 0.045102 0.998780 -0.020099
vn 0.045102 0.998780 -0.020099
vn 0.045102 0.998780 -0.020099
vn 0.045102 0.998780 -0.020099
vn 0.045102 0.998780 -0.020099
vn 0.045102 0.998780 -0.020099
vn 0.045102 0.998780 -0.020099
vn 0.045102 0.998780 -0.020099
vn 0.045102 0.998780 -0.020099
vn 0.045102 0.998780 -0.020099
vn 0.037787 0.999159 -0.015928
vn 0.037787 0.999159 -0.015928
vn 0.037787 0.999159 -0.015928
vn 0.037787 0.999159 -0.015928
vn 0.037787 0.999159 -0.015928
vn 0.037787 0.999159 -0.015928
vn 0.037787 0.999159 -0.015928
vn 0.037787 0.999159 -0.015928
vn 0.037787 0.999159 -0.015928
vn 0.037787 0.999159 -0.015928
vn 0.030638 0.999459 -0.011995
vn 0.030638 0.999459 -0.011995
vn 0.030638 0.999459 -0.011995
vn 0.030638 0.999459 -0.011995
vn 0.030638 0.999459 -0.011995
vn 0.030638 0.999459 -0.011995
vn 0.030638 0.999459 -0.011995
vn 0.030638 0.999459 -0.011995
vn 0.030638 0.999459 -0.011995
vn 0.030638 0.999459 -0.011995
vn 0.023629 0.999687 -0.008262
vn 0.023629 0.999687 -0.008262
vn 0.023629 0.999687 -0.008262
vn 0.023629 0.999687 -0.008262
vn 0.023629 0.999687 -0.008262
vn 0.023629 0.999687 -0.008262
vn 0.023629 0.999687 -0.008262
vn 0.023629 0.999687 -0.008262
vn 0.023629 0.999687 -0.008262
vn 0.023629 0.999687 -0.008262
vn 0.017162 0.999836 -0.005850
vn 0.017162 0.999836 -0.005850
vn 0.017162 0.999836 -0.005850
vn 0.017162 0.999836 -0.005850
vn 0.017162 0.999836 -0.005850
vn 0.017162 0.999836 -0.005850
vn 0.017162 0.999836 -0.005850
vn 0.017162 0.999836 -0.005850
vn 0.017162 0.999836 -0.005850
vn 0.017162 0.999836 -0.005850
vn 0.010815 0.999935 -0.003638
vn 0.010815 0.999935 -0.003638
vn 0.010815 0.999935 -0.003638
vn 0.010815 0.999935 -0.003638
vn 0.010815 0.999935 -0.003638
vn 0.010815 0.999935 -0.003638
vn 0.010815 0.999935 -0.003638
vn 0.010815 0.999935 -0.003638
vn 0.010815 0.999935 -0.003638
vn 0.010815 0.999935 -0.003638
vn 0.004917 0.999987 -0.001654
vn 0.004917 0.999987 -0.001654
vn 0.004917 0.999987 -0.001654
vn 0.004917 0.999987 -0.001654
vn 0.004917 0.999987 -0.001654
vn 0.004917 0.999987 -0.001654
vn 0.004917 0.999987 -0.001654
vn 0.004917 0.999987 -0.001654
vn 0.004917 0.999987 -0.001654
vn 0.004917 0.999987 -0.001654
vn 0.003485 0.999994 0.000522
vn 0.003485 0.999994 0.000522
vn 0.003485 0.999994 0.000522
vn 0.003485 0.999994 0.000522
vn 0.003485 0.999994 0.000522
vn 0.003485 0.999994 0.000522
vn 0.003485 0.999994 0.000522
vn 0.003485 0.999994 0.000522
vn 0.003485 0.999994 0.000522
vn 0.003485 0.999994 0.000522
vn 0.024432 0.999695 0.003661
vn 0.024432 0.999695 0.003661
vn 0.024432 0.999695 0.003661
vn 0.024432 0.999695 0.003661
vn 0.024432 0.999695 0.003661
vn 0.024432 0.999695 0.003661
vn 0.024432 0.999695 0.003661
vn 0.024432 0.999695 0.003661
vn 0.024432 0.999695 0.003661
vn 0.024432 0.999695 0.003661
vn 0.045872 0.998923 0.006998
vn 0.045872 0.998923 0.006998
vn 0.045872 0.998923 0.006998
vn 0.045872 0.998923 0.006998
vn 0.045872 0.998923 0.006998
vn 0.045872 0.998923 0.006998
vn 0.045872 0.998923 0.006998
vn 0.045872 0.998923 0.006998
vn 0.045872 0.998923 0.006998
vn 0.045872 0.998923 0.006998
vn 0.068778 0.997572 0.010922
vn 0.068778 0.997572 0.010922
vn 0.068778 0.997572 0.010922
vn 0.068778 0.997572 0.010922
vn 0.068778 0.997572 0.010922
vn 0.068778 0.997572 0.010922
vn 0.068778 0.997572 0.010922
vn 0.068778 0.997572 0.010922
vn 0.068778 0.997572 0.010922
vn 0.068778 0.997572 0.010922
vn 0.092489 0.995538 0.018723
vn 0.092489 0.995538 0.018723
vn 0.092489 0.995538 0.018723
vn 0.092489 0.995538 0.018723
vn 0.092489 0.995538 0.018723
vn 0.092489 0.995538 0.018723
vn 0.092489 0.995538 0.018723
vn 0.092489 0.995538 0.018723
vn 0.092489 0.995538 0.018723
vn 0.092489 0.995538 0.018723
vn 0.116959 0.992675 0.030266
vn 0.116959 0.992675 0.030266
vn 0.116959 0.992675 0.030266
vn 0.116959 0.992675 0.030266
vn 0.116959 0.992675 0.030266
vn 0.116959 0.992675 0.030266
vn 0.116959 0.992675 0.030266
vn 0.116959 0.992675 0.030266
vn 0.116959 0.992675 0.030266
vn 0.116959 0.992675 0.030266
vn 0.141300 0.989047 0.042664
vn 0.141300 0.989047 0.042664
vn 0.141300 0.989047 0.042664
vn 0.141300 0.989047 0.042664
vn 0.141300 0.989047 0.042664
vn 0.141300 0.989047 0.042664
vn 0.141300 0.989047 0.042664
vn 0.141300 0.989047 0.042664
vn 0.141300 0.989047 0.042664
vn 0.141300 0.989047 0.042664
vn 0.163749 0.984894 0.056311
vn 0.163749 0.984894 0.056311
vn 0.163749 0.984894 0.056311
vn 0.163749 0.984894 0.056311
vn 0.163749 0.984894 0.056311
vn 0.163749 0.984894 0.056311
vn 0.163749 0.984894 0.056311
vn 0.163749 0.984894 0.056311
vn 0.163749 0.984894 0.056311
vn 0.163749 0.984894 0.056311
vn 0.181867 0.980635 0.072663
vn 0.181867 0.980635 0.072663
vn 0.181867 0.980635 0.072663
vn 0.181867 0.980635 0.072663
vn 0.181867 0.980635 0.072663
vn 0.181867 0.980635 0.072663
vn 0.181867 0.980635 0.072663
vn 0.181867 0.980635 0.072663
vn 0.181867 0.980635 0.072663
vn 0.181867 0.980635 0.072663
vn 0.198514 0.976091 0.088537
vn 0.198514 0.976091 0.088537
vn 0.198514 0.976091 0.088537
vn 0.198514 0.976091 0.088537
vn 0.198514 0.976091 0.088537
vn 0.198514 0.976091 0.088537
vn 0.198514 0.976091 0.088537
vn 0.198514 0.976091 0.088537
vn 0.198514 0.976091 0.088537
vn 0.198514 0.976091 0.088537
vn 0.213592 0.971378 0.103940
vn 0.213592 0.971378 0.103940
vn 0.213592 0.971378 0.103940
vn 0.213592 0.971378 0.103940
vn 0.213592 0.971378 0.103940
vn 0.213592 0.971378 0.103940
vn 0.213592 0.971378 0.103940
vn 0.213592 0.971378 0.103940
vn 0.213592 0.971378 0.103940
vn 0.213592 0.971378 0.103940
vn 0.222909 0.967703 0.117742
vn 0.222909 0.967703 0.117742
vn 0.222909 0.967703 0.117742
vn 0.222909 0.967703 0.117742
vn 0.222909 0.967703 0.117742
vn 0.222909 0.967703 0.117742
vn 0.222909 0.967703 0.117742
vn 0.222909 0.967703 0.117742
vn 0.222909 0.967703 0.117742
vn 0.222909 0.967703 0.117742
vn 0.231349 0.964050 0.130714
vn 0.231349 0.964050 0.130714
vn 0.231349 0.964050 0.130714
vn 0.231349 0.964050 0.130714
vn 0.231349 0.964050 0.130714
vn 0.231349 0.964050 0.130714
vn 0.231349 0.964050 0.130714
vn 0.231349 0.964050 0.130714
vn 0.231349 0.964050 0.130714
vn 0.231349 0.964050 0.130714
vn 0.238961 0.960457 0.142898
vn 0.238961 0.960457 0.142898
vn 0.238961 0.960457 0.142898
vn 0.238961 0.960457 0.142898
vn 0.238961 0.960457 0.142898
vn 0.238961 0.960457 0.142898
vn 0.238961 0.960457 0.142898
vn 0.238961 0.960457 0.142898
vn 0.238961 0.960457 0.142898
vn 0.238961 0.960457 0.142898
vn 0.243591 0.957831 0.152392
vn 0.243591 0.957831 0.152392
vn 0.243591 0.957831 0.152392
vn 0.243591 0.957831 0.152392
vn 0.243591 0.957831 0.152392
vn 0.243591 0.957831 0.152392
vn 0.243591 0.957831 0.152392
vn 0.243591 0.957831 0.152392
vn 0.243591 0.957831 0.152392
vn 0.243591 0.957831 0.152392
vn 0.247489 0.955389 0.161188
vn 0.247489 0.955389 0.161188
vn 0.247489 0.955389 0.161188
vn 0.247489 0.955389 0.161188
vn 0.247489 0.955389 0.161188
vn 0.247489 0.955389 0.161188
vn 0.247489 0.955389 0.161188
vn 0.247489 0.955389 0.161188
vn 0.247489 0.955389 0.161188
vn 0.247489 0.955389 0.161188
vn 0.250533 0.953323 0.168547
vn 0.250533 0.953323 0.168547
vn 0.250533 0.953323 0.168547
vn 0.250533 0.953323 0.168547
vn 0.250533 0.953323 0.168547
vn 0.250533 0.953323 0.168547
vn 0.250533 0.953323 0.168547
vn 0.250533 0.953323 0.168547
vn 0.250533 0.953323 0.168547
vn 0.250533 0.953323 0.168547
vn 0.253201 0.951399 0.175297
vn 0.253201 0.951399 0.175297
vn 0.253201 0.951399 0.175297
vn 0.253201 0.951399 0.175297
vn 0.253201 0.951399 0.175297
vn 0.253201 0.951399 0.175297
vn 0.253201 0.951399 0.175297
vn 0.253201 0.951399 0.175297
vn 0.253201 0.951399 0.175297
vn 0.253201 0.951399 0.175297
vn 0.254684 0.950108 0.180087
vn 0.254684 0.950108 0.180087
vn 0.254684 0.950108 0.180087
vn 0.254684 0.950108 0.180087
vn 0.254684 0.950108 0.180087
vn 0.254684 0.950108 0.180087
vn 0.254684 0.950108 0.180087
vn 0.254684 0.950108 0.180087
vn 0.254684 0.950108 0.180087
vn 0.254684 0.950108 0.180087
vn 0.255992 0.948924 0.184421
vn 0.255992 0.948924 0.184421
vn 0.255992 0.948924 0.184421
vn 0.255992 0.948924 0.184421
vn 0.255992 0.948924 0.184421
vn 0.255992 0.948924 0.184421
vn 0.255992 0.948924 0.184421
vn 0.255992 0.948924 0.184421
vn 0.255992 0.948924 0.184421
vn 0.255992 0.948924 0.184421
vn 0.256985 0.947968 0.187925
vn 0.256985 0.947968 0.187925
vn 0.256985 0.947968 0.187925
vn 0.256985 0.947968 0.187925
vn 0.256985 0.947968 0.187925
vn 0.256985 0.947968 0.187925
vn 0.256985 0.947968 0.187925
vn 0.256985 0.947968 0.187925
vn 0.256985 0.947968 0.187925
vn 0.256985 0.947968 0.187925
vn 0.257691 0.947226 0.190676
vn 0.257691 0.947226 0.190676
vn 0.257691 0.947226 0.190676
vn 0.257691 0.947226 0.190676
vn 0.257691 0.947226 0.190676
vn 0.257691 0.947226 0.190676
vn 0.257691 0.947226 0.190676
vn 0.257691 0.947226 0.190676
vn 0.257691 0.947226 0.190676
vn 0.257691 0.947226 0.190676
vn 0.258011 0.946789 0.192406
vn 0.258011 0.946789 0.192406
vn 0.258011 0.946789 0.192406
vn 0.258011 0.946789 0.192406
vn 0.258011 0.946789 0.192406
vn 0.258011 0.946789 0.192406
vn 0.258011 0.946789 0.192406
vn 0.258011 0.946789 0.192406
vn 0.258011 0.946789 0.192406
vn 0.258011 0.946789 0.192406
vn 0.258170 0.946505 0.193590
vn 0.258170 0.946505 0.193590
vn 0.258170 0.946505 0.193590
vn 0.258170 0.946505 0.193590
vn 0.258170 0.946505 0.193590
vn 0.258170 0.946505 0.193590
vn 0.258170 0.946505 0.193590
vn 0.258170 0.946505 0.193590
vn 0.258170 0.946505 0.193590
vn 0.258170 0.946505 0.193590
vn 0.258138 0.946403 0.194130
vn 0.258138 0.946403 0.194130
vn 0.258138 0.946403 0.194130
vn 0.258138 0.946403 0.194130
vn 0.258138 0.946403 0.194130
vn 0.258138 0.946403 0.194130
vn 0.258138 0.946403 0.194130
vn 0.258138 0.946403 0.194130
vn 0.258138 0.946403 0.194130
vn 0.258138 0.946403 0.194130
vn 0.257923 0.946479 0.194044
vn 0.257923 0.946479 0.194044
vn 0.257923 0.946479 0.194044
vn 0.257923 0.946479 0.194044
vn 0.257923 0.946479 0.194044
vn 0.257923 0.946479 0.194044
vn 0.257923 0.946479 0.194044
vn 0.257923 0.946479 0.194044
vn 0.257923 0.946479 0.194044
vn 0.257923 0.946479 0.194044
vn 0.257497 0.946758 0.193248
vn 0.257497 0.946758 0.193248
vn 0.257497 0.946758 0.193248
vn 0.257497 0.946758 0.193248
vn 0.257497 0.946758 0.193248
vn 0.257497 0.946758 0.193248
vn 0.257497 0.946758 0.193248
vn 0.257497 0.946758 0.193248
vn 0.257497 0.946758 0.193248
vn 0.257497 0.946758 0.193248
vn 0.256861 0.947218 0.191833
vn 0.256861 0.947218 0.191833
vn 0.256861 0.947218 0.191833
vn 0.256861 0.947218 0.191833
vn 0.256861 0.947218 0.191833
vn 0.256861 0.947218 0.191833
vn 0.256861 0.947218 0.191833
vn 0.256861 0.947218 0.191833
vn 0.256861 0.947218 0.191833
vn 0.256861 0.947218 0.191833
vn 0.255984 0.947883 0.189714
vn 0.255984 0.947883 0.189714
vn 0.255984 0.947883 0.189714
vn 0.255984 0.947883 0.189714
vn 0.255984 0.947883 0.189714
vn 0.255984 0.947883 0.189714
vn 0.255984 0.947883 0.189714
vn 0.255984 0.947883 0.189714
vn 0.255984 0.947883 0.189714
vn 0.255984 0.947883 0.189714
vn 0.254915 0.948702 0.187037
vn 0.254915 0.948702 0.187037
vn 0.254915 0.948702 0.187037
vn 0.254915 0.948702 0.187037
vn 0.254915 0.948702 0.187037
vn 0.254915 0.948702 0.187037
vn 0.254915 0.948702 0.187037
vn 0.254915 0.948702 0.187037
vn 0.254915 0.948702 0.187037
vn 0.254915 0.948702 0.187037
vn 0.253628 0.949692 0.183733
vn 0.253628 0.949692 0.183733
vn 0.253628 0.949692 0.183733
vn 0.253628 0.949692 0.183733
vn 0.253628 0.949692 0.183733
vn 0.253628 0.949692 0.183733
vn 0.253628 0.949692 0.183733
vn 0.253628 0.949692 0.183733
vn 0.253628 0.949692 0.183733
vn 0.253628 0.949692 0.183733
vn 0.251915 0.950936 0.179609
vn 0.251915 0.950936 0.179609
vn 0.251915 0.950936 0.179609
vn 0.251915 0.950936 0.179609
vn 0.251915 0.950936 0.179609
vn 0.251915 0.950936 0.179609
vn 0.251915 0.950936 0.179609
vn 0.251915 0.950936 0.179609
vn 0.251915 0.950936 0.179609
vn 0.251915 0.950936 0.179609
vn 0.249752 0.952434 0.174626
vn 0.249752 0.952434 0.174626
vn 0.249752 0.952434 0.174626
vn 0.249752 0.952434 0.174626
vn 0.249752 0.952434 0.174626
vn 0.249752 0.952434 0.174626
vn 0.249752 0.952434 0.174626
vn 0.249752 0.952434 0.174626
vn 0.249752 0.952434 0.174626
vn 0.249752 0.952434 0.174626
vn 0.247251 0.954100 0.169000
vn 0.247251 0.954100 0.169000
vn 0.247251 0.954100 0.169000
vn 0.247251 0.954100 0.169000
vn 0.247251 0.954100 0.169000
vn 0.247251 0.954100 0.169000
vn 0.247251 0.954100 0.169000
vn 0.247251 0.954100 0.169000
vn 0.247251 0.954100 0.169000
vn 0.247251 0.954100 0.169000
vn 0.244449 0.955897 0.162807
vn 0.244449 0.955897 0.162807
vn 0.244449 0.955897 0.162807
vn 0.244449 0.955897 0.162807
vn 0.244449 0.955897 0.162807
vn 0.244449 0.955897 0.162807
vn 0.244449 0.955897 0.162807
vn 0.244449 0.955897 0.162807
vn 0.244449 0.955897 0.162807
vn 0.244449 0.955897 0.162807
vn 0.240514 0.958134 0.155344
vn 0.240514 0.958134 0.155344
vn 0.240514 0.958134 0.155344
vn 0.240514 0.958134 0.155344
vn 0.240514 0.958134 0.155344
vn 0.240514 0.958134 0.155344
vn 0.240514 0.958134 0.155344
vn 0.240514 0.958134 0.155344
vn 0.240514 0.958134 0.155344
vn 0.240514 0.958134 0.155344
vn 0.235847 0.960598 0.147066
vn 0.235847 0.960598 0.147066
vn 0.235847 0.960598 0.147066
vn 0.235847 0.960598 0.147066
vn 0.235847 0.960598 0.147066
vn 0.235847 0.960598 0.147066
vn 0.235847 0.960598 0.147066
vn 0.235847 0.960598 0.147066
vn 0.235847 0.960598 0.147066
vn 0.235847 0.960598 0.147066
vn 0.230411 0.963271 0.137909
vn 0.230411 0.963271 0.137909
vn 0.230411 0.963271 0.137909
vn 0.230411 0.963271 0.137909
vn 0.230411 0.963271 0.137909
vn 0.230411 0.963271 0.137909
vn 0.230411 0.963271 0.137909
vn 0.230411 0.963271 0.137909
vn 0.230411 0.963271 0.137909
vn 0.230411 0.963271 0.137909
vn 0.224673 0.965935 0.128418
vn 0.224673 0.965935 0.128418
vn 0.224673 0.965935 0.128418
vn 0.224673 0.965935 0.128418
vn 0.224673 0.965935 0.128418
vn 0.224673 0.965935 0.128418
vn 0.224673 0.965935 0.128418
vn 0.224673 0.965935 0.128418
vn 0.224673 0.965935 0.128418
vn 0.224673 0.965935 0.128418
vn 0.215831 0.969356 0.117327
vn 0.215831 0.969356 0.117327
vn 0.215831 0.969356 0.117327
vn 0.215831 0.969356 0.117327
vn 0.215831 0.969356 0.117327
vn 0.215831 0.969356 0.117327
vn 0.215831 0.969356 0.117327
vn 0.215831 0.969356 0.117327
vn 0.215831 0.969356 0.117327
vn 0.215831 0.969356 0.117327
vn 0.206449 0.972704 0.105953
vn 0.206449 0.972704 0.105953
vn 0.206449 0.972704 0.105953
vn 0.206449 0.972704 0.105953
vn 0.206449 0.972704 0.105953
vn 0.206449 0.972704 0.105953
vn 0.206449 0.972704 0.105953
vn 0.206449 0.972704 0.105953
vn 0.206449 0.972704 0.105953
vn 0.206449 0.972704 0.105953
vn 0.195780 0.976145 0.093874
vn 0.195780 0.976145 0.093874
vn 0.195780 0.976145 0.093874
vn 0.195780 0.976145 0.093874
vn 0.195780 0.976145 0.093874
vn 0.195780 0.976145 0.093874
vn 0.195780 0.976145 0.093874
vn 0.195780 0.976145 0.093874
vn 0.195780 0.976145 0.093874
vn 0.195780 0.976145 0.093874
vn 0.183652 0.979570 0.081943
vn 0.183652 0.979570 0.081943
vn 0.183652 0.979570 0.081943
vn 0.183652 0.979570 0.081943
vn 0.183652 0.979570 0.081943
vn 0.183652 0.979570 0.081943
vn 0.183652 0.979570 0.081943
vn 0.183652 0.979570 0.081943
vn 0.183652 0.979570 0.081943
vn 0.183652 0.979570 0.081943
vn 0.168470 0.983193 0.070347
vn 0.168470 0.983193 0.070347
vn 0.168470 0.983193 0.070347
vn 0.168470 0.983193 0.070347
vn 0.168470 0.983193 0.070347
vn 0.168470 0.983193 0.070347
vn 0.168470 0.983193 0.070347
vn 0.168470 0.983193 0.070347
vn 0.168470 0.983193 0.070347
vn 0.168470 0.983193 0.070347
vn 0.152742 0.986510 0.058888
vn 0.152742 0.986510 0.058888
vn 0.152742 0.986510 0.058888
vn 0.152742 0.986510 0.058888
vn 0.152742 0.986510 0.058888
vn 0.152742 0.986510 0.058888
vn 0.152742 0.986510 0.058888
vn 0.152742 0.986510 0.058888
vn 0.152742 0.986510 0.058888
vn 0.152742 0.986510 0.058888
vn 0.136557 0.989491 0.047536
vn 0.136557 0.989491 0.047536
vn 0.136557 0.989491 0.047536
vn 0.136557 0.989491 0.047536
vn 0.136557 0.989491 0.047536
vn 0.136557 0.989491 0.047536
vn 0.136557 0.989491 0.047536
vn 0.136557 0.989491 0.047536
vn 0.136557 0.989491 0.047536
vn 0.136557 0.989491 0.047536
vn 0.118837 0.992139 0.039212
vn 0.118837 0.992139 0.039212
vn 0.118837 0.992139 0.039212
vn 0.118837 0.992139 0.039212
vn 0.118837 0.992139 0.039212
vn 0.118837 0.992139 0.039212
vn 0.118837 0.992139 0.039212
vn 0.118837 0.992139 0.039212
vn 0.118837 0.992139 0.039212
vn 0.118837 0.992139 0.039212
vn 0.100597 0.994418 0.031841
vn 0.100597 0.994418 0.031841
vn 0.100597 0.994418 0.031841
vn 0.100597 0.994418 0.031841
vn 0.100597 0.994418 0.031841
vn 0.100597 0.994418 0.031841
vn 0.100597 0.994418 0.031841
vn 0.100597 0.994418 0.031841
vn 0.100597 0.994418 0.031841
vn 0.100597 0.994418 0.031841
vn 0.082882 0.996238 0.025298
vn 0.082882 0.996238 0.025298
vn 0.082882 0.996238 0.025298
vn 0.082882 0.996238 0.025298
vn 0.082882 0.996238 0.025298
vn 0.082882 0.996238 0.025298
vn 0.082882 0.996238 0.025298
vn 0.082882 0.996238 0.025298
vn 0.082882 0.996238 0.025298
vn 0.082882 0.996238 0.025298
vn 0.065196 0.997695 0.018833
vn 0.065196 0.997695 0.018833
vn 0.065196 0.997695 0.018833
vn 0.065196 0.997695 0.018833
vn 0.065196 0.997695 0.018833
vn 0.065196 0.997695 0.018833
vn 0.065196 0.997695 0.018833
vn 0.065196 0.997695 0.018833
vn 0.065196 0.997695 0.018833
vn 0.065196 0.997695 0.018833
vn 0.049832 0.998618 0.016728
vn 0.049832 0.998618 0.016728
vn 0.049832 0.998618 0.016728
vn 0.049832 0.998618 0.016728
vn 0.049832 0.998618 0.016728
vn 0.049832 0.998618 0.016728
vn 0.049832 0.998618 0.016728
vn 0.049832 0.998618 0.016728
vn 0.049832 0.998618 0.016728
vn 0.049832 0.998618 0.016728
vn 0.034591 0.999291 0.014872
vn 0.034591 0.999291 0.014872
vn 0.034591 0.999291 0.014872
vn 0.034591 0.999291 0.014872
vn 0.034591 0.999291 0.014872
vn 0.034591 0.999291 0.014872
vn 0.034591 0.999291 0.014872
vn 0.034591 0.999291 0.014872
vn 0.034591 0.999291 0.014872
vn 0.034591 0.999291 0.014872
vn 0.020513 0.999700 0.013374
vn 0.020513 0.999700 0.013374
vn 0.020513 0.999700 0.013374
vn 0.020513 0.999700 0.013374
vn 0.020513 0.999700 0.013374
vn 0.020513 0.999700 0.013374
vn 0.020513 0.999700 0.013374
vn 0.020513 0.999700 0.013374
vn 0.020513 0.999700 0.013374
vn 0.020513 0.999700 0.013374
vn 0.006665 0.999907 0.011945
vn 0.006665 0.999907 0.011945
vn 0.006665 0.999907 0.011945
vn 0.006665 0.999907 0.011945
vn 0.006665 0.999907 0.011945
vn 0.006665 0.999907 0.011945
vn 0.006665 0.999907 0.011945
vn 0.006665 0.999907 0.011945
vn 0.006665 0.999907 0.011945
vn 0.006665 0.999907 0.011945
vn 0.000014 0.999938 0.011167
vn 0.000014 0.999938 0.011167
vn 0.000014 0.999938 0.011167
vn 0.000014 0.999938 0.011167
vn 0.000014 0.999938 0.011167
vn 0.000014 0.999938 0.011167
vn 0.000014 0.999938 0.011167
vn 0.000014 0.999938 0.011167
vn 0.000014 0.999938 0.011167
vn 0.000014 0.999938 0.011167
vn 0.000042 0.999940 0.010993
vn 0.000042 0.999940 0.010993
vn 0.000042 0.999940 0.010993
vn 0.000042 0.999940 0.010993
vn 0.000042 0.999940 0.010993
vn 0.000042 0.999940 0.010993
vn 0.000042 0.999940 0.010993
vn 0.000042 0.999940 0.010993
vn 0.000042 0.999940 0.010993
vn 0.000042 0.999940 0.010993
vn 0.000068 0.999942 0.010816
vn 0.000068 0.999942 0.010816
vn 0.000068 0.999942 0.010816
vn 0.000068 0.999942 0.010816
vn 0.000068 0.999942 0.010816
vn 0.000068 0.999942 0.010816
vn 0.000068 0.999942 0.010816
vn 0.000068 0.999942 0.010816
vn 0.000068 0.999942 0.010816
vn 0.000068 0.999942 0.010816
vn 0.000091 0.999944 0.010625
vn 0.000091 0.999944 0.010625
vn 0.000091 0.999944 0.010625
vn 0.000091 0.999944 0.010625
vn 0.000091 0.999944 0.010625
vn 0.000091 0.999944 0.010625
vn 0.000091 0.999944 0.010625
vn 0.000091 0.999944 0.010625
vn 0.000091 0.999944 0.010625
vn 0.000091 0.999944 0.010625
vn 0.000096 0.999946 0.010436
vn 0.000096 0.999946 0.010436
vn 0.000096 0.999946 0.010436
vn 0.000096 0.999946 0.010436
vn 0.000096 0.999946 0.010436
vn 0.000096 0.999946 0.010436
vn 0.000096 0.999946 0.010436
vn 0.000096 0.999946 0.010436
vn 0.000096 0.999946 0.010436
vn 0.000096 0.999946 0.010436
vn 0.000005 0.999947 0.010258
vn 0.000005 0.999947 0.010258
vn 0.000005 0.999947 0.010258
vn 0.000005 0.999947 0.010258
vn 0.000005 0.999947 0.010258
vn 0.000005 0.999947 0.010258
vn 0.000005 0.999947 0.010258
vn 0.000005 0.999947 0.010258
vn 0.000005 0.999947 0.010258
vn 0.000005 0.999947 0.010258
vn -0.000089 0.999949 0.010080
vn -0.000089 0.999949 0.010080
vn -0.000089 0.999949 0.010080
vn -0.000089 0.999949 0.010080
vn -0.000089 0.999949 0.010080
vn -0.000089 0.999949 0.010080
vn -0.000089 0.999949 0.010080
vn -0.000089 0.999949 0.010080
vn -0.000089 0.999949 0.010080
vn -0.000089 0.999949 0.010080
vn -0.000196 0.999951 0.009906
vn -0.000196 0.999951 0.009906
vn -0.000196 0.999951 0.009906
vn -0.000196 0.999951 0.009906
vn -0.000196 0.999951 0.009906
vn -0.000196 0.999951 0.009906
vn -0.000196 0.999951 0.009906
vn -0.000196 0.999951 0.009906
vn -0.000196 0.999951 0.009906
vn -0.000196 0.999951 0.009906
vn -0.000340 0.999952 0.009762
vn -0.000340 0.999952 0.009762
vn -0.000340 0.999952 0.009762
vn -0.000340 0.999952 0.009762
vn -0.000340 0.999952 0.009762
vn -0.000340 0.999952 0.009762
vn -0.000340 0.999952 0.009762
vn -0.000340 0.999952 0.009762
vn -0.000340 0.999952 0.009762
vn -0.000340 0.999952 0.009762
vn -0.000535 0.999953 0.009662
vn -0.000535 0.999953 0.009662
vn -0.000535 0.999953 0.009662
vn -0.000535 0.999953 0.009662
vn -0.000535 0.999953 0.009662
vn -0.000535 0.999953 0.009662
vn -0.000535 0.999953 0.009662
vn -0.000535 0.999953 0.009662
vn -0.000535 0.999953 0.009662
vn -0.000535 0.999953 0.009662
vn -0.000732 0.999954 0.009572
vn -0.000732 0.999954 0.009572
vn -0.000732 0.999954 0.009572
vn -0.000732 0.999954 0.009572
vn -0.000732 0.999954 0.009572
vn -0.000732 0.999954 0.009572
vn -0.000732 0.999954 0.009572
vn -0.000732 0.999954 0.009572
vn -0.000732 0.999954 0.009572
vn -0.000732 0.999954 0.009572
vn -0.000930 0.999955 0.009489
vn -0.000930 0.999955 0.009489
vn -0.000930 0.999955 0.009489
vn -0.000930 0.999955 0.009489
vn -0.000930 0.999955 0.009489
vn -0.000930 0.999955 0.009489
vn -0.000930 0.999955 0.009489
vn -0.000930 0.999955 0.009489
vn -0.000930 0.999955 0.009489
vn -0.000930 0.999955 0.009489
vn -0.001140 0.999955 0.009449
vn -0.001140 0.999955 0.009449
vn -0.001140 0.999955 0.009449
vn -0.001140 0.999955 0.009449
vn -0.001140 0.999955 0.009449
vn -0.001140 0.999955 0.009449
vn -0.001140 0.999955 0.009449
vn -0.001140 0.999955 0.009449
vn -0.001140 0.999955 0.009449
vn -0.001140 0.999955 0.009449
vn -0.001355 0.999955 0.009426
vn -0.001355 0.999955 0.009426
vn -0.001355 0.999955 0.009426
vn -0.001355 0.999955 0.009426
vn -0.001355 0.999955 0.009426
vn -0.001355 0.999955 0.009426
vn -0.001355 0.999955 0.009426
vn -0.001355 0.999955 0.009426
vn -0.001355 0.999955 0.009426
vn -0.001355 0.999955 0.009426
vn -0.001563 0.999955 0.009410
vn -0.001563 0.999955 0.009410
vn -0.001563 0.999955 0.009410
vn -0.001563 0.999955 0.009410
vn -0.001563 0.999955 0.009410
vn -0.001563 0.999955 0.009410
vn -0.001563 0.999955 0.009410
vn -0.001563 0.999955 0.009410
vn -0.001563 0.999955 0.009410
vn -0.001563 0.999955 0.009410
vn -0.001769 0.999954 0.009396
vn -0.001769 0.999954 0.009396
vn -0.001769 0.999954 0.009396
vn -0.001769 0.999954 0.009396
vn -0.001769 0.999954 0.009396
vn -0.001769 0.999954 0.009396
vn -0.001769 0.999954 0.009396
vn -0.001769 0.999954 0.009396
vn -0.001769 0.999954 0.009396
vn -0.001769 0.999954 0.009396
vn -0.001967 0.999954 0.009398
vn -0.001967 0.999954 0.009398
vn -0.001967 0.999954 0.009398
vn -0.001967 0.999954 0.009398
vn -0.001967 0.999954 0.009398
vn -0.001967 0.999954 0.009398
vn -0.001967 0.999954 0.009398
vn -0.001967 0.999954 0.009398
vn -0.001967 0.999954 0.009398
vn -0.001967 0.999954 0.009398
vn -0.002163 0.999953 0.009406
vn -0.002163 0.999953 0.009406
vn -0.002163 0.999953 0.009406
vn -0.002163 0.999953 0.009406
vn -0.002163 0.999953 0.009406
vn -0.002163 0.999953 0.009406
vn -0.002163 0.999953 0.009406
vn -0.002163 0.999953 0.009406
vn -0.002163 0.999953 0.009406
vn -0.002163 0.999953 0.009406
vn -0.002353 0.999953 0.009412
vn -0.002353 0.999953 0.009412
vn -0.002353 0.999953 0.009412
vn -0.002353 0.999953 0.009412
vn -0.002353 0.999953 0.009412
vn -0.002353 0.999953 0.009412
vn -0.002353 0.999953 0.009412
vn -0.002353 0.999953 0.009412
vn -0.002353 0.999953 0.009412
vn -0.002353 0.999953 0.009412
vn -0.002539 0.999952 0.009419
vn -0.002539 0.999952 0.009419
vn -0.002539 0.999952 0.009419
vn -0.002539 0.999952 0.009419
vn -0.002539 0.999952 0.009419
vn -0.002539 0.999952 0.009419
vn -0.002539 0.999952 0.009419
vn -0.002539 0.999952 0.009419
vn -0.002539 0.999952 0.009419
vn -0.002539 0.999952 0.009419
vn -0.002721 0.999952 0.009425
vn -0.002721 0.999952 0.009425
vn -0.002721 0.999952 0.009425
vn -0.002721 0.999952 0.009425
vn -0.002721 0.999952 0.009425
vn -0.002721 0.999952 0.009425
vn -0.002721 0.999952 0.009425
vn -0.002721 0.999952 0.009425
vn -0.002721 0.999952 0.009425
vn -0.002721 0.999952 0.009425
vn -0.002897 0.999951 0.009432
vn -0.002897 0.999951 0.009432
vn -0.002897 0.999951 0.009432
vn -0.002897 0.999951 0.009432
vn -0.002897 0.999951 0.009432
vn -0.002897 0.999951 0.009432
vn -0.002897 0.999951 0.009432
vn -0.002897 0.999951 0.009432
vn -0.002897 0.999951 0.009432
vn -0.002897 0.999951 0.009432
vn -0.003071 0.999951 0.009436
vn -0.003071 0.999951 0.009436
vn -0.003071 0.999951 0.009436
vn -0.003071 0.999951 0.009436
vn -0.003071 0.999951 0.009436
vn -0.003071 0.999951 0.009436
vn -0.003071 0.999951 0.009436
vn -0.003071 0.999951 0.009436
vn -0.003071 0.999951 0.009436
vn -0.003071 0.999951 0.009436
vn -0.003240 0.999950 0.009435
vn -0.003240 0.999950 0.009435
vn -0.003240 0.999950 0.009435
vn -0.003240 0.999950 0.009435
vn -0.003240 0.999950 0.009435
vn -0.003240 0.999950 0.009435
vn -0.003240 0.999950 0.009435
vn -0.003240 0.999950 0.009435
vn -0.003240 0.999950 0.009435
vn -0.003240 0.999950 0.009435
vn -0.003409 0.999950 0.009434
vn -0.003409 0.999950 0.009434
vn -0.003409 0.999950 0.009434
vn -0.003409 0.999950 0.009434
vn -0.003409 0.999950 0.009434
vn -0.003409 0.999950 0.009434
vn -0.003409 0.999950 0.009434
vn -0.003409 0.999950 0.009434
vn -0.003409 0.999950 0.009434
vn -0.003409 0.999950 0.009434
vn -0.003572 0.999949 0.009424
vn -0.003572 0.999949 0.009424
vn -0.003572 0.999949 0.009424
vn -0.003572 0.999949 0.009424
vn -0.003572 0.999949 0.009424
vn -0.003572 0.999949 0.009424
vn -0.003572 0.999949 0.009424
vn -0.003572 0.999949 0.009424
vn -0.003572 0.999949 0.009424
vn -0.003572 0.999949 0.009424
vn -0.003734 0.999949 0.009412
vn -0.003734 0.999949 0.009412
vn -0.003734 0.999949 0.009412
vn -0.003734 0.999949 0.009412
vn -0.003734 0.999949 0.009412
vn -0.003734 0.999949 0.009412
vn -0.003734 0.999949 0.009412
vn -0.003734 0.999949 0.009412
vn -0.003734 0.999949 0.009412
vn -0.003734 0.999949 0.009412
vn -0.003894 0.999948 0.009393
vn -0.003894 0.999948 0.009393
vn -0.003894 0.999948 0.009393
vn -0.003894 0.999948 0.009393
vn -0.003894 0.999948 0.009393
vn -0.003894 0.999948 0.009393
vn -0.003894 0.999948 0.009393
vn -0.003894 0.999948 0.009393
vn -0.003894 0.999948 0.009393
vn -0.003894 0.999948 0.009393
vn -0.004052 0.999948 0.009366
vn -0.004052 0.999948 0.009366
vn -0.004052 0.999948 0.009366
vn -0.004052 0.999948 0.009366
vn -0.004052 0.999948 0.009366
vn -0.004052 0.999948 0.009366
vn -0.004052 0.999948 0.009366
vn -0.004052 0.999948 0.009366
vn -0.004052 0.999948 0.009366
vn -0.004052 0.999948 0.009366
vn -0.004209 0.999948 0.009338
vn -0.004209 0.999948 0.009338
vn -0.004209 0.999948 0.009338
vn -0.004209 0.999948 0.009338
vn -0.004209 0.999948 0.009338
vn -0.004209 0.999948 0.009338
vn -0.004209 0.999948 0.009338
vn -0.004209 0.999948 0.009338
vn -0.004209 0.999948 0.009338
vn -0.004209 0.999948 0.009338
vn -0.004362 0.999947 0.009294
vn -0.004362 0.999947 0.009294
vn -0.004362 0.999947 0.009294
vn -0.004362 0.999947 0.009294
vn -0.004362 0.999947 0.009294
vn -0.004362 0.999947 0.009294
vn -0.004362 0.999947 0.009294
vn -0.004362 0.999947 0.009294
vn -0.004362 0.999947 0.009294
vn -0.004362 0.999947 0.009294
vn -0.004515 0.999947 0.009249
vn -0.004515 0.999947 0.009249
vn -0.004515 0.999947 0.009249
vn -0.004515 0.999947 0.009249
vn -0.004515 0.999947 0.009249
vn -0.004515 0.999947 0.009249
vn -0.004515 0.999947 0.009249
vn -0.004515 0.999947 0.009249
vn -0.004515 0.999947 0.009249
vn -0.004515 0.999947 0.009249
vn -0.004664 0.999947 0.009189
vn -0.004664 0.999947 0.009189
vn -0.004664 0.999947 0.009189
vn -0.004664 0.999947 0.009189
vn -0.004664 0.999947 0.009189
vn -0.004664 0.999947 0.009189
vn -0.004664 0.999947 0.009189
vn -0.004664 0.999947 0.009189
vn -0.004664 0.999947 0.009189
vn -0.004664 0.999947 0.009189
vn -0.004811 0.999947 0.009115
vn -0.004811 0.999947 0.009115
vn -0.004811 0.999947 0.009115
vn -0.004811 0.999947 0.009115
vn -0.004811 0.999947 0.009115
vn -0.004811 0.999947 0.009115
vn -0.004811 0.999947 0.009115
vn -0.004811 0.999947 0.009115
vn -0.004811 0.999947 0.009115
vn -0.004811 0.999947 0.009115
vn -0.004957 0.999947 0.009040
vn -0.004957 0.999947 0.009040
vn -0.004957 0.999947 0.009040
vn -0.004957 0.999947 0.009040
vn -0.004957 0.999947 0.009040
vn -0.004957 0.999947 0.009040
vn -0.004957 0.999947 0.009040
vn -0.004957 0.999947 0.009040
vn -0.004957 0.999947 0.009040
vn -0.004957 0.999947 0.009040
vn -0.005099 0.999947 0.008941
vn -0.005099 0.999947 0.008941
vn -0.005099 0.999947 0.008941
vn -0.005099 0.999947 0.008941
vn -0.005099 0.999947 0.008941
vn -0.005099 0.999947 0.008941
vn -0.005099 0.999947 0.008941
vn -0.005099 0.999947 0.008941
vn -0.005099 0.999947 0.008941
vn -0.005099 0.999947 0.008941
vn -0.005241 0.999947 0.008842
vn -0.005241 0.999947 0.008842
vn -0.005241 0.999947 0.008842
vn -0.005241 0.999947 0.008842
vn -0.005241 0.999947 0.008842
vn -0.005241 0.999947 0.008842
vn -0.005241 0.999947 0.008842
vn -0.005241 0.999947 0.008842
vn -0.005241 0.999947 0.008842
vn -0.005241 0.999947 0.008842
vn -0.005373 0.999948 0.008710
vn -0.005373 0.999948 0.008710
vn -0.005373 0.999948 0.008710
vn -0.005373 0.999948 0.008710
vn -0.005373 0.999948 0.008710
vn -0.005373 0.999948 0.008710
vn -0.005373 0.999948 0.008710
vn -0.005373 0.999948 0.008710
vn -0.005373 0.999948 0.008710
vn -0.005373 0.999948 0.008710
vn -0.005498 0.999948 0.008561
vn -0.005498 0.999948 0.008561
vn -0.005498 0.999948 0.008561
vn -0.005498 0.999948 0.008561
vn -0.005498 0.999948 0.008561
vn -0.005498 0.999948 0.008561
vn -0.005498 0.999948 0.008561
vn -0.005498 0.999948 0.008561
vn -0.005498 0.999948 0.008561
vn -0.005498 0.999948 0.008561
vn -0.005622 0.999949 0.008403
vn -0.005622 0.999949 0.008403
vn -0.005622 0.999949 0.008403
vn -0.005622 0.999949 0.008403
vn -0.005622 0.999949 0.008403
vn -0.005622 0.999949 0.008403
vn -0.005622 0.999949 0.008403
vn -0.005622 0.999949 0.008403
vn -0.005622 0.999949 0.008403
vn -0.005622 0.999949 0.008403
vn -0.005738 0.999950 0.008218
vn -0.005738 0.999950 0.008218
vn -0.005738 0.999950 0.008218
vn -0.005738 0.999950 0.008218
vn -0.005738 0.999950 0.008218
vn -0.005738 0.999950 0.008218
vn -0.005738 0.999950 0.008218
vn -0.005738 0.999950 0.008218
vn -0.005738 0.999950 0.008218
vn -0.005738 0.999950 0.008218
vn -0.005854 0.999951 0.008033
vn -0.005854 0.999951 0.008033
vn -0.005854 0.999951 0.008033
vn -0.005854 0.999951 0.008033
vn -0.005854 0.999951 0.008033
vn -0.005854 0.999951 0.008033
vn -0.005854 0.999951 0.008033
vn -0.005854 0.999951 0.008033
vn -0.005854 0.999951 0.008033
vn -0.005854 0.999951 0.008033
vn -0.005926 0.999952 0.007773
vn -0.005926 0.999952 0.007773
vn -0.005926 0.999952 0.007773
vn -0.005926 0.999952 0.007773
vn -0.005926 0.999952 0.007773
vn -0.005926 0.999952 0.007773
vn -0.005926 0.999952 0.007773
vn -0.005926 0.999952 0.007773
vn -0.005926 0.999952 0.007773
vn -0.005926 0.999952 0.007773
vn -0.005996 0.999954 0.007507
vn -0.005996 0.999954 0.007507
vn -0.005996 0.999954 0.007507
vn -0.005996 0.999954 0.007507
vn -0.005996 0.999954 0.007507
vn -0.005996 0.999954 0.007507
vn -0.005996 0.999954 0.007507
vn -0.005996 0.999954 0.007507
vn -0.005996 0.999954 0.007507
vn -0.005996 0.999954 0.007507
vn -0.006049 0.999956 0.007212
vn -0.006049 0.999956 0.007212
vn -0.006049 0.999956 0.007212
vn -0.006049 0.999956 0.007212
vn -0.006049 0.999956 0.007212
vn -0.006049 0.999956 0.007212
vn -0.006049 0.999956 0.007212
vn -0.006049 0.999956 0.007212
vn -0.006049 0.999956 0.007212
vn -0.006049 0.999956 0.007212
vn -0.006095 0.999958 0.006900
vn -0.006095 0.999958 0.006900
vn -0.006095 0.999958 0.006900
vn -0.006095 0.999958 0.006900
vn -0.006095 0.999958 0.006900
vn -0.006095 0.999958 0.006900
vn -0.006095 0.999958 0.006900
vn -0.006095 0.999958 0.006900
vn -0.006095 0.999958 0.006900
vn -0.006095 0.999958 0.006900
vn -0.006092 0.999960 0.006546
vn -0.006092 0.999960 0.006546
vn -0.006092 0.999960 0.006546
vn -0.006092 0.999960 0.006546
vn -0.006092 0.999960 0.006546
vn -0.006092 0.999960 0.006546
vn -0.006092 0.999960 0.006546
vn -0.006092 0.999960 0.006546
vn -0.006092 0.999960 0.006546
vn -0.006092 0.999960 0.006546
vn -0.006025 0.999963 0.006138
vn -0.006025 0.999963 0.006138
vn -0.006025 0.999963 0.006138
vn -0.006025 0.999963 0.006138
vn -0.006025 0.999963 0.006138
vn -0.006025 0.999963 0.006138
vn -0.006025 0.999963 0.006138
vn -0.006025 0.999963 0.006138
vn -0.006025 0.999963 0.006138
vn -0.006025 0.999963 0.006138
vn -0.005947 0.999966 0.005718
vn -0.005947 0.999966 0.005718
vn -0.005947 0.999966 0.005718
vn -0.005947 0.999966 0.005718
vn -0.005947 0.999966 0.005718
vn -0.005947 0.999966 0.005718
vn -0.005947 0.999966 0.005718
vn -0.005947 0.999966 0.005718
vn -0.005947 0.999966 0.005718
vn -0.005947 0.999966 0.005718
vn -0.005837 0.999969 0.005270
vn -0.005837 0.999969 0.005270
vn -0.005837 0.999969 0.005270
vn -0.005837 0.999969 0.005270
vn -0.005837 0.999969 0.005270
vn -0.005837 0.999969 0.005270
vn -0.005837 0.999969 0.005270
vn -0.005837 0.999969 0.005270
vn -0.005837 0.999969 0.005270
vn -0.005837 0.999969 0.005270
vn -0.005702 0.999972 0.004817
vn -0.005702 0.999972 0.004817
vn -0.005702 0.999972 0.004817
vn -0.005702 0.999972 0.004817
vn -0.005702 0.999972 0.004817
vn -0.005702 0.999972 0.004817
vn -0.005702 0.999972 0.004817
vn -0.005702 0.999972 0.004817
vn -0.005702 0.999972 0.004817
vn -0.005702 0.999972 0.004817
vn -0.005413 0.999976 0.004332
vn -0.005413 0.999976 0.004332
vn -0.005413 0.999976 0.004332
vn -0.005413 0.999976 0.004332
vn -0.005413 0.999976 0.004332
vn -0.005413 0.999976 0.004332
vn -0.005413 0.999976 0.004332
vn -0.005413 0.999976 0.004332
vn -0.005413 0.999976 0.004332
vn -0.005413 0.999976 0.004332
vn -0.005123 0.999979 0.003847
vn -0.005123 0.999979 0.003847
vn -0.005123 0.999979 0.003847
vn -0.005123 0.999979 0.003847
vn -0.005123 0.999979 0.003847
vn -0.005123 0.999979 0.003847
vn -0.005123 0.999979 0.003847
vn -0.005123 0.999979 0.003847
vn -0.005123 0.999979 0.003847
vn -0.005123 0.999979 0.003847
vn -0.004794 0.999983 0.003362
vn -0.004794 0.999983 0.003362
vn -0.004794 0.999983 0.003362
vn -0.004794 0.999983 0.003362
vn -0.004794 0.999983 0.003362
vn -0.004794 0.999983 0.003362
vn -0.004794 0.999983 0.003362
vn -0.004794 0.999983 0.003362
vn -0.004794 0.999983 0.003362
vn -0.004794 0.999983 0.003362
vn -0.004466 0.999986 0.002876
vn -0.004466 0.999986 0.002876
vn -0.004466 0.999986 0.002876
vn -0.004466 0.999986 0.002876
vn -0.004466 0.999986 0.002876
vn -0.004466 0.999986 0.002876
vn -0.004466 0.999986 0.002876
vn -0.004466 0.999986 0.002876
vn -0.004466 0.999986 0.002876
vn -0.004466 0.999986 0.002876
vn -0.004028 0.999989 0.002473
vn -0.004028 0.999989 0.002473
vn -0.004028 0.999989 0.002473
vn -0.004028 0.999989 0.002473
vn -0.004028 0.999989 0.002473
vn -0.004028 0.999989 0.002473
vn -0.004028 0.999989 0.002473
vn -0.004028 0.999989 0.002473
vn -0.004028 0.999989 0.002473
vn -0.004028 0.999989 0.002473
vn -0.003570 0.999992 0.002084
vn -0.003570 0.999992 0.002084
vn -0.003570 0.999992 0.002084
vn -0.003570 0.999992 0.002084
vn -0.003570 0.999992 0.002084
vn -0.003570 0.999992 0.002084
vn -0.003570 0.999992 0.002084
vn -0.003570 0.999992 0.002084
vn -0.003570 0.999992 0.002084
vn -0.003570 0.999992 0.002084
vn -0.003117 0.999994 0.001717
vn -0.003117 0.999994 0.001717
vn -0.003117 0.999994 0.001717
vn -0.003117 0.999994 0.001717
vn -0.003117 0.999994 0.001717
vn -0.003117 0.999994 0.001717
vn -0.003117 0.999994 0.001717
vn -0.003117 0.999994 0.001717
vn -0.003117 0.999994 0.001717
vn -0.003117 0.999994 0.001717
vn -0.002667 0.999996 0.001364
vn -0.002667 0.999996 0.001364
vn -0.002667 0.999996 0.001364
vn -0.002667 0.999996 0.001364
vn -0.002667 0.999996 0.001364
vn -0.002667 0.999996 0.001364
vn -0.002667 0.999996 0.001364
vn -0.002667 0.999996 0.001364
vn -0.002667 0.999996 0.001364
vn -0.002667 0.999996 0.001364
vn -0.002220 0.999997 0.001035
vn -0.002220 0.999997 0.001035
vn -0.002220 0.999997 0.001035
vn -0.002220 0.999997 0.001035
vn -0.002220 0.999997 0.001035
vn -0.002220 0.999997 0.001035
vn -0.002220 0.999997 0.001035
vn -0.002220 0.999997 0.001035
vn -0.002220 0.999997 0.001035
vn -0.002220 0.999997 0.001035
vn -0.001786 0.999998 0.000827
vn -0.001786 0.999998 0.000827
vn -0.001786 0.999998 0.000827
vn -0.001786 0.999998 0.000827
vn -0.001786 0.999998 0.000827
vn -0.001786 0.999998 0.000827
vn -0.001786 0.999998 0.000827
vn -0.001786 0.999998 0.000827
vn -0.001786 0.999998 0.000827
vn -0.001786 0.999998 0.000827
vn -0.001352 0.999999 0.000619
vn -0.001352 0.999999 0.000619
vn -0.001352 0.999999 0.000619
vn -0.001352 0.999999 0.000619
vn -0.001352 0.999999 0.000619
vn -0.001352 0.999999 0.000619
vn -0.001352 0.999999 0.000619
vn -0.001352 0.999999 0.000619
vn -0.001352 0.999999 0.000619
vn -0.001352 0.999999 0.000619
vn -0.000940 1.000000 0.000427
vn -0.000940 1.000000 0.000427
vn -0.000940 1.000000 0.000427
vn -0.000940 1.000000 0.000427
vn -0.000940 1.000000 0.000427
vn -0.000940 1.000000 0.000427
vn -0.000940 1.000000 0.000427
vn -0.000940 1.000000 0.000427
vn -0.000940 1.000000 0.000427
vn -0.000940 1.000000 0.000427
vn -0.000546 1.000000 0.000248
vn -0.000546 1.000000 0.000248
vn -0.000546 1.000000 0.000248
vn -0.000546 1.000000 0.000248
vn -0.000546 1.000000 0.000248
vn -0.000546 1.000000 0.000248
vn -0.000546 1.000000 0.000248
vn -0.000546 1.000000 0.000248
vn -0.000546 1.000000 0.000248
vn -0.000546 1.000000 0.000248
vn -0.000153 1.000000 0.000070
vn -0.000153 1.000000 0.000070
vn -0.000153 1.000000 0.000070
vn -0.000153 1.000000 0.000070
vn -0.000153 1.000000 0.000070
vn -0.000153 1.000000 0.000070
vn -0.000153 1.000000 0.000070
vn -0.000153 1.000000 0.000070
vn -0.000153 1.000000 0.000070
vn -0.000153 1.000000 0.000070
vn 0.000163 1.000000 0.000066
vn 0.000163 1.000000 0.000066
vn 0.000163 1.000000 0.000066
vn 0.000163 1.000000 0.000066
vn 0.000163 1.000000 0.000066
vn 0.000163 1.000000 0.000066
vn 0.000163 1.000000 0.000066
vn 0.000163 1.000000 0.000066
vn 0.000163 1.000000 0.000066
vn 0.000163 1.000000 0.000066
vn 0.000430 1.000000 0.000173
vn 0.000430 1.000000 0.000173
vn 0.000430 1.000000 0.000173
vn 0.000430 1.000000 0.000173
vn 0.000430 1.000000 0.000173
vn 0.000430 1.000000 0.000173
vn 0.000430 1.000000 0.000173
vn 0.000430 1.000000 0.000173
vn 0.000430 1.000000 0.000173
vn 0.000430 1.000000 0.000173
vn 0.000696 1.000000 0.000281
vn 0.000696 1.000000 0.000281
vn 0.000696 1.000000 0.000281
vn 0.000696 1.000000 0.000281
vn 0.000696 1.000000 0.000281
vn 0.000696 1.000000 0.000281
vn 0.000696 1.000000 0.000281
vn 0.000696 1.000000 0.000281
vn 0.000696 1.000000 0.000281
vn 0.000696 1.000000 0.000281
vn 0.000974 1.000000 0.000397
vn 0.000974 1.000000 0.000397
vn 0.000974 1.000000 0.000397
vn 0.000974 1.000000 0.000397
vn 0.000974 1.000000 0.000397
vn 0.000974 1.000000 0.000397
vn 0.000974 1.000000 0.000397
vn 0.000974 1.000000 0.000397
vn 0.000974 1.000000 0.000397
vn 0.000974 1.000000 0.000397
vn 0.001258 0.999999 0.000516
vn 0.001258 0.999999 0.000516
vn 0.001258 0.999999 0.000516
vn 0.001258 0.999999 0.000516
vn 0.001258 0.999999 0.000516
vn 0.001258 0.999999 0.000516
vn 0.001258 0.999999 0.000516
vn 0.001258 0.999999 0.000516
vn 0.001258 0.999999 0.000516
vn 0.001258 0.999999 0.000516
vn 0.001541 0.999999 0.000636
vn 0.001541 0.999999 0.000636
vn 0.001541 0.999999 0.000636
vn 0.001541 0.999999 0.000636
vn 0.001541 0.999999 0.000636
vn 0.001541 0.999999 0.000636
vn 0.001541 0.999999 0.000636
vn 0.001541 0.999999 0.000636
vn 0.001541 0.999999 0.000636
vn 0.001541 0.999999 0.000636
vn 0.001806 0.999998 0.000820
vn 0.001806 0.999998 0.000820
vn 0.001806 0.999998 0.000820
vn 0.001806 0.999998 0.000820
vn 0.001806 0.999998 0.000820
vn 0.001806 0.999998 0.000820
vn 0.001806 0.999998 0.000820
vn 0.001806 0.999998 0.000820
vn 0.001806 0.999998 0.000820
vn 0.001806 0.999998 0.000820
vn 0.002069 0.999997 0.001013
vn 0.002069 0.999997 0.001013
vn 0.002069 0.999997 0.001013
vn 0.002069 0.999997 0.001013
vn 0.002069 0.999997 0.001013
vn 0.002069 0.999997 0.001013
vn 0.002069 0.999997 0.001013
vn 0.002069 0.999997 0.001013
vn 0.002069 0.999997 0.001013
vn 0.002069 0.999997 0.001013
vn 0.002332 0.999997 0.001209
vn 0.002332 0.999997 0.001209
vn 0.002332 0.999997 0.001209
vn 0.002332 0.999997 0.001209
vn 0.002332 0.999997 0.001209
vn 0.002332 0.999997 0.001209
vn 0.002332 0.999997 0.001209
vn 0.002332 0.999997 0.001209
vn 0.002332 0.999997 0.001209
vn 0.002332 0.999997 0.001209
vn 0.002592 0.999996 0.001414
vn 0.002592 0.999996 0.001414
vn 0.002592 0.999996 0.001414
vn 0.002592 0.999996 0.001414
vn 0.002592 0.999996 0.001414
vn 0.002592 0.999996 0.001414
vn 0.002592 0.999996 0.001414
vn 0.002592 0.999996 0.001414
vn 0.002592 0.999996 0.001414
vn 0.002592 0.999996 0.001414
vn 0.002853 0.999995 0.001619
vn 0.002853 0.999995 0.001619
vn 0.002853 0.999995 0.001619
vn 0.002853 0.999995 0.001619
vn 0.002853 0.999995 0.001619
vn 0.002853 0.999995 0.001619
vn 0.002853 0.999995 0.001619
vn 0.002853 0.999995 0.001619
vn 0.002853 0.999995 0.001619
vn 0.002853 0.999995 0.001619
vn 0.003053 0.999994 0.001852
vn 0.003053 0.999994 0.001852
vn 0.003053 0.999994 0.001852
vn 0.003053 0.999994 0.001852
vn 0.003053 0.999994 0.001852
vn 0.003053 0.999994 0.001852
vn 0.003053 0.999994 0.001852
vn 0.003053 0.999994 0.001852
vn 0.003053 0.999994 0.001852
vn 0.003053 0.999994 0.001852
vn 0.003235 0.999993 0.002093
vn 0.003235 0.999993 0.002093
vn 0.003235 0.999993 0.002093
vn 0.003235 0.999993 0.002093
vn 0.003235 0.999993 0.002093
vn 0.003235 0.999993 0.002093
vn 0.003235 0.999993 0.002093
vn 0.003235 0.999993 0.002093
vn 0.003235 0.999993 0.002093
vn 0.003235 0.999993 0.002093
vn 0.003410 0.999992 0.002334
vn 0.003410 0.999992 0.002334
vn 0.003410 0.999992 0.002334
vn 0.003410 0.999992 0.002334
vn 0.003410 0.999992 0.002334
vn 0.003410 0.999992 0.002334
vn 0.003410 0.999992 0.002334
vn 0.003410 0.999992 0.002334
vn 0.003410 0.999992 0.002334
vn 0.003410 0.999992 0.002334
vn 0.003570 0.999990 0.002573
vn 0.003570 0.999990 0.002573
vn 0.003570 0.999990 0.002573
vn 0.003570 0.999990 0.002573
vn 0.003570 0.999990 0.002573
vn 0.003570 0.999990 0.002573
vn 0.003570 0.999990 0.002573
vn 0.003570 0.999990 0.002573
vn 0.003570 0.999990 0.002573
vn 0.003570 0.999990 0.002573
vn 0.003731 0.999989 0.002812
vn 0.003731 0.999989 0.002812
vn 0.003731 0.999989 0.002812
vn 0.003731 0.999989 0.002812
vn 0.003731 0.999989 0.002812
vn 0.003731 0.999989 0.002812
vn 0.003731 0.999989 0.002812
vn 0.003731 0.999989 0.002812
vn 0.003731 0.999989 0.002812
vn 0.003731 0.999989 0.002812
vn 0.003817 0.999988 0.003036
vn 0.003817 0.999988 0.003036
vn 0.003817 0.999988 0.003036
vn 0.003817 0.999988 0.003036
vn 0.003817 0.999988 0.003036
vn 0.003817 0.999988 0.003036
vn 0.003817 0.999988 0.003036
vn 0.003817 0.999988 0.003036
vn 0.003817 0.999988 0.003036
vn 0.003817 0.999988 0.003036
vn 0.003890 0.999987 0.003257
vn 0.003890 0.999987 0.003257
vn 0.003890 0.999987 0.003257
vn 0.003890 0.999987 0.003257
vn 0.003890 0.999987 0.003257
vn 0.003890 0.999987 0.003257
vn 0.003890 0.999987 0.003257
vn 0.003890 0.999987 0.003257
vn 0.003890 0.999987 0.003257
vn 0.003890 0.999987 0.003257
vn 0.003955 0.999986 0.003472
vn 0.003955 0.999986 0.003472
vn 0.003955 0.999986 0.003472
vn 0.003955 0.999986 0.003472
vn 0.003955 0.999986 0.003472
vn 0.003955 0.999986 0.003472
vn 0.003955 0.999986 0.003472
vn 0.003955 0.999986 0.003472
vn 0.003955 0.999986 0.003472
vn 0.003955 0.999986 0.003472
vn 0.004005 0.999985 0.003676
vn 0.004005 0.999985 0.003676
vn 0.004005 0.999985 0.003676
vn 0.004005 0.999985 0.003676
vn 0.004005 0.999985 0.003676
vn 0.004005 0.999985 0.003676
vn 0.004005 0.999985 0.003676
vn 0.004005 0.999985 0.003676
vn 0.004005 0.999985 0.003676
vn 0.004005 0.999985 0.003676
vn 0.004056 0.999984 0.003879
vn 0.004056 0.999984 0.003879
vn 0.004056 0.999984 0.003879
vn 0.004056 0.999984 0.003879
vn 0.004056 0.999984 0.003879
vn 0.004056 0.999984 0.003879
vn 0.004056 0.999984 0.003879
vn 0.004056 0.999984 0.003879
vn 0.004056 0.999984 0.003879
vn 0.004056 0.999984 0.003879
vn 0.004057 0.999984 0.004047
vn 0.004057 0.999984 0.004047
vn 0.004057 0.999984 0.004047
vn 0.004057 0.999984 0.004047
vn 0.004057 0.999984 0.004047
vn 0.004057 0.999984 0.004047
vn 0.004057 0.999984 0.004047
vn 0.004057 0.999984 0.004047
vn 0.004057 0.999984 0.004047
vn 0.004057 0.999984 0.004047
vn 0.004050 0.999983 0.004209
vn 0.004050 0.999983 0.004209
vn 0.004050 0.999983 0.004209
vn 0.004050 0.999983 0.004209
vn 0.004050 0.999983 0.004209
vn 0.004050 0.999983 0.004209
vn 0.004050 0.999983 0.004209
vn 0.004050 0.999983 0.004209
vn 0.004050 0.999983 0.004209
vn 0.004050 0.999983 0.004209
vn 0.004040 0.999982 0.004364
vn 0.004040 0.999982 0.004364
vn 0.004040 0.999982 0.004364
vn 0.004040 0.999982 0.004364
vn 0.004040 0.999982 0.004364
vn 0.004040 0.999982 0.004364
vn 0.004040 0.999982 0.004364
vn 0.004040 0.999982 0.004364
vn 0.004040 0.999982 0.004364
vn 0.004040 0.999982 0.004364
vn 0.004018 0.999982 0.004504
vn 0.004018 0.999982 0.004504
vn 0.004018 0.999982 0.004504
vn 0.004018 0.999982 0.004504
vn 0.004018 0.999982 0.004504
vn 0.004018 0.999982 0.004504
vn 0.004018 0.999982 0.004504
vn 0.004018 0.999982 0.004504
vn 0.004018 0.999982 0.004504
vn 0.004018 0.999982 0.004504
vn 0.003997 0.999981 0.004643
vn 0.003997 0.999981 0.004643
vn 0.003997 0.999981 0.004643
vn 0.003997 0.999981 0.004643
vn 0.003997 0.999981 0.004643
vn 0.003997 0.999981 0.004643
vn 0.003997 0.999981 0.004643
vn 0.003997 0.999981 0.004643
vn 0.003997 0.999981 0.004643
vn 0.003997 0.999981 0.004643
vn 0.003959 0.999981 0.004759
vn 0.003959 0.999981 0.004759
vn 0.003959 0.999981 0.004759
vn 0.003959 0.999981 0.004759
vn 0.003959 0.999981 0.004759
vn 0.003959 0.999981 0.004759
vn 0.003959 0.999981 0.004759
vn 0.003959 0.999981 0.004759
vn 0.003959 0.999981 0.004759
vn 0.003959 0.999981 0.004759
vn 0.003910 0.999981 0.004860
vn 0.003910 0.999981 0.004860
vn 0.003910 0.999981 0.004860
vn 0.003910 0.999981 0.004860
vn 0.003910 0.999981 0.004860
vn 0.003910 0.999981 0.004860
vn 0.003910 0.999981 0.004860
vn 0.003910 0.999981 0.004860
vn 0.003910 0.999981 0.004860
vn 0.003910 0.999981 0.004860
vn 0.003861 0.999980 0.004960
vn 0.003861 0.999980 0.004960
vn 0.003861 0.999980 0.004960
vn 0.003861 0.999980 0.004960
vn 0.003861 0.999980 0.004960
vn 0.003861 0.999980 0.004960
vn 0.003861 0.999980 0.004960
vn 0.003861 0.999980 0.004960
vn 0.003861 0.999980 0.004960
vn 0.003861 0.999980 0.004960
vn 0.003806 0.999980 0.005043
vn 0.003806 0.999980 0.005043
vn 0.003806 0.999980 0.005043
vn 0.003806 0.999980 0.005043
vn 0.003806 0.999980 0.005043
vn 0.003806 0.999980 0.005043
vn 0.003806 0.999980 0.005043
vn 0.003806 0.999980 0.005043
vn 0.003806 0.999980 0.005043
vn 0.003806 0.999980 0.005043
vn 0.003750 0.999980 0.005124
vn 0.003750 0.999980 0.005124
vn 0.003750 0.999980 0.005124
vn 0.003750 0.999980 0.005124
vn 0.003750 0.999980 0.005124
vn 0.003750 0.999980 0.005124
vn 0.003750 0.999980 0.005124
vn 0.003750 0.999980 0.005124
vn 0.003750 0.999980 0.005124
vn 0.003750 0.999980 0.005124
vn 0.003693 0.999980 0.005202
vn 0.003693 0.999980 0.005202
vn 0.003693 0.999980 0.005202
vn 0.003693 0.999980 0.005202
vn 0.003693 0.999980 0.005202
vn 0.003693 0.999980 0.005202
vn 0.003693 0.999980 0.005202
vn 0.003693 0.999980 0.005202
vn 0.003693 0.999980 0.005202
vn 0.003693 0.999980 0.005202
vn 0.003625 0.999980 0.005255
vn 0.003625 0.999980 0.005255
vn 0.003625 0.999980 0.005255
vn 0.003625 0.999980 0.005255
vn 0.003625 0.999980 0.005255
vn 0.003625 0.999980 0.005255
vn 0.003625 0.999980 0.005255
vn 0.003625 0.999980 0.005255
vn 0.003625 0.999980 0.005255
vn 0.003625 0.999980 0.005255
vn 0.003558 0.999980 0.005308
vn 0.003558 0.999980 0.005308
vn 0.003558 0.999980 0.005308
vn 0.003558 0.999980 0.005308
vn 0.003558 0.999980 0.005308
vn 0.003558 0.999980 0.005308
vn 0.003558 0.999980 0.005308
vn 0.003558 0.999980 0.005308
vn 0.003558 0.999980 0.005308
vn 0.003558 0.999980 0.005308
vn 0.003490 0.999980 0.005357
vn 0.003490 0.999980 0.005357
vn 0.003490 0.999980 0.005357
vn 0.003490 0.999980 0.005357
vn 0.003490 0.999980 0.005357
vn 0.003490 0.999980 0.005357
vn 0.003490 0.999980 0.005357
vn 0.003490 0.999980 0.005357
vn 0.003490 0.999980 0.005357
vn 0.003490 0.999980 0.005357
vn 0.003420 0.999980 0.005393
vn 0.003420 0.999980 0.005393
vn 0.003420 0.999980 0.005393
vn 0.003420 0.999980 0.005393
vn 0.003420 0.999980 0.005393
vn 0.003420 0.999980 0.005393
vn 0.003420 0.999980 0.005393
vn 0.003420 0.999980 0.005393
vn 0.003420 0.999980 0.005393
vn 0.003420 0.999980 0.005393
vn 0.003350 0.999980 0.005429
vn 0.003350 0.999980 0.005429
vn 0.003350 0.999980 0.005429
vn 0.003350 0.999980 0.005429
vn 0.003350 0.999980 0.005429
vn 0.003350 0.999980 0.005429
vn 0.003350 0.999980 0.005429
vn 0.003350 0.999980 0.005429
vn 0.003350 0.999980 0.005429
vn 0.003350 0.999980 0.005429
vn 0.003278 0.999980 0.005458
vn 0.003278 0.999980 0.005458
vn 0.003278 0.999980 0.005458
vn 0.003278 0.999980 0.005458
vn 0.003278 0.999980 0.005458
vn 0.003278 0.999980 0.005458
vn 0.003278 0.999980 0.005458
vn 0.003278 0.999980 0.005458
vn 0.003278 0.999980 0.005458
vn 0.003278 0.999980 0.005458
vn 0.003204 0.999980 0.005476
vn 0.003204 0.999980 0.005476
vn 0.003204 0.999980 0.005476
vn 0.003204 0.999980 0.005476
vn 0.003204 0.999980 0.005476
vn 0.003204 0.999980 0.005476
vn 0.003204 0.999980 0.005476
vn 0.003204 0.999980 0.005476
vn 0.003204 0.999980 0.005476
vn 0.003204 0.999980 0.005476
vn 0.003130 0.999980 0.005493
vn 0.003130 0.999980 0.005493
vn 0.003130 0.999980 0.005493
vn 0.003130 0.999980 0.005493
vn 0.003130 0.999980 0.005493
vn 0.003130 0.999980 0.005493
vn 0.003130 0.999980 0.005493
vn 0.003130 0.999980 0.005493
vn 0.003130 0.999980 0.005493
vn 0.003130 0.999980 0.005493
vn 0.003055 0.999980 0.005504
vn 0.003055 0.999980 0.005504
vn 0.003055 0.999980 0.005504
vn 0.003055 0.999980 0.005504
vn 0.003055 0.999980 0.005504
vn 0.003055 0.999980 0.005504
vn 0.003055 0.999980 0.005504
vn 0.003055 0.999980 0.005504
vn 0.003055 0.999980 0.005504
vn 0.003055 0.999980 0.005504
vn 0.002980 0.999980 0.005506
vn 0.002980 0.999980 0.005506
vn 0.002980 0.999980 0.005506
vn 0.002980 0.999980 0.005506
vn 0.002980 0.999980 0.005506
vn 0.002980 0.999980 0.005506
vn 0.002980 0.999980 0.005506
vn 0.002980 0.999980 0.005506
vn 0.002980 0.999980 0.005506
vn 0.002980 0.999980 0.005506
vn 0.002905 0.999981 0.005509
vn 0.002905 0.999981 0.005509
vn 0.002905 0.999981 0.005509
vn 0.002905 0.999981 0.005509
vn 0.002905 0.999981 0.005509
vn 0.002905 0.999981 0.005509
vn 0.002905 0.999981 0.005509
vn 0.002905 0.999981 0.005509
vn 0.002905 0.999981 0.005509
vn 0.002905 0.999981 0.005509
vn 0.002829 0.999981 0.005505
vn 0.002829 0.999981 0.005505
vn 0.002829 0.999981 0.005505
vn 0.002829 0.999981 0.005505
vn 0.002829 0.999981 0.005505
vn 0.002829 0.999981 0.005505
vn 0.002829 0.999981 0.005505
vn 0.002829 0.999981 0.005505
vn 0.002829 0.999981 0.005505
vn 0.002829 0.999981 0.005505
vn 0.002753 0.999981 0.005494
vn 0.002753 0.999981 0.005494
vn 0.002753 0.999981 0.005494
vn 0.002753 0.999981 0.005494
vn 0.002753 0.999981 0.005494
vn 0.002753 0.999981 0.005494
vn 0.002753 0.999981 0.005494
vn 0.002753 0.999981 0.005494
vn 0.002753 0.999981 0.005494
vn 0.002753 0.999981 0.005494
vn 0.002676 0.999981 0.005483
vn 0.002676 0.999981 0.005483
vn 0.002676 0.999981 0.005483
vn 0.002676 0.999981 0.005483
vn 0.002676 0.999981 0.005483
vn 0.002676 0.999981 0.005483
vn 0.002676 0.999981 0.005483
vn 0.002676 0.999981 0.005483
vn 0.002676 0.999981 0.005483
vn 0.002676 0.999981 0.005483
vn 0.002599 0.999982 0.005466
vn 0.002599 0.999982 0.005466
vn 0.002599 0.999982 0.005466
vn 0.002599 0.999982 0.005466
vn 0.002599 0.999982 0.005466
vn 0.002599 0.999982 0.005466
vn 0.002599 0.999982 0.005466
vn 0.002599 0.999982 0.005466
vn 0.002599 0.999982 0.005466
vn 0.002599 0.999982 0.005466
vn 0.002522 0.999982 0.005439
vn 0.002522 0.999982 0.005439
vn 0.002522 0.999982 0.005439
vn 0.002522 0.999982 0.005439
vn 0.002522 0.999982 0.005439
vn 0.002522 0.999982 0.005439
vn 0.002522 0.999982 0.005439
vn 0.002522 0.999982 0.005439
vn 0.002522 0.999982 0.005439
vn 0.002522 0.999982 0.005439
vn 0.002445 0.999982 0.005412
vn 0.002445 0.999982 0.005412
vn 0.002445 0.999982 0.005412
vn 0.002445 0.999982 0.005412
vn 0.002445 0.999982 0.005412
vn 0.002445 0.999982 0.005412
vn 0.002445 0.999982 0.005412
vn 0.002445 0.999982 0.005412
vn 0.002445 0.999982 0.005412
vn 0.002445 0.999982 0.005412
vn 0.002368 0.999983 0.005381
vn 0.002368 0.999983 0.005381
vn 0.002368 0.999983 0.005381
vn 0.002368 0.999983 0.005381
vn 0.002368 0.999983 0.005381
vn 0.002368 0.999983 0.005381
vn 0.002368 0.999983 0.005381
vn 0.002368 0.999983 0.005381
vn 0.002368 0.999983 0.005381
vn 0.002368 0.999983 0.005381
vn 0.002290 0.999983 0.005344
vn 0.002290 0.999983 0.005344
vn 0.002290 0.999983 0.005344
vn 0.002290 0.999983 0.005344
vn 0.002290 0.999983 0.005344
vn 0.002290 0.999983 0.005344
vn 0.002290 0.999983 0.005344
vn 0.002290 0.999983 0.005344
vn 0.002290 0.999983 0.005344
vn 0.002290 0.999983 0.005344
vn 0.002213 0.999983 0.005306
vn 0.002213 0.999983 0.005306
vn 0.002213 0.999983 0.005306
vn 0.002213 0.999983 0.005306
vn 0.002213 0.999983 0.005306
vn 0.002213 0.999983 0.005306
vn 0.002213 0.999983 0.005306
vn 0.002213 0.999983 0.005306
vn 0.002213 0.999983 0.005306
vn 0.002213 0.999983 0.005306
vn 0.002135 0.999984 0.005261
vn 0.002135 0.999984 0.005261
vn 0.002135 0.999984 0.005261
vn 0.002135 0.999984 0.005261
vn 0.002135 0.999984 0.005261
vn 0.002135 0.999984 0.005261
vn 0.002135 0.999984 0.005261
vn 0.002135 0.999984 0.005261
vn 0.002135 0.999984 0.005261
vn 0.002135 0.999984 0.005261
vn 0.002057 0.999984 0.005204
vn 0.002057 0.999984 0.005204
vn 0.002057 0.999984 0.005204
vn 0.002057 0.999984 0.005204
vn 0.002057 0.999984 0.005204
vn 0.002057 0.999984 0.005204
vn 0.002057 0.999984 0.005204
vn 0.002057 0.999984 0.005204
vn 0.002057 0.999984 0.005204
vn 0.002057 0.999984 0.005204
vn 0.001979 0.999985 0.005148
vn 0.001979 0.999985 0.005148
vn 0.001979 0.999985 0.005148
vn 0.001979 0.999985 0.005148
vn 0.001979 0.999985 0.005148
vn 0.001979 0.999985 0.005148
vn 0.001979 0.999985 0.005148
vn 0.001979 0.999985 0.005148
vn 0.001979 0.999985 0.005148
vn 0.001979 0.999985 0.005148
vn 0.001900 0.999985 0.005086
vn 0.001900 0.999985 0.005086
vn 0.001900 0.999985 0.005086
vn 0.001900 0.999985 0.005086
vn 0.001900 0.999985 0.005086
vn 0.001900 0.999985 0.005086
vn 0.001900 0.999985 0.005086
vn 0.001900 0.999985 0.005086
vn 0.001900 0.999985 0.005086
vn 0.001900 0.999985 0.005086
vn 0.001821 0.999986 0.005019
vn 0.001821 0.999986 0.005019
vn 0.001821 0.999986 0.005019
vn 0.001821 0.999986 0.005019
vn 0.001821 0.999986 0.005019
vn 0.001821 0.999986 0.005019
vn 0.001821 0.999986 0.005019
vn 0.001821 0.999986 0.005019
vn 0.001821 0.999986 0.005019
vn 0.001821 0.999986 0.005019
vn 0.001741 0.999986 0.004952
vn 0.001741 0.999986 0.004952
vn 0.001741 0.999986 0.004952
vn 0.001741 0.999986 0.004952
vn 0.001741 0.999986 0.004952
vn 0.001741 0.999986 0.004952
vn 0.001741 0.999986 0.004952
vn 0.001741 0.999986 0.004952
vn 0.001741 0.999986 0.004952
vn 0.001741 0.999986 0.004952
vn 0.001662 0.999987 0.004868
vn 0.001662 0.999987 0.004868
vn 0.001662 0.999987 0.004868
vn 0.001662 0.999987 0.004868
vn 0.001662 0.999987 0.004868
vn 0.001662 0.999987 0.004868
vn 0.001662 0.999987 0.004868
vn 0.001662 0.999987 0.004868
vn 0.001662 0.999987 0.004868
vn 0.001662 0.999987 0.004868
vn 0.001582 0.999987 0.004774
vn 0.001582 0.999987 0.004774
vn 0.001582 0.999987 0.004774
vn 0.001582 0.999987 0.004774
vn 0.001582 0.999987 0.004774
vn 0.001582 0.999987 0.004774
vn 0.001582 0.999987 0.004774
vn 0.001582 0.999987 0.004774
vn 0.001582 0.999987 0.004774
vn 0.001582 0.999987 0.004774
vn 0.001502 0.999988 0.004679
vn 0.001502 0.999988 0.004679
vn 0.001502 0.999988 0.004679
vn 0.001502 0.999988 0.004679
vn 0.001502 0.999988 0.004679
vn 0.001502 0.999988 0.004679
vn 0.001502 0.999988 0.004679
vn 0.001502 0.999988 0.004679
vn 0.001502 0.999988 0.004679
vn 0.001502 0.999988 0.004679
vn 0.001420 0.999989 0.004574
vn 0.001420 0.999989 0.004574
vn 0.001420 0.999989 0.004574
vn 0.001420 0.999989 0.004574
vn 0.001420 0.999989 0.004574
vn 0.001420 0.999989 0.004574
vn 0.001420 0.999989 0.004574
vn 0.001420 0.999989 0.004574
vn 0.001420 0.999989 0.004574
vn 0.001420 0.999989 0.004574
vn 0.001338 0.999989 0.004466
vn 0.001338 0.999989 0.004466
vn 0.001338 0.999989 0.004466
vn 0.001338 0.999989 0.004466
vn 0.001338 0.999989 0.004466
vn 0.001338 0.999989 0.004466
vn 0.001338 0.999989 0.004466
vn 0.001338 0.999989 0.004466
vn 0.001338 0.999989 0.004466
vn 0.001338 0.999989 0.004466
vn 0.001256 0.999990 0.004353
vn 0.001256 0.999990 0.004353
vn 0.001256 0.999990 0.004353
vn 0.001256 0.999990 0.004353
vn 0.001256 0.999990 0.004353
vn 0.001256 0.999990 0.004353
vn 0.001256 0.999990 0.004353
vn 0.001256 0.999990 0.004353
vn 0.001256 0.999990 0.004353
vn 0.001256 0.999990 0.004353
vn 0.001173 0.999991 0.004197
vn 0.001173 0.999991 0.004197
vn 0.001173 0.999991 0.004197
vn 0.001173 0.999991 0.004197
vn 0.001173 0.999991 0.004197
vn 0.001173 0.999991 0.004197
vn 0.001173 0.999991 0.004197
vn 0.001173 0.999991 0.004197
vn 0.001173 0.999991 0.004197
vn 0.001173 0.999991 0.004197
vn 0.001090 0.999991 0.004041
vn 0.001090 0.999991 0.004041
vn 0.001090 0.999991 0.004041
vn 0.001090 0.999991 0.004041
vn 0.001090 0.999991 0.004041
vn 0.001090 0.999991 0.004041
vn 0.001090 0.999991 0.004041
vn 0.001090 0.999991 0.004041
vn 0.001090 0.999991 0.004041
vn 0.001090 0.999991 0.004041
vn 0.001004 0.999992 0.003874
vn 0.001004 0.999992 0.003874
vn 0.001004 0.999992 0.003874
vn 0.001004 0.999992 0.003874
vn 0.001004 0.999992 0.003874
vn 0.001004 0.999992 0.003874
vn 0.001004 0.999992 0.003874
vn 0.001004 0.999992 0.003874
vn 0.001004 0.999992 0.003874
vn 0.001004 0.999992 0.003874
vn 0.000917 0.999993 0.003698
vn 0.000917 0.999993 0.003698
vn 0.000917 0.999993 0.003698
vn 0.000917 0.999993 0.003698
vn 0.000917 0.999993 0.003698
vn 0.000917 0.999993 0.003698
vn 0.000917 0.999993 0.003698
vn 0.000917 0.999993 0.003698
vn 0.000917 0.999993 0.003698
vn 0.000917 0.999993 0.003698
vn 0.000830 0.999993 0.003516
vn 0.000830 0.999993 0.003516
vn 0.000830 0.999993 0.003516
vn 0.000830 0.999993 0.003516
vn 0.000830 0.999993 0.003516
vn 0.000830 0.999993 0.003516
vn 0.000830 0.999993 0.003516
vn 0.000830 0.999993 0.003516
vn 0.000830 0.999993 0.003516
vn 0.000830 0.999993 0.003516
vn 0.000740 0.999995 0.003240
vn 0.000740 0.999995 0.003240
vn 0.000740 0.999995 0.003240
vn 0.000740 0.999995 0.003240
vn 0.000740 0.999995 0.003240
vn 0.000740 0.999995 0.003240
vn 0.000740 0.999995 0.003240
vn 0.000740 0.999995 0.003240
vn 0.000740 0.999995 0.003240
vn 0.000740 0.999995 0.003240
vn 0.000650 0.999995 0.002964
vn 0.000650 0.999995 0.002964
vn 0.000650 0.999995 0.002964
vn 0.000650 0.999995 0.002964
vn 0.000650 0.999995 0.002964
vn 0.000650 0.999995 0.002964
vn 0.000650 0.999995 0.002964
vn 0.000650 0.999995 0.002964
vn 0.000650 0.999995 0.002964
vn 0.000650 0.999995 0.002964
vn 0.000555 0.999996 0.002659
vn 0.000555 0.999996 0.002659
vn 0.000555 0.999996 0.002659
vn 0.000555 0.999996 0.002659
vn 0.000555 0.999996 0.002659
vn 0.000555 0.999996 0.002659
vn 0.000555 0.999996 0.002659
vn 0.000555 0.999996 0.002659
vn 0.000555 0.999996 0.002659
vn 0.000555 0.999996 0.002659
vn 0.000458 0.999997 0.002345
vn 0.000458 0.999997 0.002345
vn 0.000458 0.999997 0.002345
vn 0.000458 0.999997 0.002345
vn 0.000458 0.999997 0.002345
vn 0.000458 0.999997 0.002345
vn 0.000458 0.999997 0.002345
vn 0.000458 0.999997 0.002345
vn 0.000458 0.999997 0.002345
vn 0.000458 0.999997 0.002345
vn 0.000354 0.999998 0.001868
vn 0.000354 0.999998 0.001868
vn 0.000354 0.999998 0.001868
vn 0.000354 0.999998 0.001868
vn 0.000354 0.999998 0.001868
vn 0.000354 0.999998 0.001868
vn 0.000354 0.999998 0.001868
vn 0.000354 0.999998 0.001868
vn 0.000354 0.999998 0.001868
vn 0.000354 0.999998 0.001868
vn 0.000246 0.999999 0.001297
vn 0.000246 0.999999 0.001297
vn 0.000246 0.999999 0.001297
vn 0.000246 0.999999 0.001297
vn 0.000246 0.999999 0.001297
vn 0.000246 0.999999 0.001297
vn 0.000246 0.999999 0.001297
vn 0.000246 0.999999 0.001297
vn 0.000246 0.999999 0.001297
vn 0.000246 0.999999 0.001297
vn 0.000126 1.000000 0.000662
vn 0.000126 1.000000 0.000662
vn 0.000126 1.000000 0.000662
vn 0.000126 1.000000 0.000662
vn 0.000126 1.000000 0.000662
vn 0.000126 1.000000 0.000662
vn 0.000126 1.000000 0.000662
vn 0.000126 1.000000 0.000662
vn 0.000126 1.000000 0.000662
vn 0.000126 1.000000 0.000662
vn 0.000000 1.000000 0.000000
vn 0.000000 1.000000 0.000000
vn 0.000000 1.000000 0.000000
vn 0.000000 1.000000 0.000000
vn 0.000000 1.000000 0.000000
vn 0.000000 1.000000 0.000000
vn 0.000000 1.000000 0.000000
vn 0.000000 1.000000 0.000000
vn 0.000000 1.000000 0.000000
vn 0.000000 1.000000 0.000000

vt 0.000000 0.000000
vt 0.226667 0.000000
vt 0.453333 0.000000
vt 0.680000 0.000000
vt 0.906667 0.000000
vt 1.133333 0.000000
vt 1.360000 0.000000
vt 1.586667 0.000000
vt 1.813333 0.000000
vt 2.040000 0.000000
vt 0.000000 0.099800
vt 0.226667 0.099800
vt 0.453333 0.099800
vt 0.680000 0.099800
vt 0.906667 0.099800
vt 1.133333 0.099800
vt 1.360000 0.099800
vt 1.586667 0.099800
vt 1.813333 0.099800
vt 2.040000 0.099800
vt 0.000000 0.199652
vt 0.226667 0.199652
vt 0.453333 0.199652
vt 0.680000 0.199652
vt 0.906667 0.199652
vt 1.133333 0.199652
vt 1.360000 0.199652
vt 1.586667 0.199652
vt 1.813333 0.199652
vt 2.040000 0.199652
vt 0.000000 0.299491
vt 0.226667 0.299491
vt 0.453333 0.299491
vt 0.680000 0.299491
vt 0.906667 0.299491
vt 1.133333 0.299491
vt 1.360000 0.299491
vt 1.586667 0.299491
vt 1.813333 0.299491
vt 2.040000 0.299491
vt 0.000000 0.399312
vt 0.226667 0.399312
vt 0.453333 0.399312
vt 0.680000 0.399312
vt 0.906667 0.399312
vt 1.133333 0.399312
vt 1.360000 0.399312
vt 1.586667 0.399312
vt 1.813333 0.399312
vt 2.040000 0.399312
vt 0.000000 0.499186
vt 0.226667 0.499186
vt 0.453333 0.499186
vt 0.680000 0.499186
vt 0.906667 0.499186
vt 1.133333 0.499186
vt 1.360000 0.499186
vt 1.586667 0.499186
vt 1.813333 0.499186
vt 2.040000 0.499186
vt 0.000000 0.598982
vt 0.226667 0.598982
vt 0.453333 0.598982
vt 0.680000 0.598982
vt 0.906667 0.598982
vt 1.133333 0.598982
vt 1.360000 0.598982
vt 1.586667 0.598982
vt 1.813333 0.598982
vt 2.040000 0.598982
vt 0.000000 0.698884
vt 0.226667 0.698884
vt 0.453333 0.698884
vt 0.680000 0.698884
vt 0.906667 0.698884
vt 1.133333 0.698884
vt 1.360000 0.698884
vt 1.586667 0.698884
vt 1.813333 0.698884
vt 2.040000 0.698884
vt 0.000000 0.798662
vt 0.226667 0.798662
vt 0.453333 0.798662
vt 0.680000 0.798662
vt 0.906667 0.798662
vt 1.133333 0.798662
vt 1.360000 0.798662
vt 1.586667 0.798662
vt 1.813333 0.798662
vt 2.040000 0.798662
vt 0.000000 0.898583
vt 0.226667 0.898583
vt 0.453333 0.898583
vt 0.680000 0.898583
vt 0.906667 0.898583
vt 1.133333 0.898583
vt 1.360000 0.898583
vt 1.586667 0.898583
vt 1.813333 0.898583
vt 2.040000 0.898583
vt 0.000000 0.998349
vt 0.226667 0.998349
vt 0.453333 0.998349
vt 0.680000 0.998349
vt 0.906667 0.998349
vt 1.133333 0.998349
vt 1.360000 0.998349
vt 1.586667 0.998349
vt 1.813333 0.998349
vt 2.040000 0.998349
vt 0.000000 1.098283
vt 0.226667 1.098283
vt 0.453333 1.098283
vt 0.680000 1.098283
vt 0.906667 1.098283
vt 1.133333 1.098283
vt 1.360000 1.098283
vt 1.586667 1.098283
vt 1.813333 1.098283
vt 2.040000 1.098283
vt 0.000000 1.198042
vt 0.226667 1.198042
vt 0.453333 1.198042
vt 0.680000 1.198042
vt 0.906667 1.198042
vt 1.133333 1.198042
vt 1.360000 1.198042
vt 1.586667 1.198042
vt 1.813333 1.198042
vt 2.040000 1.198042
vt 0.000000 1.297983
vt 0.226667 1.297983
vt 0.453333 1.297983
vt 0.680000 1.297983
vt 0.906667 1.297983
vt 1.133333 1.297983
vt 1.360000 1.297983
vt 1.586667 1.297983
vt 1.813333 1.297983
vt 2.040000 1.297983
vt 0.000000 1.397733
vt 0.226667 1.397733
vt 0.453333 1.397733
vt 0.680000 1.397733
vt 0.906667 1.397733
vt 1.133333 1.397733
vt 1.360000 1.397733
vt 1.586667 1.397733
vt 1.813333 1.397733
vt 2.040000 1.397733
vt 0.000000 1.497687
vt 0.226667 1.497687
vt 0.453333 1.497687
vt 0.680000 1.497687
vt 0.906667 1.497687
vt 1.133333 1.497687
vt 1.360000 1.497687
vt 1.586667 1.497687
vt 1.813333 1.497687
vt 2.040000 1.497687
vt 0.000000 1.597417
vt 0.226667 1.597417
vt 0.453333 1.597417
vt 0.680000 1.597417
vt 0.906667 1.597417
vt 1.133333 1.597417
vt 1.360000 1.597417
vt 1.586667 1.597417
vt 1.813333 1.597417
vt 2.040000 1.597417
vt 0.000000 1.697398
vt 0.226667 1.697398
vt 0.453333 1.697398
vt 0.680000 1.697398
vt 0.906667 1.697398
vt 1.133333 1.697398
vt 1.360000 1.697398
vt 1.586667 1.697398
vt 1.813333 1.697398
vt 2.040000 1.697398
vt 0.000000 1.797083
vt 0.226667 1.797083
vt 0.453333 1.797083
vt 0.680000 1.797083
vt 0.906667 1.797083
vt 1.133333 1.797083
vt 1.360000 1.797083
vt 1.586667 1.797083
vt 1.813333 1.797083
vt 2.040000 1.797083
vt 0.000000 1.897120
vt 0.226667 1.897120
vt 0.453333 1.897120
vt 0.680000 1.897120
vt 0.906667 1.897120
vt 1.133333 1.897120
vt 1.360000 1.897120
vt 1.586667 1.897120
vt 1.813333 1.897120
vt 2.040000 1.897120
vt 0.000000 1.996715
vt 0.226667 1.996715
vt 0.453333 1.996715
vt 0.680000 1.996715
vt 0.906667 1.996715
vt 1.133333 1.996715
vt 1.360000 1.996715
vt 1.586667 1.996715
vt 1.813333 1.996715
vt 2.040000 1.996715
vt 0.000000 2.096849
vt 0.226667 2.096849
vt 0.453333 2.096849
vt 0.680000 2.096849
vt 0.906667 2.096849
vt 1.133333 2.096849
vt 1.360000 2.096849
vt 1.586667 2.096849
vt 1.813333 2.096849
vt 2.040000 2.096849
vt 0.000000 2.196287
vt 0.226667 2.196287
vt 0.453333 2.196287
vt 0.680000 2.196287
vt 0.906667 2.196287
vt 1.133333 2.196287
vt 1.360000 2.196287
vt 1.586667 2.196287
vt 1.813333 2.196287
vt 2.040000 2.196287
vt 0.000000 2.296571
vt 0.226667 2.296571
vt 0.453333 2.296571
vt 0.680000 2.296571
vt 0.906667 2.296571
vt 1.133333 2.296571
vt 1.360000 2.296571
vt 1.586667 2.296571
vt 1.813333 2.296571
vt 2.040000 2.296571
vt 0.000000 2.395881
vt 0.226667 2.395881
vt 0.453333 2.395881
vt 0.680000 2.395881
vt 0.906667 2.395881
vt 1.133333 2.395881
vt 1.360000 2.395881
vt 1.586667 2.395881
vt 1.813333 2.395881
vt 2.040000 2.395881
vt 0.000000 2.496254
vt 0.226667 2.496254
vt 0.453333 2.496254
vt 0.680000 2.496254
vt 0.906667 2.496254
vt 1.133333 2.496254
vt 1.360000 2.496254
vt 1.586667 2.496254
vt 1.813333 2.496254
vt 2.040000 2.496254
vt 0.000000 2.595804
vt 0.226667 2.595804
vt 0.453333 2.595804
vt 0.680000 2.595804
vt 0.906667 2.595804
vt 1.133333 2.595804
vt 1.360000 2.595804
vt 1.586667 2.595804
vt 1.813333 2.595804
vt 2.040000 2.595804
vt 0.000000 2.695831
vt 0.226667 2.695831
vt 0.453333 2.695831
vt 0.680000 2.695831
vt 0.906667 2.695831
vt 1.133333 2.695831
vt 1.360000 2.695831
vt 1.586667 2.695831
vt 1.813333 2.695831
vt 2.040000 2.695831
vt 0.000000 2.795712
vt 0.226667 2.795712
vt 0.453333 2.795712
vt 0.680000 2.795712
vt 0.906667 2.795712
vt 1.133333 2.795712
vt 1.360000 2.795712
vt 1.586667 2.795712
vt 1.813333 2.795712
vt 2.040000 2.795712
vt 0.000000 2.895200
vt 0.226667 2.895200
vt 0.453333 2.895200
vt 0.680000 2.895200
vt 0.906667 2.895200
vt 1.133333 2.895200
vt 1.360000 2.895200
vt 1.586667 2.895200
vt 1.813333 2.895200
vt 2.040000 2.895200
vt 0.000000 2.995478
vt 0.226667 2.995478
vt 0.453333 2.995478
vt 0.680000 2.995478
vt 0.906667 2.995478
vt 1.133333 2.995478
vt 1.360000 2.995478
vt 1.586667 2.995478
vt 1.813333 2.995478
vt 2.040000 2.995478
vt 0.000000 3.094928
vt 0.226667 3.094928
vt 0.453333 3.094928
vt 0.680000 3.094928
vt 0.906667 3.094928
vt 1.133333 3.094928
vt 1.360000 3.094928
vt 1.586667 3.094928
vt 1.813333 3.094928
vt 2.040000 3.094928
vt 0.000000 3.194933
vt 0.226667 3.194933
vt 0.453333 3.194933
vt 0.680000 3.194933
vt 0.906667 3.194933
vt 1.133333 3.194933
vt 1.360000 3.194933
vt 1.586667 3.194933
vt 1.813333 3.194933
vt 2.040000 3.194933
vt 0.000000 3.294900
vt 0.226667 3.294900
vt 0.453333 3.294900
vt 0.680000 3.294900
vt 0.906667 3.294900
vt 1.133333 3.294900
vt 1.360000 3.294900
vt 1.586667 3.294900
vt 1.813333 3.294900
vt 2.040000 3.294900
vt 0.000000 3.394281
vt 0.226667 3.394281
vt 0.453333 3.394281
vt 0.680000 3.394281
vt 0.906667 3.394281
vt 1.133333 3.394281
vt 1.360000 3.394281
vt 1.586667 3.394281
vt 1.813333 3.394281
vt 2.040000 3.394281
vt 0.000000 3.494365
vt 0.226667 3.494365
vt 0.453333 3.494365
vt 0.680000 3.494365
vt 0.906667 3.494365
vt 1.133333 3.494365
vt 1.360000 3.494365
vt 1.586667 3.494365
vt 1.813333 3.494365
vt 2.040000 3.494365
vt 0.000000 3.594231
vt 0.226667 3.594231
vt 0.453333 3.594231
vt 0.680000 3.594231
vt 0.906667 3.594231
vt 1.133333 3.594231
vt 1.360000 3.594231
vt 1.586667 3.594231
vt 1.813333 3.594231
vt 2.040000 3.594231
vt 0.000000 3.693791
vt 0.226667 3.693791
vt 0.453333 3.693791
vt 0.680000 3.693791
vt 0.906667 3.693791
vt 1.133333 3.693791
vt 1.360000 3.693791
vt 1.586667 3.693791
vt 1.813333 3.693791
vt 2.040000 3.693791
vt 0.000000 3.793617
vt 0.226667 3.793617
vt 0.453333 3.793617
vt 0.680000 3.793617
vt 0.906667 3.793617
vt 1.133333 3.793617
vt 1.360000 3.793617
vt 1.586667 3.793617
vt 1.813333 3.793617
vt 2.040000 3.793617
vt 0.000000 3.893392
vt 0.226667 3.893392
vt 0.453333 3.893392
vt 0.680000 3.893392
vt 0.906667 3.893392
vt 1.133333 3.893392
vt 1.360000 3.893392
vt 1.586667 3.893392
vt 1.813333 3.893392
vt 2.040000 3.893392
vt 0.000000 3.993048
vt 0.226667 3.993048
vt 0.453333 3.993048
vt 0.680000 3.993048
vt 0.906667 3.993048
vt 1.133333 3.993048
vt 1.360000 3.993048
vt 1.586667 3.993048
vt 1.813333 3.993048
vt 2.040000 3.993048
vt 0.000000 4.093049
vt 0.226667 4.093049
vt 0.453333 4.093049
vt 0.680000 4.093049
vt 0.906667 4.093049
vt 1.133333 4.093049
vt 1.360000 4.093049
vt 1.586667 4.093049
vt 1.813333 4.093049
vt 2.040000 4.093049
vt 0.000000 4.192480
vt 0.226667 4.192480
vt 0.453333 4.192480
vt 0.680000 4.192480
vt 0.906667 4.192480
vt 1.133333 4.192480
vt 1.360000 4.192480
vt 1.586667 4.192480
vt 1.813333 4.192480
vt 2.040000 4.192480
vt 0.000000 4.292014
vt 0.226667 4.292014
vt 0.453333 4.292014
vt 0.680000 4.292014
vt 0.906667 4.292014
vt 1.133333 4.292014
vt 1.360000 4.292014
vt 1.586667 4.292014
vt 1.813333 4.292014
vt 2.040000 4.292014
vt 0.000000 4.392373
vt 0.226667 4.392373
vt 0.453333 4.392373
vt 0.680000 4.392373
vt 0.906667 4.392373
vt 1.133333 4.392373
vt 1.360000 4.392373
vt 1.586667 4.392373
vt 1.813333 4.392373
vt 2.040000 4.392373
vt 0.000000 4.491529
vt 0.226667 4.491529
vt 0.453333 4.491529
vt 0.680000 4.491529
vt 0.906667 4.491529
vt 1.133333 4.491529
vt 1.360000 4.491529
vt 1.586667 4.491529
vt 1.813333 4.491529
vt 2.040000 4.491529
vt 0.000000 4.591094
vt 0.226667 4.591094
vt 0.453333 4.591094
vt 0.680000 4.591094
vt 0.906667 4.591094
vt 1.133333 4.591094
vt 1.360000 4.591094
vt 1.586667 4.591094
vt 1.813333 4.591094
vt 2.040000 4.591094
vt 0.000000 4.691796
vt 0.226667 4.691796
vt 0.453333 4.691796
vt 0.680000 4.691796
vt 0.906667 4.691796
vt 1.133333 4.691796
vt 1.360000 4.691796
vt 1.586667 4.691796
vt 1.813333 4.691796
vt 2.040000 4.691796
vt 0.000000 4.790318
vt 0.226667 4.790318
vt 0.453333 4.790318
vt 0.680000 4.790318
vt 0.906667 4.790318
vt 1.133333 4.790318
vt 1.360000 4.790318
vt 1.586667 4.790318
vt 1.813333 4.790318
vt 2.040000 4.790318
vt 0.000000 4.891505
vt 0.226667 4.891505
vt 0.453333 4.891505
vt 0.680000 4.891505
vt 0.906667 4.891505
vt 1.133333 4.891505
vt 1.360000 4.891505
vt 1.586667 4.891505
vt 1.813333 4.891505
vt 2.040000 4.891505
vt 0.000000 4.989772
vt 0.226667 4.989772
vt 0.453333 4.989772
vt 0.680000 4.989772
vt 0.906667 4.989772
vt 1.133333 4.989772
vt 1.360000 4.989772
vt 1.586667 4.989772
vt 1.813333 4.989772
vt 2.040000 4.989772
vt 0.000000 5.092374
vt 0.226667 5.092374
vt 0.453333 5.092374
vt 0.680000 5.092374
vt 0.906667 5.092374
vt 1.133333 5.092374
vt 1.360000 5.092374
vt 1.586667 5.092374
vt 1.813333 5.092374
vt 2.040000 5.092374
vt 0.000000 5.193728
vt 0.226667 5.193728
vt 0.453333 5.193728
vt 0.680000 5.193728
vt 0.906667 5.193728
vt 1.133333 5.193728
vt 1.360000 5.193728
vt 1.586667 5.193728
vt 1.813333 5.193728
vt 2.040000 5.193728
vt 0.000000 5.292254
vt 0.226667 5.292254
vt 0.453333 5.292254
vt 0.680000 5.292254
vt 0.906667 5.292254
vt 1.133333 5.292254
vt 1.360000 5.292254
vt 1.586667 5.292254
vt 1.813333 5.292254
vt 2.040000 5.292254
vt 0.000000 5.392603
vt 0.226667 5.392603
vt 0.453333 5.392603
vt 0.680000 5.392603
vt 0.906667 5.392603
vt 1.133333 5.392603
vt 1.360000 5.392603
vt 1.586667 5.392603
vt 1.813333 5.392603
vt 2.040000 5.392603
vt 0.000000 5.492076
vt 0.226667 5.492076
vt 0.453333 5.492076
vt 0.680000 5.492076
vt 0.906667 5.492076
vt 1.133333 5.492076
vt 1.360000 5.492076
vt 1.586667 5.492076
vt 1.813333 5.492076
vt 2.040000 5.492076
vt 0.000000 5.591313
vt 0.226667 5.591313
vt 0.453333 5.591313
vt 0.680000 5.591313
vt 0.906667 5.591313
vt 1.133333 5.591313
vt 1.360000 5.591313
vt 1.586667 5.591313
vt 1.813333 5.591313
vt 2.040000 5.591313
vt 0.000000 5.691342
vt 0.226667 5.691342
vt 0.453333 5.691342
vt 0.680000 5.691342
vt 0.906667 5.691342
vt 1.133333 5.691342
vt 1.360000 5.691342
vt 1.586667 5.691342
vt 1.813333 5.691342
vt 2.040000 5.691342
vt 0.000000 5.790795
vt 0.226667 5.790795
vt 0.453333 5.790795
vt 0.680000 5.790795
vt 0.906667 5.790795
vt 1.133333 5.790795
vt 1.360000 5.790795
vt 1.586667 5.790795
vt 1.813333 5.790795
vt 2.040000 5.790795
vt 0.000000 5.890623
vt 0.226667 5.890623
vt 0.453333 5.890623
vt 0.680000 5.890623
vt 0.906667 5.890623
vt 1.133333 5.890623
vt 1.360000 5.890623
vt 1.586667 5.890623
vt 1.813333 5.890623
vt 2.040000 5.890623
vt 0.000000 5.990119
vt 0.226667 5.990119
vt 0.453333 5.990119
vt 0.680000 5.990119
vt 0.906667 5.990119
vt 1.133333 5.990119
vt 1.360000 5.990119
vt 1.586667 5.990119
vt 1.813333 5.990119
vt 2.040000 5.990119
vt 0.000000 6.090220
vt 0.226667 6.090220
vt 0.453333 6.090220
vt 0.680000 6.090220
vt 0.906667 6.090220
vt 1.133333 6.090220
vt 1.360000 6.090220
vt 1.586667 6.090220
vt 1.813333 6.090220
vt 2.040000 6.090220
vt 0.000000 6.189704
vt 0.226667 6.189704
vt 0.453333 6.189704
vt 0.680000 6.189704
vt 0.906667 6.189704
vt 1.133333 6.189704
vt 1.360000 6.189704
vt 1.586667 6.189704
vt 1.813333 6.189704
vt 2.040000 6.189704
vt 0.000000 6.289470
vt 0.226667 6.289470
vt 0.453333 6.289470
vt 0.680000 6.289470
vt 0.906667 6.289470
vt 1.133333 6.289470
vt 1.360000 6.289470
vt 1.586667 6.289470
vt 1.813333 6.289470
vt 2.040000 6.289470
vt 0.000000 6.389676
vt 0.226667 6.389676
vt 0.453333 6.389676
vt 0.680000 6.389676
vt 0.906667 6.389676
vt 1.133333 6.389676
vt 1.360000 6.389676
vt 1.586667 6.389676
vt 1.813333 6.389676
vt 2.040000 6.389676
vt 0.000000 6.489013
vt 0.226667 6.489013
vt 0.453333 6.489013
vt 0.680000 6.489013
vt 0.906667 6.489013
vt 1.133333 6.489013
vt 1.360000 6.489013
vt 1.586667 6.489013
vt 1.813333 6.489013
vt 2.040000 6.489013
vt 0.000000 6.589571
vt 0.226667 6.589571
vt 0.453333 6.589571
vt 0.680000 6.589571
vt 0.906667 6.589571
vt 1.133333 6.589571
vt 1.360000 6.589571
vt 1.586667 6.589571
vt 1.813333 6.589571
vt 2.040000 6.589571
vt 0.000000 6.688753
vt 0.226667 6.688753
vt 0.453333 6.688753
vt 0.680000 6.688753
vt 0.906667 6.688753
vt 1.133333 6.688753
vt 1.360000 6.688753
vt 1.586667 6.688753
vt 1.813333 6.688753
vt 2.040000 6.688753
vt 0.000000 6.789033
vt 0.226667 6.789033
vt 0.453333 6.789033
vt 0.680000 6.789033
vt 0.906667 6.789033
vt 1.133333 6.789033
vt 1.360000 6.789033
vt 1.586667 6.789033
vt 1.813333 6.789033
vt 2.040000 6.789033
vt 0.000000 6.888564
vt 0.226667 6.888564
vt 0.453333 6.888564
vt 0.680000 6.888564
vt 0.906667 6.888564
vt 1.133333 6.888564
vt 1.360000 6.888564
vt 1.586667 6.888564
vt 1.813333 6.888564
vt 2.040000 6.888564
vt 0.000000 6.988659
vt 0.226667 6.988659
vt 0.453333 6.988659
vt 0.680000 6.988659
vt 0.906667 6.988659
vt 1.133333 6.988659
vt 1.360000 6.988659
vt 1.586667 6.988659
vt 1.813333 6.988659
vt 2.040000 6.988659
vt 0.000000 7.088375
vt 0.226667 7.088375
vt 0.453333 7.088375
vt 0.680000 7.088375
vt 0.906667 7.088375
vt 1.133333 7.088375
vt 1.360000 7.088375
vt 1.586667 7.088375
vt 1.813333 7.088375
vt 2.040000 7.088375
vt 0.000000 7.188373
vt 0.226667 7.188373
vt 0.453333 7.188373
vt 0.680000 7.188373
vt 0.906667 7.188373
vt 1.133333 7.188373
vt 1.360000 7.188373
vt 1.586667 7.188373
vt 1.813333 7.188373
vt 2.040000 7.188373
vt 0.000000 7.288172
vt 0.226667 7.288172
vt 0.453333 7.288172
vt 0.680000 7.288172
vt 0.906667 7.288172
vt 1.133333 7.288172
vt 1.360000 7.288172
vt 1.586667 7.288172
vt 1.813333 7.288172
vt 2.040000 7.288172
vt 0.000000 7.388128
vt 0.226667 7.388128
vt 0.453333 7.388128
vt 0.680000 7.388128
vt 0.906667 7.388128
vt 1.133333 7.388128
vt 1.360000 7.388128
vt 1.586667 7.388128
vt 1.813333 7.388128
vt 2.040000 7.388128
vt 0.000000 7.487958
vt 0.226667 7.487958
vt 0.453333 7.487958
vt 0.680000 7.487958
vt 0.906667 7.487958
vt 1.133333 7.487958
vt 1.360000 7.487958
vt 1.586667 7.487958
vt 1.813333 7.487958
vt 2.040000 7.487958
vt 0.000000 7.587896
vt 0.226667 7.587896
vt 0.453333 7.587896
vt 0.680000 7.587896
vt 0.906667 7.587896
vt 1.133333 7.587896
vt 1.360000 7.587896
vt 1.586667 7.587896
vt 1.813333 7.587896
vt 2.040000 7.587896
vt 0.000000 7.687739
vt 0.226667 7.687739
vt 0.453333 7.687739
vt 0.680000 7.687739
vt 0.906667 7.687739
vt 1.133333 7.687739
vt 1.360000 7.687739
vt 1.586667 7.687739
vt 1.813333 7.687739
vt 2.040000 7.687739
vt 0.000000 7.787663
vt 0.226667 7.787663
vt 0.453333 7.787663
vt 0.680000 7.787663
vt 0.906667 7.787663
vt 1.133333 7.787663
vt 1.360000 7.787663
vt 1.586667 7.787663
vt 1.813333 7.787663
vt 2.040000 7.787663
vt 0.000000 7.887515
vt 0.226667 7.887515
vt 0.453333 7.887515
vt 0.680000 7.887515
vt 0.906667 7.887515
vt 1.133333 7.887515
vt 1.360000 7.887515
vt 1.586667 7.887515
vt 1.813333 7.887515
vt 2.040000 7.887515
vt 0.000000 7.987424
vt 0.226667 7.987424
vt 0.453333 7.987424
vt 0.680000 7.987424
vt 0.906667 7.987424
vt 1.133333 7.987424
vt 1.360000 7.987424
vt 1.586667 7.987424
vt 1.813333 7.987424
vt 2.040000 7.987424
vt 0.000000 8.087281
vt 0.226667 8.087281
vt 0.453333 8.087281
vt 0.680000 8.087281
vt 0.906667 8.087281
vt 1.133333 8.087281
vt 1.360000 8.087281
vt 1.586667 8.087281
vt 1.813333 8.087281
vt 2.040000 8.087281
vt 0.000000 8.187183
vt 0.226667 8.187183
vt 0.453333 8.187183
vt 0.680000 8.187183
vt 0.906667 8.187183
vt 1.133333 8.187183
vt 1.360000 8.187183
vt 1.586667 8.187183
vt 1.813333 8.187183
vt 2.040000 8.187183
vt 0.000000 8.287019
vt 0.226667 8.287019
vt 0.453333 8.287019
vt 0.680000 8.287019
vt 0.906667 8.287019
vt 1.133333 8.287019
vt 1.360000 8.287019
vt 1.586667 8.287019
vt 1.813333 8.287019
vt 2.040000 8.287019
vt 0.000000 8.386942
vt 0.226667 8.386942
vt 0.453333 8.386942
vt 0.680000 8.386942
vt 0.906667 8.386942
vt 1.133333 8.386942
vt 1.360000 8.386942
vt 1.586667 8.386942
vt 1.813333 8.386942
vt 2.040000 8.386942
vt 0.000000 8.486708
vt 0.226667 8.486708
vt 0.453333 8.486708
vt 0.680000 8.486708
vt 0.906667 8.486708
vt 1.133333 8.486708
vt 1.360000 8.486708
vt 1.586667 8.486708
vt 1.813333 8.486708
vt 2.040000 8.486708
vt 0.000000 8.586691
vt 0.226667 8.586691
vt 0.453333 8.586691
vt 0.680000 8.586691
vt 0.906667 8.586691
vt 1.133333 8.586691
vt 1.360000 8.586691
vt 1.586667 8.586691
vt 1.813333 8.586691
vt 2.040000 8.586691
vt 0.000000 8.686325
vt 0.226667 8.686325
vt 0.453333 8.686325
vt 0.680000 8.686325
vt 0.906667 8.686325
vt 1.133333 8.686325
vt 1.360000 8.686325
vt 1.586667 8.686325
vt 1.813333 8.686325
vt 2.040000 8.686325
vt 0.000000 8.786401
vt 0.226667 8.786401
vt 0.453333 8.786401
vt 0.680000 8.786401
vt 0.906667 8.786401
vt 1.133333 8.786401
vt 1.360000 8.786401
vt 1.586667 8.786401
vt 1.813333 8.786401
vt 2.040000 8.786401
vt 0.000000 8.885863
vt 0.226667 8.885863
vt 0.453333 8.885863
vt 0.680000 8.885863
vt 0.906667 8.885863
vt 1.133333 8.885863
vt 1.360000 8.885863
vt 1.586667 8.885863
vt 1.813333 8.885863
vt 2.040000 8.885863
vt 0.000000 8.986018
vt 0.226667 8.986018
vt 0.453333 8.986018
vt 0.680000 8.986018
vt 0.906667 8.986018
vt 1.133333 8.986018
vt 1.360000 8.986018
vt 1.586667 8.986018
vt 1.813333 8.986018
vt 2.040000 8.986018
vt 0.000000 9.085509
vt 0.226667 9.085509
vt 0.453333 9.085509
vt 0.680000 9.085509
vt 0.906667 9.085509
vt 1.133333 9.085509
vt 1.360000 9.085509
vt 1.586667 9.085509
vt 1.813333 9.085509
vt 2.040000 9.085509
vt 0.000000 9.185515
vt 0.226667 9.185515
vt 0.453333 9.185515
vt 0.680000 9.185515
vt 0.906667 9.185515
vt 1.133333 9.185515
vt 1.360000 9.185515
vt 1.586667 9.185515
vt 1.813333 9.185515
vt 2.040000 9.185515
vt 0.000000 9.285154
vt 0.226667 9.285154
vt 0.453333 9.285154
vt 0.680000 9.285154
vt 0.906667 9.285154
vt 1.133333 9.285154
vt 1.360000 9.285154
vt 1.586667 9.285154
vt 1.813333 9.285154
vt 2.040000 9.285154
vt 0.000000 9.384966
vt 0.226667 9.384966
vt 0.453333 9.384966
vt 0.680000 9.384966
vt 0.906667 9.384966
vt 1.133333 9.384966
vt 1.360000 9.384966
vt 1.586667 9.384966
vt 1.813333 9.384966
vt 2.040000 9.384966
vt 0.000000 9.484524
vt 0.226667 9.484524
vt 0.453333 9.484524
vt 0.680000 9.484524
vt 0.906667 9.484524
vt 1.133333 9.484524
vt 1.360000 9.484524
vt 1.586667 9.484524
vt 1.813333 9.484524
vt 2.040000 9.484524
vt 0.000000 9.584550
vt 0.226667 9.584550
vt 0.453333 9.584550
vt 0.680000 9.584550
vt 0.906667 9.584550
vt 1.133333 9.584550
vt 1.360000 9.584550
vt 1.586667 9.584550
vt 1.813333 9.584550
vt 2.040000 9.584550
vt 0.000000 9.683722
vt 0.226667 9.683722
vt 0.453333 9.683722
vt 0.680000 9.683722
vt 0.906667 9.683722
vt 1.133333 9.683722
vt 1.360000 9.683722
vt 1.586667 9.683722
vt 1.813333 9.683722
vt 2.040000 9.683722
vt 0.000000 9.784370
vt 0.226667 9.784370
vt 0.453333 9.784370
vt 0.680000 9.784370
vt 0.906667 9.784370
vt 1.133333 9.784370
vt 1.360000 9.784370
vt 1.586667 9.784370
vt 1.813333 9.784370
vt 2.040000 9.784370
vt 0.000000 9.882880
vt 0.226667 9.882880
vt 0.453333 9.882880
vt 0.680000 9.882880
vt 0.906667 9.882880
vt 1.133333 9.882880
vt 1.360000 9.882880
vt 1.586667 9.882880
vt 1.813333 9.882880
vt 2.040000 9.882880
vt 0.000000 9.984171
vt 0.226667 9.984171
vt 0.453333 9.984171
vt 0.680000 9.984171
vt 0.906667 9.984171
vt 1.133333 9.984171
vt 1.360000 9.984171
vt 1.586667 9.984171
vt 1.813333 9.984171
vt 2.040000 9.984171
vt 0.000000 10.082060
vt 0.226667 10.082060
vt 0.453333 10.082060
vt 0.680000 10.082060
vt 0.906667 10.082060
vt 1.133333 10.082060
vt 1.360000 10.082060
vt 1.586667 10.082060
vt 1.813333 10.082060
vt 2.040000 10.082060
vt 0.000000 10.183450
vt 0.226667 10.183450
vt 0.453333 10.183450
vt 0.680000 10.183450
vt 0.906667 10.183450
vt 1.133333 10.183450
vt 1.360000 10.183450
vt 1.586667 10.183450
vt 1.813333 10.183450
vt 2.040000 10.183450
vt 0.000000 10.281430
vt 0.226667 10.281430
vt 0.453333 10.281430
vt 0.680000 10.281430
vt 0.906667 10.281430
vt 1.133333 10.281430
vt 1.360000 10.281430
vt 1.586667 10.281430
vt 1.813333 10.281430
vt 2.040000 10.281430
vt 0.000000 10.381980
vt 0.226667 10.381980
vt 0.453333 10.381980
vt 0.680000 10.381980
vt 0.906667 10.381980
vt 1.133333 10.381980
vt 1.360000 10.381980
vt 1.586667 10.381980
vt 1.813333 10.381980
vt 2.040000 10.381980
vt 0.000000 10.486100
vt 0.226667 10.486100
vt 0.453333 10.486100
vt 0.680000 10.486100
vt 0.906667 10.486100
vt 1.133333 10.486100
vt 1.360000 10.486100
vt 1.586667 10.486100
vt 1.813333 10.486100
vt 2.040000 10.486100
vt 0.000000 10.586540
vt 0.226667 10.586540
vt 0.453333 10.586540
vt 0.680000 10.586540
vt 0.906667 10.586540
vt 1.133333 10.586540
vt 1.360000 10.586540
vt 1.586667 10.586540
vt 1.813333 10.586540
vt 2.040000 10.586540
vt 0.000000 10.684520
vt 0.226667 10.684520
vt 0.453333 10.684520
vt 0.680000 10.684520
vt 0.906667 10.684520
vt 1.133333 10.684520
vt 1.360000 10.684520
vt 1.586667 10.684520
vt 1.813333 10.684520
vt 2.040000 10.684520
vt 0.000000 10.785720
vt 0.226667 10.785720
vt 0.453333 10.785720
vt 0.680000 10.785720
vt 0.906667 10.785720
vt 1.133333 10.785720
vt 1.360000 10.785720
vt 1.586667 10.785720
vt 1.813333 10.785720
vt 2.040000 10.785720
vt 0.000000 10.883860
vt 0.226667 10.883860
vt 0.453333 10.883860
vt 0.680000 10.883860
vt 0.906667 10.883860
vt 1.133333 10.883860
vt 1.360000 10.883860
vt 1.586667 10.883860
vt 1.813333 10.883860
vt 2.040000 10.883860
vt 0.000000 10.984630
vt 0.226667 10.984630
vt 0.453333 10.984630
vt 0.680000 10.984630
vt 0.906667 10.984630
vt 1.133333 10.984630
vt 1.360000 10.984630
vt 1.586667 10.984630
vt 1.813333 10.984630
vt 2.040000 10.984630
vt 0.000000 11.083530
vt 0.226667 11.083530
vt 0.453333 11.083530
vt 0.680000 11.083530
vt 0.906667 11.083530
vt 1.133333 11.083530
vt 1.360000 11.083530
vt 1.586667 11.083530
vt 1.813333 11.083530
vt 2.040000 11.083530
vt 0.000000 11.183580
vt 0.226667 11.183580
vt 0.453333 11.183580
vt 0.680000 11.183580
vt 0.906667 11.183580
vt 1.133333 11.183580
vt 1.360000 11.183580
vt 1.586667 11.183580
vt 1.813333 11.183580
vt 2.040000 11.183580
vt 0.000000 11.282970
vt 0.226667 11.282970
vt 0.453333 11.282970
vt 0.680000 11.282970
vt 0.906667 11.282970
vt 1.133333 11.282970
vt 1.360000 11.282970
vt 1.586667 11.282970
vt 1.813333 11.282970
vt 2.040000 11.282970
vt 0.000000 11.382800
vt 0.226667 11.382800
vt 0.453333 11.382800
vt 0.680000 11.382800
vt 0.906667 11.382800
vt 1.133333 11.382800
vt 1.360000 11.382800
vt 1.586667 11.382800
vt 1.813333 11.382800
vt 2.040000 11.382800
vt 0.000000 11.482270
vt 0.226667 11.482270
vt 0.453333 11.482270
vt 0.680000 11.482270
vt 0.906667 11.482270
vt 1.133333 11.482270
vt 1.360000 11.482270
vt 1.586667 11.482270
vt 1.813333 11.482270
vt 2.040000 11.482270
vt 0.000000 11.582370
vt 0.226667 11.582370
vt 0.453333 11.582370
vt 0.680000 11.582370
vt 0.906667 11.582370
vt 1.133333 11.582370
vt 1.360000 11.582370
vt 1.586667 11.582370
vt 1.813333 11.582370
vt 2.040000 11.582370
vt 0.000000 11.681670
vt 0.226667 11.681670
vt 0.453333 11.681670
vt 0.680000 11.681670
vt 0.906667 11.681670
vt 1.133333 11.681670
vt 1.360000 11.681670
vt 1.586667 11.681670
vt 1.813333 11.681670
vt 2.040000 11.681670
vt 0.000000 11.782090
vt 0.226667 11.782090
vt 0.453333 11.782090
vt 0.680000 11.782090
vt 0.906667 11.782090
vt 1.133333 11.782090
vt 1.360000 11.782090
vt 1.586667 11.782090
vt 1.813333 11.782090
vt 2.040000 11.782090
vt 0.000000 11.881240
vt 0.226667 11.881240
vt 0.453333 11.881240
vt 0.680000 11.881240
vt 0.906667 11.881240
vt 1.133333 11.881240
vt 1.360000 11.881240
vt 1.586667 11.881240
vt 1.813333 11.881240
vt 2.040000 11.881240
vt 0.000000 11.981720
vt 0.226667 11.981720
vt 0.453333 11.981720
vt 0.680000 11.981720
vt 0.906667 11.981720
vt 1.133333 11.981720
vt 1.360000 11.981720
vt 1.586667 11.981720
vt 1.813333 11.981720
vt 2.040000 11.981720
vt 0.000000 12.080950
vt 0.226667 12.080950
vt 0.453333 12.080950
vt 0.680000 12.080950
vt 0.906667 12.080950
vt 1.133333 12.080950
vt 1.360000 12.080950
vt 1.586667 12.080950
vt 1.813333 12.080950
vt 2.040000 12.080950
vt 0.000000 12.181240
vt 0.226667 12.181240
vt 0.453333 12.181240
vt 0.680000 12.181240
vt 0.906667 12.181240
vt 1.133333 12.181240
vt 1.360000 12.181240
vt 1.586667 12.181240
vt 1.813333 12.181240
vt 2.040000 12.181240
vt 0.000000 12.280810
vt 0.226667 12.280810
vt 0.453333 12.280810
vt 0.680000 12.280810
vt 0.906667 12.280810
vt 1.133333 12.280810
vt 1.360000 12.280810
vt 1.586667 12.280810
vt 1.813333 12.280810
vt 2.040000 12.280810
vt 0.000000 12.380750
vt 0.226667 12.380750
vt 0.453333 12.380750
vt 0.680000 12.380750
vt 0.906667 12.380750
vt 1.133333 12.380750
vt 1.360000 12.380750
vt 1.586667 12.380750
vt 1.813333 12.380750
vt 2.040000 12.380750
vt 0.000000 12.480780
vt 0.226667 12.480780
vt 0.453333 12.480780
vt 0.680000 12.480780
vt 0.906667 12.480780
vt 1.133333 12.480780
vt 1.360000 12.480780
vt 1.586667 12.480780
vt 1.813333 12.480780
vt 2.040000 12.480780
vt 0.000000 12.580360
vt 0.226667 12.580360
vt 0.453333 12.580360
vt 0.680000 12.580360
vt 0.906667 12.580360
vt 1.133333 12.580360
vt 1.360000 12.580360
vt 1.586667 12.580360
vt 1.813333 12.580360
vt 2.040000 12.580360
vt 0.000000 12.680840
vt 0.226667 12.680840
vt 0.453333 12.680840
vt 0.680000 12.680840
vt 0.906667 12.680840
vt 1.133333 12.680840
vt 1.360000 12.680840
vt 1.586667 12.680840
vt 1.813333 12.680840
vt 2.040000 12.680840
vt 0.000000 12.780130
vt 0.226667 12.780130
vt 0.453333 12.780130
vt 0.680000 12.780130
vt 0.906667 12.780130
vt 1.133333 12.780130
vt 1.360000 12.780130
vt 1.586667 12.780130
vt 1.813333 12.780130
vt 2.040000 12.780130
vt 0.000000 12.880480
vt 0.226667 12.880480
vt 0.453333 12.880480
vt 0.680000 12.880480
vt 0.906667 12.880480
vt 1.133333 12.880480
vt 1.360000 12.880480
vt 1.586667 12.880480
vt 1.813333 12.880480
vt 2.040000 12.880480
vt 0.000000 12.980050
vt 0.226667 12.980050
vt 0.453333 12.980050
vt 0.680000 12.980050
vt 0.906667 12.980050
vt 1.133333 12.980050
vt 1.360000 12.980050
vt 1.586667 12.980050
vt 1.813333 12.980050
vt 2.040000 12.980050
vt 0.000000 13.079970
vt 0.226667 13.079970
vt 0.453333 13.079970
vt 0.680000 13.079970
vt 0.906667 13.079970
vt 1.133333 13.079970
vt 1.360000 13.079970
vt 1.586667 13.079970
vt 1.813333 13.079970
vt 2.040000 13.079970
vt 0.000000 13.180000
vt 0.226667 13.180000
vt 0.453333 13.180000
vt 0.680000 13.180000
vt 0.906667 13.180000
vt 1.133333 13.180000
vt 1.360000 13.180000
vt 1.586667 13.180000
vt 1.813333 13.180000
vt 2.040000 13.180000
vt 0.000000 13.279720
vt 0.226667 13.279720
vt 0.453333 13.279720
vt 0.680000 13.279720
vt 0.906667 13.279720
vt 1.133333 13.279720
vt 1.360000 13.279720
vt 1.586667 13.279720
vt 1.813333 13.279720
vt 2.040000 13.279720
vt 0.000000 13.379800
vt 0.226667 13.379800
vt 0.453333 13.379800
vt 0.680000 13.379800
vt 0.906667 13.379800
vt 1.133333 13.379800
vt 1.360000 13.379800
vt 1.586667 13.379800
vt 1.813333 13.379800
vt 2.040000 13.379800
vt 0.000000 13.479590
vt 0.226667 13.479590
vt 0.453333 13.479590
vt 0.680000 13.479590
vt 0.906667 13.479590
vt 1.133333 13.479590
vt 1.360000 13.479590
vt 1.586667 13.479590
vt 1.813333 13.479590
vt 2.040000 13.479590
vt 0.000000 13.579450
vt 0.226667 13.579450
vt 0.453333 13.579450
vt 0.680000 13.579450
vt 0.906667 13.579450
vt 1.133333 13.579450
vt 1.360000 13.579450
vt 1.586667 13.579450
vt 1.813333 13.579450
vt 2.040000 13.579450
vt 0.000000 13.679390
vt 0.226667 13.679390
vt 0.453333 13.679390
vt 0.680000 13.679390
vt 0.906667 13.679390
vt 1.133333 13.679390
vt 1.360000 13.679390
vt 1.586667 13.679390
vt 1.813333 13.679390
vt 2.040000 13.679390
vt 0.000000 13.779290
vt 0.226667 13.779290
vt 0.453333 13.779290
vt 0.680000 13.779290
vt 0.906667 13.779290
vt 1.133333 13.779290
vt 1.360000 13.779290
vt 1.586667 13.779290
vt 1.813333 13.779290
vt 2.040000 13.779290
vt 0.000000 13.878990
vt 0.226667 13.878990
vt 0.453333 13.878990
vt 0.680000 13.878990
vt 0.906667 13.878990
vt 1.133333 13.878990
vt 1.360000 13.878990
vt 1.586667 13.878990
vt 1.813333 13.878990
vt 2.040000 13.878990
vt 0.000000 13.979140
vt 0.226667 13.979140
vt 0.453333 13.979140
vt 0.680000 13.979140
vt 0.906667 13.979140
vt 1.133333 13.979140
vt 1.360000 13.979140
vt 1.586667 13.979140
vt 1.813333 13.979140
vt 2.040000 13.979140
vt 0.000000 14.078790
vt 0.226667 14.078790
vt 0.453333 14.078790
vt 0.680000 14.078790
vt 0.906667 14.078790
vt 1.133333 14.078790
vt 1.360000 14.078790
vt 1.586667 14.078790
vt 1.813333 14.078790
vt 2.040000 14.078790
vt 0.000000 14.178860
vt 0.226667 14.178860
vt 0.453333 14.178860
vt 0.680000 14.178860
vt 0.906667 14.178860
vt 1.133333 14.178860
vt 1.360000 14.178860
vt 1.586667 14.178860
vt 1.813333 14.178860
vt 2.040000 14.178860
vt 0.000000 14.278740
vt 0.226667 14.278740
vt 0.453333 14.278740
vt 0.680000 14.278740
vt 0.906667 14.278740
vt 1.133333 14.278740
vt 1.360000 14.278740
vt 1.586667 14.278740
vt 1.813333 14.278740
vt 2.040000 14.278740
vt 0.000000 14.378370
vt 0.226667 14.378370
vt 0.453333 14.378370
vt 0.680000 14.378370
vt 0.906667 14.378370
vt 1.133333 14.378370
vt 1.360000 14.378370
vt 1.586667 14.378370
vt 1.813333 14.378370
vt 2.040000 14.378370
vt 0.000000 14.478600
vt 0.226667 14.478600
vt 0.453333 14.478600
vt 0.680000 14.478600
vt 0.906667 14.478600
vt 1.133333 14.478600
vt 1.360000 14.478600
vt 1.586667 14.478600
vt 1.813333 14.478600
vt 2.040000 14.478600
vt 0.000000 14.577840
vt 0.226667 14.577840
vt 0.453333 14.577840
vt 0.680000 14.577840
vt 0.906667 14.577840
vt 1.133333 14.577840
vt 1.360000 14.577840
vt 1.586667 14.577840
vt 1.813333 14.577840
vt 2.040000 14.577840
vt 0.000000 14.678320
vt 0.226667 14.678320
vt 0.453333 14.678320
vt 0.680000 14.678320
vt 0.906667 14.678320
vt 1.133333 14.678320
vt 1.360000 14.678320
vt 1.586667 14.678320
vt 1.813333 14.678320
vt 2.040000 14.678320
vt 0.000000 14.777820
vt 0.226667 14.777820
vt 0.453333 14.777820
vt 0.680000 14.777820
vt 0.906667 14.777820
vt 1.133333 14.777820
vt 1.360000 14.777820
vt 1.586667 14.777820
vt 1.813333 14.777820
vt 2.040000 14.777820
vt 0.000000 14.877890
vt 0.226667 14.877890
vt 0.453333 14.877890
vt 0.680000 14.877890
vt 0.906667 14.877890
vt 1.133333 14.877890
vt 1.360000 14.877890
vt 1.586667 14.877890
vt 1.813333 14.877890
vt 2.040000 14.877890
vt 0.000000 14.977670
vt 0.226667 14.977670
vt 0.453333 14.977670
vt 0.680000 14.977670
vt 0.906667 14.977670
vt 1.133333 14.977670
vt 1.360000 14.977670
vt 1.586667 14.977670
vt 1.813333 14.977670
vt 2.040000 14.977670
vt 0.000000 15.077380
vt 0.226667 15.077380
vt 0.453333 15.077380
vt 0.680000 15.077380
vt 0.906667 15.077380
vt 1.133333 15.077380
vt 1.360000 15.077380
vt 1.586667 15.077380
vt 1.813333 15.077380
vt 2.040000 15.077380
vt 0.000000 15.177350
vt 0.226667 15.177350
vt 0.453333 15.177350
vt 0.680000 15.177350
vt 0.906667 15.177350
vt 1.133333 15.177350
vt 1.360000 15.177350
vt 1.586667 15.177350
vt 1.813333 15.177350
vt 2.040000 15.177350
vt 0.000000 15.276870
vt 0.226667 15.276870
vt 0.453333 15.276870
vt 0.680000 15.276870
vt 0.906667 15.276870
vt 1.133333 15.276870
vt 1.360000 15.276870
vt 1.586667 15.276870
vt 1.813333 15.276870
vt 2.040000 15.276870
vt 0.000000 15.376850
vt 0.226667 15.376850
vt 0.453333 15.376850
vt 0.680000 15.376850
vt 0.906667 15.376850
vt 1.133333 15.376850
vt 1.360000 15.376850
vt 1.586667 15.376850
vt 1.813333 15.376850
vt 2.040000 15.376850
vt 0.000000 15.476460
vt 0.226667 15.476460
vt 0.453333 15.476460
vt 0.680000 15.476460
vt 0.906667 15.476460
vt 1.133333 15.476460
vt 1.360000 15.476460
vt 1.586667 15.476460
vt 1.813333 15.476460
vt 2.040000 15.476460
vt 0.000000 15.576180
vt 0.226667 15.576180
vt 0.453333 15.576180
vt 0.680000 15.576180
vt 0.906667 15.576180
vt 1.133333 15.576180
vt 1.360000 15.576180
vt 1.586667 15.576180
vt 1.813333 15.576180
vt 2.040000 15.576180
vt 0.000000 15.676260
vt 0.226667 15.676260
vt 0.453333 15.676260
vt 0.680000 15.676260
vt 0.906667 15.676260
vt 1.133333 15.676260
vt 1.360000 15.676260
vt 1.586667 15.676260
vt 1.813333 15.676260
vt 2.040000 15.676260
vt 0.000000 15.775380
vt 0.226667 15.775380
vt 0.453333 15.775380
vt 0.680000 15.775380
vt 0.906667 15.775380
vt 1.133333 15.775380
vt 1.360000 15.775380
vt 1.586667 15.775380
vt 1.813333 15.775380
vt 2.040000 15.775380
vt 0.000000 15.875830
vt 0.226667 15.875830
vt 0.453333 15.875830
vt 0.680000 15.875830
vt 0.906667 15.875830
vt 1.133333 15.875830
vt 1.360000 15.875830
vt 1.586667 15.875830
vt 1.813333 15.875830
vt 2.040000 15.875830
vt 0.000000 15.974580
vt 0.226667 15.974580
vt 0.453333 15.974580
vt 0.680000 15.974580
vt 0.906667 15.974580
vt 1.133333 15.974580
vt 1.360000 15.974580
vt 1.586667 15.974580
vt 1.813333 15.974580
vt 2.040000 15.974580
vt 0.000000 16.074900
vt 0.226667 16.074900
vt 0.453333 16.074900
vt 0.680000 16.074900
vt 0.906667 16.074900
vt 1.133333 16.074900
vt 1.360000 16.074900
vt 1.586667 16.074900
vt 1.813333 16.074900
vt 2.040000 16.074900
vt 0.000000 16.174130
vt 0.226667 16.174130
vt 0.453333 16.174130
vt 0.680000 16.174130
vt 0.906667 16.174130
vt 1.133333 16.174130
vt 1.360000 16.174130
vt 1.586667 16.174130
vt 1.813333 16.174130
vt 2.040000 16.174130
vt 0.000000 16.273530
vt 0.226667 16.273530
vt 0.453333 16.273530
vt 0.680000 16.273530
vt 0.906667 16.273530
vt 1.133333 16.273530
vt 1.360000 16.273530
vt 1.586667 16.273530
vt 1.813333 16.273530
vt 2.040000 16.273530
vt 0.000000 16.374870
vt 0.226667 16.374870
vt 0.453333 16.374870
vt 0.680000 16.374870
vt 0.906667 16.374870
vt 1.133333 16.374870
vt 1.360000 16.374870
vt 1.586667 16.374870
vt 1.813333 16.374870
vt 2.040000 16.374870
vt 0.000000 16.472390
vt 0.226667 16.472390
vt 0.453333 16.472390
vt 0.680000 16.472390
vt 0.906667 16.472390
vt 1.133333 16.472390
vt 1.360000 16.472390
vt 1.586667 16.472390
vt 1.813333 16.472390
vt 2.040000 16.472390
vt 0.000000 16.573450
vt 0.226667 16.573450
vt 0.453333 16.573450
vt 0.680000 16.573450
vt 0.906667 16.573450
vt 1.133333 16.573450
vt 1.360000 16.573450
vt 1.586667 16.573450
vt 1.813333 16.573450
vt 2.040000 16.573450
vt 0.000000 16.672960
vt 0.226667 16.672960
vt 0.453333 16.672960
vt 0.680000 16.672960
vt 0.906667 16.672960
vt 1.133333 16.672960
vt 1.360000 16.672960
vt 1.586667 16.672960
vt 1.813333 16.672960
vt 2.040000 16.672960
vt 0.000000 16.771200
vt 0.226667 16.771200
vt 0.453333 16.771200
vt 0.680000 16.771200
vt 0.906667 16.771200
vt 1.133333 16.771200
vt 1.360000 16.771200
vt 1.586667 16.771200
vt 1.813333 16.771200
vt 2.040000 16.771200
vt 0.000000 16.873130
vt 0.226667 16.873130
vt 0.453333 16.873130
vt 0.680000 16.873130
vt 0.906667 16.873130
vt 1.133333 16.873130
vt 1.360000 16.873130
vt 1.586667 16.873130
vt 1.813333 16.873130
vt 2.040000 16.873130
vt 0.000000 16.976720
vt 0.226667 16.976720
vt 0.453333 16.976720
vt 0.680000 16.976720
vt 0.906667 16.976720
vt 1.133333 16.976720
vt 1.360000 16.976720
vt 1.586667 16.976720
vt 1.813333 16.976720
vt 2.040000 16.976720
vt 0.000000 17.077500
vt 0.226667 17.077500
vt 0.453333 17.077500
vt 0.680000 17.077500
vt 0.906667 17.077500
vt 1.133333 17.077500
vt 1.360000 17.077500
vt 1.586667 17.077500
vt 1.813333 17.077500
vt 2.040000 17.077500
vt 0.000000 17.175740
vt 0.226667 17.175740
vt 0.453333 17.175740
vt 0.680000 17.175740
vt 0.906667 17.175740
vt 1.133333 17.175740
vt 1.360000 17.175740
vt 1.586667 17.175740
vt 1.813333 17.175740
vt 2.040000 17.175740
vt 0.000000 17.276080
vt 0.226667 17.276080
vt 0.453333 17.276080
vt 0.680000 17.276080
vt 0.906667 17.276080
vt 1.133333 17.276080
vt 1.360000 17.276080
vt 1.586667 17.276080
vt 1.813333 17.276080
vt 2.040000 17.276080
vt 0.000000 17.376430
vt 0.226667 17.376430
vt 0.453333 17.376430
vt 0.680000 17.376430
vt 0.906667 17.376430
vt 1.133333 17.376430
vt 1.360000 17.376430
vt 1.586667 17.376430
vt 1.813333 17.376430
vt 2.040000 17.376430
vt 0.000000 17.474580
vt 0.226667 17.474580
vt 0.453333 17.474580
vt 0.680000 17.474580
vt 0.906667 17.474580
vt 1.133333 17.474580
vt 1.360000 17.474580
vt 1.586667 17.474580
vt 1.813333 17.474580
vt 2.040000 17.474580
vt 0.000000 17.575540
vt 0.226667 17.575540
vt 0.453333 17.575540
vt 0.680000 17.575540
vt 0.906667 17.575540
vt 1.133333 17.575540
vt 1.360000 17.575540
vt 1.586667 17.575540
vt 1.813333 17.575540
vt 2.040000 17.575540
vt 0.000000 17.675220
vt 0.226667 17.675220
vt 0.453333 17.675220
vt 0.680000 17.675220
vt 0.906667 17.675220
vt 1.133333 17.675220
vt 1.360000 17.675220
vt 1.586667 17.675220
vt 1.813333 17.675220
vt 2.040000 17.675220
vt 0.000000 17.774310
vt 0.226667 17.774310
vt 0.453333 17.774310
vt 0.680000 17.774310
vt 0.906667 17.774310
vt 1.133333 17.774310
vt 1.360000 17.774310
vt 1.586667 17.774310
vt 1.813333 17.774310
vt 2.040000 17.774310
vt 0.000000 17.874730
vt 0.226667 17.874730
vt 0.453333 17.874730
vt 0.680000 17.874730
vt 0.906667 17.874730
vt 1.133333 17.874730
vt 1.360000 17.874730
vt 1.586667 17.874730
vt 1.813333 17.874730
vt 2.040000 17.874730
vt 0.000000 17.973990
vt 0.226667 17.973990
vt 0.453333 17.973990
vt 0.680000 17.973990
vt 0.906667 17.973990
vt 1.133333 17.973990
vt 1.360000 17.973990
vt 1.586667 17.973990
vt 1.813333 17.973990
vt 2.040000 17.973990
vt 0.000000 18.073940
vt 0.226667 18.073940
vt 0.453333 18.073940
vt 0.680000 18.073940
vt 0.906667 18.073940
vt 1.133333 18.073940
vt 1.360000 18.073940
vt 1.586667 18.073940
vt 1.813333 18.073940
vt 2.040000 18.073940
vt 0.000000 18.173750
vt 0.226667 18.173750
vt 0.453333 18.173750
vt 0.680000 18.173750
vt 0.906667 18.173750
vt 1.133333 18.173750
vt 1.360000 18.173750
vt 1.586667 18.173750
vt 1.813333 18.173750
vt 2.040000 18.173750
vt 0.000000 18.273340
vt 0.226667 18.273340
vt 0.453333 18.273340
vt 0.680000 18.273340
vt 0.906667 18.273340
vt 1.133333 18.273340
vt 1.360000 18.273340
vt 1.586667 18.273340
vt 1.813333 18.273340
vt 2.040000 18.273340
vt 0.000000 18.373150
vt 0.226667 18.373150
vt 0.453333 18.373150
vt 0.680000 18.373150
vt 0.906667 18.373150
vt 1.133333 18.373150
vt 1.360000 18.373150
vt 1.586667 18.373150
vt 1.813333 18.373150
vt 2.040000 18.373150
vt 0.000000 18.473080
vt 0.226667 18.473080
vt 0.453333 18.473080
vt 0.680000 18.473080
vt 0.906667 18.473080
vt 1.133333 18.473080
vt 1.360000 18.473080
vt 1.586667 18.473080
vt 1.813333 18.473080
vt 2.040000 18.473080
vt 0.000000 18.572610
vt 0.226667 18.572610
vt 0.453333 18.572610
vt 0.680000 18.572610
vt 0.906667 18.572610
vt 1.133333 18.572610
vt 1.360000 18.572610
vt 1.586667 18.572610
vt 1.813333 18.572610
vt 2.040000 18.572610
vt 0.000000 18.672500
vt 0.226667 18.672500
vt 0.453333 18.672500
vt 0.680000 18.672500
vt 0.906667 18.672500
vt 1.133333 18.672500
vt 1.360000 18.672500
vt 1.586667 18.672500
vt 1.813333 18.672500
vt 2.040000 18.672500
vt 0.000000 18.772390
vt 0.226667 18.772390
vt 0.453333 18.772390
vt 0.680000 18.772390
vt 0.906667 18.772390
vt 1.133333 18.772390
vt 1.360000 18.772390
vt 1.586667 18.772390
vt 1.813333 18.772390
vt 2.040000 18.772390
vt 0.000000 18.871900
vt 0.226667 18.871900
vt 0.453333 18.871900
vt 0.680000 18.871900
vt 0.906667 18.871900
vt 1.133333 18.871900
vt 1.360000 18.871900
vt 1.586667 18.871900
vt 1.813333 18.871900
vt 2.040000 18.871900
vt 0.000000 18.972280
vt 0.226667 18.972280
vt 0.453333 18.972280
vt 0.680000 18.972280
vt 0.906667 18.972280
vt 1.133333 18.972280
vt 1.360000 18.972280
vt 1.586667 18.972280
vt 1.813333 18.972280
vt 2.040000 18.972280
vt 0.000000 19.071570
vt 0.226667 19.071570
vt 0.453333 19.071570
vt 0.680000 19.071570
vt 0.906667 19.071570
vt 1.133333 19.071570
vt 1.360000 19.071570
vt 1.586667 19.071570
vt 1.813333 19.071570
vt 2.040000 19.071570
vt 0.000000 19.171470
vt 0.226667 19.171470
vt 0.453333 19.171470
vt 0.680000 19.171470
vt 0.906667 19.171470
vt 1.133333 19.171470
vt 1.360000 19.171470
vt 1.586667 19.171470
vt 1.813333 19.171470
vt 2.040000 19.171470
vt 0.000000 19.271680
vt 0.226667 19.271680
vt 0.453333 19.271680
vt 0.680000 19.271680
vt 0.906667 19.271680
vt 1.133333 19.271680
vt 1.360000 19.271680
vt 1.586667 19.271680
vt 1.813333 19.271680
vt 2.040000 19.271680
vt 0.000000 19.370950
vt 0.226667 19.370950
vt 0.453333 19.370950
vt 0.680000 19.370950
vt 0.906667 19.370950
vt 1.133333 19.370950
vt 1.360000 19.370950
vt 1.586667 19.370950
vt 1.813333 19.370950
vt 2.040000 19.370950
vt 0.000000 19.471250
vt 0.226667 19.471250
vt 0.453333 19.471250
vt 0.680000 19.471250
vt 0.906667 19.471250
vt 1.133333 19.471250
vt 1.360000 19.471250
vt 1.586667 19.471250
vt 1.813333 19.471250
vt 2.040000 19.471250
vt 0.000000 19.570910
vt 0.226667 19.570910
vt 0.453333 19.570910
vt 0.680000 19.570910
vt 0.906667 19.570910
vt 1.133333 19.570910
vt 1.360000 19.570910
vt 1.586667 19.570910
vt 1.813333 19.570910
vt 2.040000 19.570910
vt 0.000000 19.670520
vt 0.226667 19.670520
vt 0.453333 19.670520
vt 0.680000 19.670520
vt 0.906667 19.670520
vt 1.133333 19.670520
vt 1.360000 19.670520
vt 1.586667 19.670520
vt 1.813333 19.670520
vt 2.040000 19.670520
vt 0.000000 19.771090
vt 0.226667 19.771090
vt 0.453333 19.771090
vt 0.680000 19.771090
vt 0.906667 19.771090
vt 1.133333 19.771090
vt 1.360000 19.771090
vt 1.586667 19.771090
vt 1.813333 19.771090
vt 2.040000 19.771090
vt 0.000000 19.870320
vt 0.226667 19.870320
vt 0.453333 19.870320
vt 0.680000 19.870320
vt 0.906667 19.870320
vt 1.133333 19.870320
vt 1.360000 19.870320
vt 1.586667 19.870320
vt 1.813333 19.870320
vt 2.040000 19.870320
vt 0.000000 19.970170
vt 0.226667 19.970170
vt 0.453333 19.970170
vt 0.680000 19.970170
vt 0.906667 19.970170
vt 1.133333 19.970170
vt 1.360000 19.970170
vt 1.586667 19.970170
vt 1.813333 19.970170
vt 2.040000 19.970170
vt 0.000000 20.070630
vt 0.226667 20.070630
vt 0.453333 20.070630
vt 0.680000 20.070630
vt 0.906667 20.070630
vt 1.133333 20.070630
vt 1.360000 20.070630
vt 1.586667 20.070630
vt 1.813333 20.070630
vt 2.040000 20.070630
vt 0.000000 20.169860
vt 0.226667 20.169860
vt 0.453333 20.169860
vt 0.680000 20.169860
vt 0.906667 20.169860
vt 1.133333 20.169860
vt 1.360000 20.169860
vt 1.586667 20.169860
vt 1.813333 20.169860
vt 2.040000 20.169860
vt 0.000000 20.269830
vt 0.226667 20.269830
vt 0.453333 20.269830
vt 0.680000 20.269830
vt 0.906667 20.269830
vt 1.133333 20.269830
vt 1.360000 20.269830
vt 1.586667 20.269830
vt 1.813333 20.269830
vt 2.040000 20.269830
vt 0.000000 20.370040
vt 0.226667 20.370040
vt 0.453333 20.370040
vt 0.680000 20.370040
vt 0.906667 20.370040
vt 1.133333 20.370040
vt 1.360000 20.370040
vt 1.586667 20.370040
vt 1.813333 20.370040
vt 2.040000 20.370040
vt 0.000000 20.469470
vt 0.226667 20.469470
vt 0.453333 20.469470
vt 0.680000 20.469470
vt 0.906667 20.469470
vt 1.133333 20.469470
vt 1.360000 20.469470
vt 1.586667 20.469470
vt 1.813333 20.469470
vt 2.040000 20.469470
vt 0.000000 20.569480
vt 0.226667 20.569480
vt 0.453333 20.569480
vt 0.680000 20.569480
vt 0.906667 20.569480
vt 1.133333 20.569480
vt 1.360000 20.569480
vt 1.586667 20.569480
vt 1.813333 20.569480
vt 2.040000 20.569480
vt 0.000000 20.669540
vt 0.226667 20.669540
vt 0.453333 20.669540
vt 0.680000 20.669540
vt 0.906667 20.669540
vt 1.133333 20.669540
vt 1.360000 20.669540
vt 1.586667 20.669540
vt 1.813333 20.669540
vt 2.040000 20.669540
vt 0.000000 20.769110
vt 0.226667 20.769110
vt 0.453333 20.769110
vt 0.680000 20.769110
vt 0.906667 20.769110
vt 1.133333 20.769110
vt 1.360000 20.769110
vt 1.586667 20.769110
vt 1.813333 20.769110
vt 2.040000 20.769110
vt 0.000000 20.869110
vt 0.226667 20.869110
vt 0.453333 20.869110
vt 0.680000 20.869110
vt 0.906667 20.869110
vt 1.133333 20.869110
vt 1.360000 20.869110
vt 1.586667 20.869110
vt 1.813333 20.869110
vt 2.040000 20.869110
vt 0.000000 20.969090
vt 0.226667 20.969090
vt 0.453333 20.969090
vt 0.680000 20.969090
vt 0.906667 20.969090
vt 1.133333 20.969090
vt 1.360000 20.969090
vt 1.586667 20.969090
vt 1.813333 20.969090
vt 2.040000 20.969090
vt 0.000000 21.068780
vt 0.226667 21.068780
vt 0.453333 21.068780
vt 0.680000 21.068780
vt 0.906667 21.068780
vt 1.133333 21.068780
vt 1.360000 21.068780
vt 1.586667 21.068780
vt 1.813333 21.068780
vt 2.040000 21.068780
vt 0.000000 21.168720
vt 0.226667 21.168720
vt 0.453333 21.168720
vt 0.680000 21.168720
vt 0.906667 21.168720
vt 1.133333 21.168720
vt 1.360000 21.168720
vt 1.586667 21.168720
vt 1.813333 21.168720
vt 2.040000 21.168720
vt 0.000000 21.268670
vt 0.226667 21.268670
vt 0.453333 21.268670
vt 0.680000 21.268670
vt 0.906667 21.268670
vt 1.133333 21.268670
vt 1.360000 21.268670
vt 1.586667 21.268670
vt 1.813333 21.268670
vt 2.040000 21.268670
vt 0.000000 21.368460
vt 0.226667 21.368460
vt 0.453333 21.368460
vt 0.680000 21.368460
vt 0.906667 21.368460
vt 1.133333 21.368460
vt 1.360000 21.368460
vt 1.586667 21.368460
vt 1.813333 21.368460
vt 2.040000 21.368460
vt 0.000000 21.468330
vt 0.226667 21.468330
vt 0.453333 21.468330
vt 0.680000 21.468330
vt 0.906667 21.468330
vt 1.133333 21.468330
vt 1.360000 21.468330
vt 1.586667 21.468330
vt 1.813333 21.468330
vt 2.040000 21.468330
vt 0.000000 21.568240
vt 0.226667 21.568240
vt 0.453333 21.568240
vt 0.680000 21.568240
vt 0.906667 21.568240
vt 1.133333 21.568240
vt 1.360000 21.568240
vt 1.586667 21.568240
vt 1.813333 21.568240
vt 2.040000 21.568240
vt 0.000000 21.668160
vt 0.226667 21.668160
vt 0.453333 21.668160
vt 0.680000 21.668160
vt 0.906667 21.668160
vt 1.133333 21.668160
vt 1.360000 21.668160
vt 1.586667 21.668160
vt 1.813333 21.668160
vt 2.040000 21.668160
vt 0.000000 21.767950
vt 0.226667 21.767950
vt 0.453333 21.767950
vt 0.680000 21.767950
vt 0.906667 21.767950
vt 1.133333 21.767950
vt 1.360000 21.767950
vt 1.586667 21.767950
vt 1.813333 21.767950
vt 2.040000 21.767950
vt 0.000000 21.867830
vt 0.226667 21.867830
vt 0.453333 21.867830
vt 0.680000 21.867830
vt 0.906667 21.867830
vt 1.133333 21.867830
vt 1.360000 21.867830
vt 1.586667 21.867830
vt 1.813333 21.867830
vt 2.040000 21.867830
vt 0.000000 21.967860
vt 0.226667 21.967860
vt 0.453333 21.967860
vt 0.680000 21.967860
vt 0.906667 21.967860
vt 1.133333 21.967860
vt 1.360000 21.967860
vt 1.586667 21.967860
vt 1.813333 21.967860
vt 2.040000 21.967860
vt 0.000000 22.067560
vt 0.226667 22.067560
vt 0.453333 22.067560
vt 0.680000 22.067560
vt 0.906667 22.067560
vt 1.133333 22.067560
vt 1.360000 22.067560
vt 1.586667 22.067560
vt 1.813333 22.067560
vt 2.040000 22.067560
vt 0.000000 22.167440
vt 0.226667 22.167440
vt 0.453333 22.167440
vt 0.680000 22.167440
vt 0.906667 22.167440
vt 1.133333 22.167440
vt 1.360000 22.167440
vt 1.586667 22.167440
vt 1.813333 22.167440
vt 2.040000 22.167440
vt 0.000000 22.267570
vt 0.226667 22.267570
vt 0.453333 22.267570
vt 0.680000 22.267570
vt 0.906667 22.267570
vt 1.133333 22.267570
vt 1.360000 22.267570
vt 1.586667 22.267570
vt 1.813333 22.267570
vt 2.040000 22.267570
vt 0.000000 22.367160
vt 0.226667 22.367160
vt 0.453333 22.367160
vt 0.680000 22.367160
vt 0.906667 22.367160
vt 1.133333 22.367160
vt 1.360000 22.367160
vt 1.586667 22.367160
vt 1.813333 22.367160
vt 2.040000 22.367160
vt 0.000000 22.467090
vt 0.226667 22.467090
vt 0.453333 22.467090
vt 0.680000 22.467090
vt 0.906667 22.467090
vt 1.133333 22.467090
vt 1.360000 22.467090
vt 1.586667 22.467090
vt 1.813333 22.467090
vt 2.040000 22.467090
vt 0.000000 22.567290
vt 0.226667 22.567290
vt 0.453333 22.567290
vt 0.680000 22.567290
vt 0.906667 22.567290
vt 1.133333 22.567290
vt 1.360000 22.567290
vt 1.586667 22.567290
vt 1.813333 22.567290
vt 2.040000 22.567290
vt 0.000000 22.666680
vt 0.226667 22.666680
vt 0.453333 22.666680
vt 0.680000 22.666680
vt 0.906667 22.666680
vt 1.133333 22.666680
vt 1.360000 22.666680
vt 1.586667 22.666680
vt 1.813333 22.666680
vt 2.040000 22.666680
vt 0.000000 22.766830
vt 0.226667 22.766830
vt 0.453333 22.766830
vt 0.680000 22.766830
vt 0.906667 22.766830
vt 1.133333 22.766830
vt 1.360000 22.766830
vt 1.586667 22.766830
vt 1.813333 22.766830
vt 2.040000 22.766830
vt 0.000000 22.866990
vt 0.226667 22.866990
vt 0.453333 22.866990
vt 0.680000 22.866990
vt 0.906667 22.866990
vt 1.133333 22.866990
vt 1.360000 22.866990
vt 1.586667 22.866990
vt 1.813333 22.866990
vt 2.040000 22.866990
vt 0.000000 22.966030
vt 0.226667 22.966030
vt 0.453333 22.966030
vt 0.680000 22.966030
vt 0.906667 22.966030
vt 1.133333 22.966030
vt 1.360000 22.966030
vt 1.586667 22.966030
vt 1.813333 22.966030
vt 2.040000 22.966030
vt 0.000000 23.066680
vt 0.226667 23.066680
vt 0.453333 23.066680
vt 0.680000 23.066680
vt 0.906667 23.066680
vt 1.133333 23.066680
vt 1.360000 23.066680
vt 1.586667 23.066680
vt 1.813333 23.066680
vt 2.040000 23.066680
vt 0.000000 23.166590
vt 0.226667 23.166590
vt 0.453333 23.166590
vt 0.680000 23.166590
vt 0.906667 23.166590
vt 1.133333 23.166590
vt 1.360000 23.166590
vt 1.586667 23.166590
vt 1.813333 23.166590
vt 2.040000 23.166590
vt 0.000000 23.265480
vt 0.226667 23.265480
vt 0.453333 23.265480
vt 0.680000 23.265480
vt 0.906667 23.265480
vt 1.133333 23.265480
vt 1.360000 23.265480
vt 1.586667 23.265480
vt 1.813333 23.265480
vt 2.040000 23.265480
vt 0.000000 23.366590
vt 0.226667 23.366590
vt 0.453333 23.366590
vt 0.680000 23.366590
vt 0.906667 23.366590
vt 1.133333 23.366590
vt 1.360000 23.366590
vt 1.586667 23.366590
vt 1.813333 23.366590
vt 2.040000 23.366590
vt 0.000000 23.465850
vt 0.226667 23.465850
vt 0.453333 23.465850
vt 0.680000 23.465850
vt 0.906667 23.465850
vt 1.133333 23.465850
vt 1.360000 23.465850
vt 1.586667 23.465850
vt 1.813333 23.465850
vt 2.040000 23.465850
vt 0.000000 23.565900
vt 0.226667 23.565900
vt 0.453333 23.565900
vt 0.680000 23.565900
vt 0.906667 23.565900
vt 1.133333 23.565900
vt 1.360000 23.565900
vt 1.586667 23.565900
vt 1.813333 23.565900
vt 2.040000 23.565900
vt 0.000000 23.666270
vt 0.226667 23.666270
vt 0.453333 23.666270
vt 0.680000 23.666270
vt 0.906667 23.666270
vt 1.133333 23.666270
vt 1.360000 23.666270
vt 1.586667 23.666270
vt 1.813333 23.666270
vt 2.040000 23.666270
vt 0.000000 23.764570
vt 0.226667 23.764570
vt 0.453333 23.764570
vt 0.680000 23.764570
vt 0.906667 23.764570
vt 1.133333 23.764570
vt 1.360000 23.764570
vt 1.586667 23.764570
vt 1.813333 23.764570
vt 2.040000 23.764570
vt 0.000000 23.866250
vt 0.226667 23.866250
vt 0.453333 23.866250
vt 0.680000 23.866250
vt 0.906667 23.866250
vt 1.133333 23.866250
vt 1.360000 23.866250
vt 1.586667 23.866250
vt 1.813333 23.866250
vt 2.040000 23.866250
vt 0.000000 23.964800
vt 0.226667 23.964800
vt 0.453333 23.964800
vt 0.680000 23.964800
vt 0.906667 23.964800
vt 1.133333 23.964800
vt 1.360000 23.964800
vt 1.586667 23.964800
vt 1.813333 23.964800
vt 2.040000 23.964800
vt 0.000000 24.065970
vt 0.226667 24.065970
vt 0.453333 24.065970
vt 0.680000 24.065970
vt 0.906667 24.065970
vt 1.133333 24.065970
vt 1.360000 24.065970
vt 1.586667 24.065970
vt 1.813333 24.065970
vt 2.040000 24.065970
vt 0.000000 24.165000
vt 0.226667 24.165000
vt 0.453333 24.165000
vt 0.680000 24.165000
vt 0.906667 24.165000
vt 1.133333 24.165000
vt 1.360000 24.165000
vt 1.586667 24.165000
vt 1.813333 24.165000
vt 2.040000 24.165000
vt 0.000000 24.265760
vt 0.226667 24.265760
vt 0.453333 24.265760
vt 0.680000 24.265760
vt 0.906667 24.265760
vt 1.133333 24.265760
vt 1.360000 24.265760
vt 1.586667 24.265760
vt 1.813333 24.265760
vt 2.040000 24.265760
vt 0.000000 24.364650
vt 0.226667 24.364650
vt 0.453333 24.364650
vt 0.680000 24.364650
vt 0.906667 24.364650
vt 1.133333 24.364650
vt 1.360000 24.364650
vt 1.586667 24.364650
vt 1.813333 24.364650
vt 2.040000 24.364650
vt 0.000000 24.465880
vt 0.226667 24.465880
vt 0.453333 24.465880
vt 0.680000 24.465880
vt 0.906667 24.465880
vt 1.133333 24.465880
vt 1.360000 24.465880
vt 1.586667 24.465880
vt 1.813333 24.465880
vt 2.040000 24.465880
vt 0.000000 24.562960
vt 0.226667 24.562960
vt 0.453333 24.562960
vt 0.680000 24.562960
vt 0.906667 24.562960
vt 1.133333 24.562960
vt 1.360000 24.562960
vt 1.586667 24.562960
vt 1.813333 24.562960
vt 2.040000 24.562960

f 2/2/2 11/11/11 1/1/1
f 12/12/12 11/11/11 2/2/2
f 3/3/3 12/12/12 2/2/2
f 13/13/13 12/12/12 3/3/3
f 4/4/4 13/13/13 3/3/3
f 14/14/14 13/13/13 4/4/4
f 5/5/5 14/14/14 4/4/4
f 15/15/15 14/14/14 5/5/5
f 6/6/6 15/15/15 5/5/5
f 16/16/16 15/15/15 6/6/6
f 7/7/7 16/16/16 6/6/6
f 17/17/17 16/16/16 7/7/7
f 8/8/8 17/17/17 7/7/7
f 18/18/18 17/17/17 8/8/8
f 9/9/9 18/18/18 8/8/8
f 19/19/19 18/18/18 9/9/9
f 10/10/10 19/19/19 9/9/9
f 20/20/20 19/19/19 10/10/10
f 12/12/12 21/21/21 11/11/11
f 22/22/22 21/21/21 12/12/12
f 13/13/13 22/22/22 12/12/12
f 23/23/23 22/22/22 13/13/13
f 14/14/14 23/23/23 13/13/13
f 24/24/24 23/23/23 14/14/14
f 15/15/15 24/24/24 14/14/14
f 25/25/25 24/24/24 15/15/15
f 16/16/16 25/25/25 15/15/15
f 26/26/26 25/25/25 16/16/16
f 17/17/17 26/26/26 16/16/16
f 27/27/27 26/26/26 17/17/17
f 18/18/18 27/27/27 17/17/17
f 28/28/28 27/27/27 18/18/18
f 19/19/19 28/28/28 18/18/18
f 29/29/29 28/28/28 19/19/19
f 20/20/20 29/29/29 19/19/19
f 30/30/30 29/29/29 20/20/20
f 22/22/22 31/31/31 21/21/21
f 32/32/32 31/31/31 22/22/22
f 23/23/23 32/32/32 22/22/22
f 33/33/33 32/32/32 23/23/23
f 24/24/24 33/33/33 23/23/23
f 34/34/34 33/33/33 24/24/24
f 25/25/25 34/34/34 24/24/24
f 35/35/35 34/34/34 25/25/25
f 26/26/26 35/35/35 25/25/25
f 36/36/36 35/35/35 26/26/26
f 27/27/27 36/36/36 26/26/26
f 37/37/37 36/36/36 27/27/27
f 28/28/28 37/37/37 27/27/27
f 38/38/38 37/37/37 28/28/28
f 29/29/29 38/38/38 28/28/28
f 39/39/39 38/38/38 29/29/29
f 30/30/30 39/39/39 29/29/29
f 40/40/40 39/39/39 30/30/30
f 32/32/32 41/41/41 31/31/31
f 42/42/42 41/41/41 32/32/32
f 33/33/33 42/42/42 32/32/32
f 43/43/43 42/42/42 33/33/33
f 34/34/34 43/43/43 33/33/33
f 44/44/44 43/43/43 34/34/34
f 35/35/35 44/44/44 34/34/34
f 45/45/45 44/44/44 35/35/35
f 36/36/36 45/45/45 35/35/35
f 46/46/46 45/45/45 36/36/36
f 37/37/37 46/46/46 36/36/36
f 47/47/47 46/46/46 37/37/37
f 38/38/38 47/47/47 37/37/37
f 48/48/48 47/47/47 38/38/38
f 39/39/39 48/48/48 38/38/38
f 49/49/49 48/48/48 39/39/39
f 40/40/40 49/49/49 39/39/39
f 50/50/50 49/49/49 40/40/40
f 42/42/42 51/51/51 41/41/41
f 52/52/52 51/51/51 42/42/42
f 43/43/43 52/52/52 42/42/42
f 53/53/53 52/52/52 43/43/43
f 44/44/44 53/53/53 43/43/43
f 54/54/54 53/53/53 44/44/44
f 45/45/45 54/54/54 44/44/44
f 55/55/55 54/54/54 45/45/45
f 46/46/46 55/55/55 45/45/45
f 56/56/56 55/55/55 46/46/46
f 47/47/47 56/56/56 46/46/46
f 57/57/57 56/56/56 47/47/47
f 48/48/48 57/57/57 47/47/47
f 58/58/58 57/57/57 48/48/48
f 49/49/49 58/58/58 48/48/48
f 59/59/59 58/58/58 49/49/49
f 50/50/50 59/59/59 49/49/49
f 60/60/60 59/59/59 50/50/50
f 52/52/52 61/61/61 51/51/51
f 62/62/62 61/61/61 52/52/52
f 53/53/53 62/62/62 52/52/52
f 63/63/63 62/62/62 53/53/53
f 54/54/54 63/63/63 53/53/53
f 64/64/64 63/63/63 54/54/54
f 55/55/55 64/64/64 54/54/54
f 65/65/65 64/64/64 55/55/55
f 56/56/56 65/65/65 55/55/55
f 66/66/66 65/65/65 56/56/56
f 57/57/57 66/66/66 56/56/56
f 67/67/67 66/66/66 57/57/57
f 58/58/58 67/67/67 57/57/57
f 68/68/68 67/67/67 58/58/58
f 59/59/59 68/68/68 58/58/58
f 69/69/69 68/68/68 59/59/59
f 60/60/60 69/69/69 59/59/59
f 70/70/70 69/69/69 60/60/60
f 62/62/62 71/71/71 61/61/61
f 72/72/72 71/71/71 62/62/62
f 63/63/63 72/72/72 62/62/62
f 73/73/73 72/72/72 63/63/63
f 64/64/64 73/73/73 63/63/63
f 74/74/74 73/73/73 64/64/64
f 65/65/65 74/74/74 64/64/64
f 75/75/75 74/74/74 65/65/65
f 66/66/66 75/75/75 65/65/65
f 76/76/76 75/75/75 66/66/66
f 67/67/67 76/76/76 66/66/66
f 77/77/77 76/76/76 67/67/67
f 68/68/68 77/77/77 67/67/67
f 78/78/78 77/77/77 68/68/68
f 69/69/69 78/78/78 68/68/68
f 79/79/79 78/78/78 69/69/69
f 70/70/70 79/79/79 69/69/69
f 80/80/80 79/79/79 70/70/70
f 72/72/72 81/81/81 71/71/71
f 82/82/82 81/81/81 72/72/72
f 73/73/73 82/82/82 72/72/72
f 83/83/83 82/82/82 73/73/73
f 74/74/74 83/83/83 73/73/73
f 84/84/84 83/83/83 74/74/74
f 75/75/75 84/84/84 74/74/74
f 85/85/85 84/84/84 75/75/75
f 76/76/76 85/85/85 75/75/75
f 86/86/86 85/85/85 76/76/76
f 77/77/77 86/86/86 76/76/76
f 87/87/87 86/86/86 77/77/77
f 78/78/78 87/87/87 77/77/77
f 88/88/88 87/87/87 78/78/78
f 79/79/79 88/88/88 78/78/78
f 89/89/89 88/88/88 79/79/79
f 80/80/80 89/89/89 79/79/79
f 90/90/90 89/89/89 80/80/80
f 82/82/82 91/91/91 81/81/81
f 92/92/92 91/91/91 82/82/82
f 83/83/83 92/92/92 82/82/82
f 93/93/93 92/92/92 83/83/83
f 84/84/84 93/93/93 83/83/83
f 94/94/94 93/93/93 84/84/84
f 85/85/85 94/94/94 84/84/84
f 95/95/95 94/94/94 85/85/85
f 86/86/86 95/95/95 85/85/85
f 96/96/96 95/95/95 86/86/86
f 87/87/87 96/96/96 86/86/86
f 97/97/97 96/96/96 87/87/87
f 88/88/88 97/97/97 87/87/87
f 98/98/98 97/97/97 88/88/88
f 89/89/89 98/98/98 88/88/88
f 99/99/99 98/98/98 89/89/89
f 90/90/90 99/99/99 89/89/89
f 100/100/100 99/99/99 90/90/90
f 92/92/92 101/101/101 91/91/91
f 102/102/102 101/101/101 92/92/92
f 93/93/93 102/102/102 92/92/92
f 103/103/103 102/102/102 93/93/93
f 94/94/94 103/103/103 93/93/93
f 104/104/104 103/103/103 94/94/94
f 95/95/95 104/104/104 94/94/94
f 105/105/105 104/104/104 95/95/95
f 96/96/96 105/105/105 95/95/95
f 106/106/106 105/105/105 96/96/96
f 97/97/97 106/106/106 96/96/96
f 107/107/107 106/106/106 97/97/97
f 98/98/98 107/107/107 97/97/97
f 108/108/108 107/107/107 98/98/98
f 99/99/99 108/108/108 98/98/98
f 109/109/109 108/108/108 99/99/99
f 100/100/100 109/109/109 99/99/99
f 110/110/110 109/109/109 100/100/100
f 102/102/102 111/111/111 101/101/101
f 112/112/112 111/111/111 102/102/102
f 103/103/103 112/112/112 102/102/102
f 113/113/113 112/112/112 103/103/103
f 104/104/104 113/113/113 103/103/103
f 114/114/114 113/113/113 104/104/104
f 105/105/105 114/114/114 104/104/104
f 115/115/115 114/114/114 105/105/105
f 106/106/106 115/115/115 105/105/105
f 116/116/116 115/115/115 106/106/106
f 107/107/107 116/116/116 106/106/106
f 117/117/117 116/116/116 107/107/107
f 108/108/108 117/117/117 107/107/107
f 118/118/118 117/117/117 108/108/108
f 109/109/109 118/118/118 108/108/108
f 119/119/119 118/118/118 109/109/109
f 110/110/110 119/119/119 109/109/109
f 120/120/120 119/119/119 110/110/110
f 112/112/112 121/121/121 111/111/111
f 122/122/122 121/121/121 112/112/112
f 113/113/113 122/122/122 112/112/112
f 123/123/123 122/122/122 113/113/113
f 114/114/114 123/123/123 113/113/113
f 124/124/124 123/123/123 114/114/114
f 115/115/115 124/124/124 114/114/114
f 125/125/125 124/124/124 115/115/115
f 116/116/116 125/125/125 115/115/115
f 126/126/126 125/125/125 116/116/116
f 117/117/117 126/126/126 116/116/116
f 127/127/127 126/126/126 117/117/117
f 118/118/118 127/127/127 117/117/117
f 128/128/128 127/127/127 118/118/118
f 119/119/119 128/128/128 118/118/118
f 129/129/129 128/128/128 119/119/119
f 120/120/120 129/129/129 119/119/119
f 130/130/130 129/129/129 120/120/120
f 122/122/122 131/131/131 121/121/121
f 132/132/132 131/131/131 122/122/122
f 123/123/123 132/132/132 122/122/122
f 133/133/133 132/132/132 123/123/123
f 124/124/124 133/133/133 123/123/123
f 134/134/134 133/133/133 124/124/124
f 125/125/125 134/134/134 124/124/124
f 135/135/135 134/134/134 125/125/125
f 126/126/126 135/135/135 125/125/125
f 136/136/136 135/135/135 126/126/126
f 127/127/127 136/136/136 126/126/126
f 137/137/137 136/136/136 127/127/127
f 128/128/128 137/137/137 127/127/127
f 138/138/138 137/137/137 128/128/128
f 129/129/129 138/138/138 128/128/128
f 139/139/139 138/138/138 129/129/129
f 130/130/130 139/139/139 129/129/129
f 140/140/140 139/139/139 130/130/130
f 132/132/132 141/141/141 131/131/131
f 142/142/142 141/141/141 132/132/132
f 133/133/133 142/142/142 132/132/132
f 143/143/143 142/142/142 133/133/133
f 134/134/134 143/143/143 133/133/133
f 144/144/144 143/143/143 134/134/134
f 135/135/135 144/144/144 134/134/134
f 145/145/145 144/144/144 135/135/135
f 136/136/136 145/145/145 135/135/135
f 146/146/146 145/145/145 136/136/136
f 137/137/137 146/146/146 136/136/136
f 147/147/147 146/146/146 137/137/137
f 138/138/138 147/147/147 137/137/137
f 148/148/148 147/147/147 138/138/138
f 139/139/139 148/148/148 138/138/138
f 149/149/149 148/148/148 139/139/139
f 140/140/140 149/149/149 139/139/139
f 150/150/150 149/149/149 140/140/140
f 142/142/142 151/151/151 141/141/141
f 152/152/152 151/151/151 142/142/142
f 143/143/143 152/152/152 142/142/142
f 153/153/153 152/152/152 143/143/143
f 144/144/144 153/153/153 143/143/143
f 154/154/154 153/153/153 144/144/144
f 145/145/145 154/154/154 144/144/144
f 155/155/155 154/154/154 145/145/145
f 146/146/146 155/155/155 145/145/145
f 156/156/156 155/155/155 146/146/146
f 147/147/147 156/156/156 146/146/146
f 157/157/157 156/156/156 147/147/147
f 148/148/148 157/157/157 147/147/147
f 158/158/158 157/157/157 148/148/148
f 149/149/149 158/158/158 148/148/148
f 159/159/159 158/158/158 149/149/149
f 150/150/150 159/159/159 149/149/149
f 160/160/160 159/159/159 150/150/150
f 152/152/152 161/161/161 151/151/151
f 162/162/162 161/161/161 152/152/152
f 153/153/153 162/162/162 152/152/152
f 163/163/163 162/162/162 153/153/153
f 154/154/154 163/163/163 153/153/153
f 164/164/164 163/163/163 154/154/154
f 155/155/155 164/164/164 154/154/154
f 165/165/165 164/164/164 155/155/155
f 156/156/156 165/165/165 155/155/155
f 166/166/166 165/165/165 156/156/156
f 157/157/157 166/166/166 156/156/156
f 167/167/167 166/166/166 157/157/157
f 158/158/158 167/167/167 157/157/157
f 168/168/168 167/167/167 158/158/158
f 159/159/159 168/168/168 158/158/158
f 169/169/169 168/168/168 159/159/159
f 160/160/160 169/169/169 159/159/159
f 170/170/170 169/169/169 160/160/160
f 162/162/162 171/171/171 161/161/161
f 172/172/172 171/171/171 162/162/162
f 163/163/163 172/172/172 162/162/162
f 173/173/173 172/172/172 163/163/163
f 164/164/164 173/173/173 163/163/163
f 174/174/174 173/173/173 164/164/164
f 165/165/165 174/174/174 164/164/164
f 175/175/175 174/174/174 165/165/165
f 166/166/166 175/175/175 165/165/165
f 176/176/176 175/175/175 166/166/166
f 167/167/167 176/176/176 166/166/166
f 177/177/177 176/176/176 167/167/167
f 168/168/168 177/177/177 167/167/167
f 178/178/178 177/177/177 168/168/168
f 169/169/169 178/178/178 168/168/168
f 179/179/179 178/178/178 169/169/169
f 170/170/170 179/179/179 169/169/169
f 180/180/180 179/179/179 170/170/170
f 172/172/172 181/181/181 171/171/171
f 182/182/182 181/181/181 172/172/172
f 173/173/173 182/182/182 172/172/172
f 183/183/183 182/182/182 173/173/173
f 174/174/174 183/183/183 173/173/173
f 184/184/184 183/183/183 174/174/174
f 175/175/175 184/184/184 174/174/174
f 185/185/185 184/184/184 175/175/175
f 176/176/176 185/185/185 175/175/175
f 186/186/186 185/185/185 176/176/176
f 177/177/177 186/186/186 176/176/176
f 187/187/187 186/186/186 177/177/177
f 178/178/178 187/187/187 177/177/177
f 188/188/188 187/187/187 178/178/178
f 179/179/179 188/188/188 178/178/178
f 189/189/189 188/188/188 179/179/179
f 180/180/180 189/189/189 179/179/179
f 190/190/190 189/189/189 180/180/180
f 182/182/182 191/191/191 181/181/181
f 192/192/192 191/191/191 182/182/182
f 183/183/183 192/192/192 182/182/182
f 193/193/193 192/192/192 183/183/183
f 184/184/184 193/193/193 183/183/183
f 194/194/194 193/193/193 184/184/184
f 185/185/185 194/194/194 184/184/184
f 195/195/195 194/194/194 185/185/185
f 186/186/186 195/195/195 185/185/185
f 196/196/196 195/195/195 186/186/186
f 187/187/187 196/196/196 186/186/186
f 197/197/197 196/196/196 187/187/187
f 188/188/188 197/197/197 187/187/187
f 198/198/198 197/197/197 188/188/188
f 189/189/189 198/198/198 188/188/188
f 199/199/199 198/198/198 189/189/189
f 190/190/190 199/199/199 189/189/189
f 200/200/200 199/199/199 190/190/190
f 192/192/192 201/201/201 191/191/191
f 202/202/202 201/201/201 192/192/192
f 193/193/193 202/202/202 192/192/192
f 203/203/203 202/202/202 193/193/193
f 194/194/194 203/203/203 193/193/193
f 204/204/204 203/203/203 194/194/194
f 195/195/195 204/204/204 194/194/194
f 205/205/205 204/204/204 195/195/195
f 196/196/196 205/205/205 195/195/195
f 206/206/206 205/205/205 196/196/196
f 197/197/197 206/206/206 196/196/196
f 207/207/207 206/206/206 197/197/197
f 198/198/198 207/207/207 197/197/197
f 208/208/208 207/207/207 198/198/198
f 199/199/199 208/208/208 198/198/198
f 209/209/209 208/208/208 199/199/199
f 200/200/200 209/209/209 199/199/199
f 210/210/210 209/209/209 200/200/200
f 202/202/202 211/211/211 201/201/201
f 212/212/212 211/211/211 202/202/202
f 203/203/203 212/212/212 202/202/202
f 213/213/213 212/212/212 203/203/203
f 204/204/204 213/213/213 203/203/203
f 214/214/214 213/213/213 204/204/204
f 205/205/205 214/214/214 204/204/204
f 215/215/215 214/214/214 205/205/205
f 206/206/206 215/215/215 205/205/205
f 216/216/216 215/215/215 206/206/206
f 207/207/207 216/216/216 206/206/206
f 217/217/217 216/216/216 207/207/207
f 208/208/208 217/217/217 207/207/207
f 218/218/218 217/217/217 208/208/208
f 209/209/209 218/218/218 208/208/208
f 219/219/219 218/218/218 209/209/209
f 210/210/210 219/219/219 209/209/209
f 220/220/220 219/219/219 210/210/210
f 212/212/212 221/221/221 211/211/211
f 222/222/222 221/221/221 212/212/212
f 213/213/213 222/222/222 212/212/212
f 223/223/223 222/222/222 213/213/213
f 214/214/214 223/223/223 213/213/213
f 224/224/224 223/223/223 214/214/214
f 215/215/215 224/224/224 214/214/214
f 225/225/225 224/224/224 215/215/215
f 216/216/216 225/225/225 215/215/215
f 226/226/226 225/225/225 216/216/216
f 217/217/217 226/226/226 216/216/216
f 227/227/227 226/226/226 217/217/217
f 218/218/218 227/227/227 217/217/217
f 228/228/228 227/227/227 218/218/218
f 219/219/219 228/228/228 218/218/218
f 229/229/229 228/228/228 219/219/219
f 220/220/220 229/229/229 219/219/219
f 230/230/230 229/229/229 220/220/220
f 222/222/222 231/231/231 221/221/221
f 232/232/232 231/231/231 222/222/222
f 223/223/223 232/232/232 222/222/222
f 233/233/233 232/232/232 223/223/223
f 224/224/224 233/233/233 223/223/223
f 234/234/234 233/233/233 224/224/224
f 225/225/225 234/234/234 224/224/224
f 235/235/235 234/234/234 225/225/225
f 226/226/226 235/235/235 225/225/225
f 236/236/236 235/235/235 226/226/226
f 227/227/227 236/236/236 226/226/226
f 237/237/237 236/236/236 227/227/227
f 228/228/228 237/237/237 227/227/227
f 238/238/238 237/237/237 228/228/228
f 229/229/229 238/238/238 228/228/228
f 239/239/239 238/238/238 229/229/229
f 230/230/230 239/239/239 229/229/229
f 240/240/240 239/239/239 230/230/230
f 232/232/232 241/241/241 231/231/231
f 242/242/242 241/241/241 232/232/232
f 233/233/233 242/242/242 232/232/232
f 243/243/243 242/242/242 233/233/233
f 234/234/234 243/243/243 233/233/233
f 244/244/244 243/243/243 234/234/234
f 235/235/235 244/244/244 234/234/234
f 245/245/245 244/244/244 235/235/235
f 236/236/236 245/245/245 235/235/235
f 246/246/246 245/245/245 236/236/236
f 237/237/237 246/246/246 236/236/236
f 247/247/247 246/246/246 237/237/237
f 238/238/238 247/247/247 237/237/237
f 248/248/248 247/247/247 238/238/238
f 239/239/239 248/248/248 238/238/238
f 249/249/249 248/248/248 239/239/239
f 240/240/240 249/249/249 239/239/239
f 250/250/250 249/249/249 240/240/240
f 242/242/242 251/251/251 241/241/241
f 252/252/252 251/251/251 242/242/242
f 243/243/243 252/252/252 242/242/242
f 253/253/253 252/252/252 243/243/243
f 244/244/244 253/253/253 243/243/243
f 254/254/254 253/253/253 244/244/244
f 245/245/245 254/254/254 244/244/244
f 255/255/255 254/254/254 245/245/245
f 246/246/246 255/255/255 245/245/245
f 256/256/256 255/255/255 246/246/246
f 247/247/247 256/256/256 246/246/246
f 257/257/257 256/256/256 247/247/247
f 248/248/248 257/257/257 247/247/247
f 258/258/258 257/257/257 248/248/248
f 249/249/249 258/258/258 248/248/248
f 259/259/259 258/258/258 249/249/249
f 250/250/250 259/259/259 249/249/249
f 260/260/260 259/259/259 250/250/250
f 252/252/252 261/261/261 251/251/251
f 262/262/262 261/261/261 252/252/252
f 253/253/253 262/262/262 252/252/252
f 263/263/263 262/262/262 253/253/253
f 254/254/254 263/263/263 253/253/253
f 264/264/264 263/263/263 254/254/254
f 255/255/255 264/264/264 254/254/254
f 265/265/265 264/264/264 255/255/255
f 256/256/256 265/265/265 255/255/255
f 266/266/266 265/265/265 256/256/256
f 257/257/257 266/266/266 256/256/256
f 267/267/267 266/266/266 257/257/257
f 258/258/258 267/267/267 257/257/257
f 268/268/268 267/267/267 258/258/258
f 259/259/259 268/268/268 258/258/258
f 269/269/269 268/268/268 259/259/259
f 260/260/260 269/269/269 259/259/259
f 270/270/270 269/269/269 260/260/260
f 262/262/262 271/271/271 261/261/261
f 272/272/272 271/271/271 262/262/262
f 263/263/263 272/272/272 262/262/262
f 273/273/273 272/272/272 263/263/263
f 264/264/264 273/273/273 263/263/263
f 274/274/274 273/273/273 264/264/264
f 265/265/265 274/274/274 264/264/264
f 275/275/275 274/274/274 265/265/265
f 266/266/266 275/275/275 265/265/265
f 276/276/276 275/275/275 266/266/266
f 267/267/267 276/276/276 266/266/266
f 277/277/277 276/276/276 267/267/267
f 268/268/268 277/277/277 267/267/267
f 278/278/278 277/277/277 268/268/268
f 269/269/269 278/278/278 268/268/268
f 279/279/279 278/278/278 269/269/269
f 270/270/270 279/279/279 269/269/269
f 280/280/280 279/279/279 270/270/270
f 272/272/272 281/281/281 271/271/271
f 282/282/282 281/281/281 272/272/272
f 273/273/273 282/282/282 272/272/272
f 283/283/283 282/282/282 273/273/273
f 274/274/274 283/283/283 273/273/273
f 284/284/284 283/283/283 274/274/274
f 275/275/275 284/284/284 274/274/274
f 285/285/285 284/284/284 275/275/275
f 276/276/276 285/285/285 275/275/275
f 286/286/286 285/285/285 276/276/276
f 277/277/277 286/286/286 276/276/276
f 287/287/287 286/286/286 277/277/277
f 278/278/278 287/287/287 277/277/277
f 288/288/288 287/287/287 278/278/278
f 279/279/279 288/288/288 278/278/278
f 289/289/289 288/288/288 279/279/279
f 280/280/280 289/289/289 279/279/279
f 290/290/290 289/289/289 280/280/280
f 282/282/282 291/291/291 281/281/281
f 292/292/292 291/291/291 282/282/282
f 283/283/283 292/292/292 282/282/282
f 293/293/293 292/292/292 283/283/283
f 284/284/284 293/293/293 283/283/283
f 294/294/294 293/293/293 284/284/284
f 285/285/285 294/294/294 284/284/284
f 295/295/295 294/294/294 285/285/285
f 286/286/286 295/295/295 285/285/285
f 296/296/296 295/295/295 286/286/286
f 287/287/287 296/296/296 286/286/286
f 297/297/297 296/296/296 287/287/287
f 288/288/288 297/297/297 287/287/287
f 298/298/298 297/297/297 288/288/288
f 289/289/289 298/298/298 288/288/288
f 299/299/299 298/298/298 289/289/289
f 290/290/290 299/299/299 289/289/289
f 300/300/300 299/299/299 290/290/290
f 292/292/292 301/301/301 291/291/291
f 302/302/302 301/301/301 292/292/292
f 293/293/293 302/302/302 292/292/292
f 303/303/303 302/302/302 293/293/293
f 294/294/294 303/303/303 293/293/293
f 304/304/304 303/303/303 294/294/294
f 295/295/295 304/304/304 294/294/294
f 305/305/305 304/304/304 295/295/295
f 296/296/296 305/305/305 295/295/295
f 306/306/306 305/305/305 296/296/296
f 297/297/297 306/306/306 296/296/296
f 307/307/307 306/306/306 297/297/297
f 298/298/298 307/307/307 297/297/297
f 308/308/308 307/307/307 298/298/298
f 299/299/299 308/308/308 298/298/298
f 309/309/309 308/308/308 299/299/299
f 300/300/300 309/309/309 299/299/299
f 310/310/310 309/309/309 300/300/300
f 302/302/302 311/311/311 301/301/301
f 312/312/312 311/311/311 302/302/302
f 303/303/303 312/312/312 302/302/302
f 313/313/313 312/312/312 303/303/303
f 304/304/304 313/313/313 303/303/303
f 314/314/314 313/313/313 304/304/304
f 305/305/305 314/314/314 304/304/304
f 315/315/315 314/314/314 305/305/305
f 306/306/306 315/315/315 305/305/305
f 316/316/316 315/315/315 306/306/306
f 307/307/307 316/316/316 306/306/306
f 317/317/317 316/316/316 307/307/307
f 308/308/308 317/317/317 307/307/307
f 318/318/318 317/317/317 308/308/308
f 309/309/309 318/318/318 308/308/308
f 319/319/319 318/318/318 309/309/309
f 310/310/310 319/319/319 309/309/309
f 320/320/320 319/319/319 310/310/310
f 312/312/312 321/321/321 311/311/311
f 322/322/322 321/321/321 312/312/312
f 313/313/313 322/322/322 312/312/312
f 323/323/323 322/322/322 313/313/313
f 314/314/314 323/323/323 313/313/313
f 324/324/324 323/323/323 314/314/314
f 315/315/315 324/324/324 314/314/314
f 325/325/325 324/324/324 315/315/315
f 316/316/316 325/325/325 315/315/315
f 326/326/326 325/325/325 316/316/316
f 317/317/317 326/326/326 316/316/316
f 327/327/327 326/326/326 317/317/317
f 318/318/318 327/327/327 317/317/317
f 328/328/328 327/327/327 318/318/318
f 319/319/319 328/328/328 318/318/318
f 329/329/329 328/328/328 319/319/319
f 320/320/320 329/329/329 319/319/319
f 330/330/330 329/329/329 320/320/320
f 322/322/322 331/331/331 321/321/321
f 332/332/332 331/331/331 322/322/322
f 323/323/323 332/332/332 322/322/322
f 333/333/333 332/332/332 323/323/323
f 324/324/324 333/333/333 323/323/323
f 334/334/334 333/333/333 324/324/324
f 325/325/325 334/334/334 324/324/324
f 335/335/335 334/334/334 325/325/325
f 326/326/326 335/335/335 325/325/325
f 336/336/336 335/335/335 326/326/326
f 327/327/327 336/336/336 326/326/326
f 337/337/337 336/336/336 327/327/327
f 328/328/328 337/337/337 327/327/327
f 338/338/338 337/337/337 328/328/328
f 329/329/329 338/338/338 328/328/328
f 339/339/339 338/338/338 329/329/329
f 330/330/330 339/339/339 329/329/329
f 340/340/340 339/339/339 330/330/330
f 332/332/332 341/341/341 331/331/331
f 342/342/342 341/341/341 332/332/332
f 333/333/333 342/342/342 332/332/332
f 343/343/343 342/342/342 333/333/333
f 334/334/334 343/343/343 333/333/333
f 344/344/344 343/343/343 334/334/334
f 335/335/335 344/344/344 334/334/334
f 345/345/345 344/344/344 335/335/335
f 336/336/336 345/345/345 335/335/335
f 346/346/346 345/345/345 336/336/336
f 337/337/337 346/346/346 336/336/336
f 347/347/347 346/346/346 337/337/337
f 338/338/338 347/347/347 337/337/337
f 348/348/348 347/347/347 338/338/338
f 339/339/339 348/348/348 338/338/338
f 349/349/349 348/348/348 339/339/339
f 340/340/340 349/349/349 339/339/339
f 350/350/350 349/349/349 340/340/340
f 342/342/342 351/351/351 341/341/341
f 352/352/352 351/351/351 342/342/342
f 343/343/343 352/352/352 342/342/342
f 353/353/353 352/352/352 343/343/343
f 344/344/344 353/353/353 343/343/343
f 354/354/354 353/353/353 344/344/344
f 345/345/345 354/354/354 344/344/344
f 355/355/355 354/354/354 345/345/345
f 346/346/346 355/355/355 345/345/345
f 356/356/356 355/355/355 346/346/346
f 347/347/347 356/356/356 346/346/346
f 357/357/357 356/356/356 347/347/347
f 348/348/348 357/357/357 347/347/347
f 358/358/358 357/357/357 348/348/348
f 349/349/349 358/358/358 348/348/348
f 359/359/359 358/358/358 349/349/349
f 350/350/350 359/359/359 349/349/349
f 360/360/360 359/359/359 350/350/350
f 352/352/352 361/361/361 351/351/351
f 362/362/362 361/361/361 352/352/352
f 353/353/353 362/362/362 352/352/352
f 363/363/363 362/362/362 353/353/353
f 354/354/354 363/363/363 353/353/353
f 364/364/364 363/363/363 354/354/354
f 355/355/355 364/364/364 354/354/354
f 365/365/365 364/364/364 355/355/355
f 356/356/356 365/365/365 355/355/355
f 366/366/366 365/365/365 356/356/356
f 357/357/357 366/366/366 356/356/356
f 367/367/367 366/366/366 357/357/357
f 358/358/358 367/367/367 357/357/357
f 368/368/368 367/367/367 358/358/358
f 359/359/359 368/368/368 358/358/358
f 369/369/369 368/368/368 359/359/359
f 360/360/360 369/369/369 359/359/359
f 370/370/370 369/369/369 360/360/360
f 362/362/362 371/371/371 361/361/361
f 372/372/372 371/371/371 362/362/362
f 363/363/363 372/372/372 362/362/362
f 373/373/373 372/372/372 363/363/363
f 364/364/364 373/373/373 363/363/363
f 374/374/374 373/373/373 364/364/364
f 365/365/365 374/374/374 364/364/364
f 375/375/375 374/374/374 365/365/365
f 366/366/366 375/375/375 365/365/365
f 376/376/376 375/375/375 366/366/366
f 367/367/367 376/376/376 366/366/366
f 377/377/377 376/376/376 367/367/367
f 368/368/368 377/377/377 367/367/367
f 378/378/378 377/377/377 368/368/368
f 369/369/369 378/378/378 368/368/368
f 379/379/379 378/378/378 369/369/369
f 370/370/370 379/379/379 369/369/369
f 380/380/380 379/379/379 370/370/370
f 372/372/372 381/381/381 371/371/371
f 382/382/382 381/381/381 372/372/372
f 373/373/373 382/382/382 372/372/372
f 383/383/383 382/382/382 373/373/373
f 374/374/374 383/383/383 373/373/373
f 384/384/384 383/383/383 374/374/374
f 375/375/375 384/384/384 374/374/374
f 385/385/385 384/384/384 375/375/375
f 376/376/376 385/385/385 375/375/375
f 386/386/386 385/385/385 376/376/376
f 377/377/377 386/386/386 376/376/376
f 387/387/387 386/386/386 377/377/377
f 378/378/378 387/387/387 377/377/377
f 388/388/388 387/387/387 378/378/378
f 379/379/379 388/388/388 378/378/378
f 389/389/389 388/388/388 379/379/379
f 380/380/380 389/389/389 379/379/379
f 390/390/390 389/389/389 380/380/380
f 382/382/382 391/391/391 381/381/381
f 392/392/392 391/391/391 382/382/382
f 383/383/383 392/392/392 382/382/382
f 393/393/393 392/392/392 383/383/383
f 384/384/384 393/393/393 383/383/383
f 394/394/394 393/393/393 384/384/384
f 385/385/385 394/394/394 384/384/384
f 395/395/395 394/394/394 385/385/385
f 386/386/386 395/395/395 385/385/385
f 396/396/396 395/395/395 386/386/386
f 387/387/387 396/396/396 386/386/386
f 397/397/397 396/396/396 387/387/387
f 388/388/388 397/397/397 387/387/387
f 398/398/398 397/397/397 388/388/388
f 389/389/389 398/398/398 388/388/388
f 399/399/399 398/398/398 389/389/389
f 390/390/390 399/399/399 389/389/389
f 400/400/400 399/399/399 390/390/390
f 392/392/392 401/401/401 391/391/391
f 402/402/402 401/401/401 392/392/392
f 393/393/393 402/402/402 392/392/392
f 403/403/403 402/402/402 393/393/393
f 394/394/394 403/403/403 393/393/393
f 404/404/404 403/403/403 394/394/394
f 395/395/395 404/404/404 394/394/394
f 405/405/405 404/404/404 395/395/395
f 396/396/396 405/405/405 395/395/395
f 406/406/406 405/405/405 396/396/396
f 397/397/397 406/406/406 396/396/396
f 407/407/407 406/406/406 397/397/397
f 398/398/398 407/407/407 397/397/397
f 408/408/408 407/407/407 398/398/398
f 399/399/399 408/408/408 398/398/398
f 409/409/409 408/408/408 399/399/399
f 400/400/400 409/409/409 399/399/399
f 410/410/410 409/409/409 400/400/400
f 402/402/402 411/411/411 401/401/401
f 412/412/412 411/411/411 402/402/402
f 403/403/403 412/412/412 402/402/402
f 413/413/413 412/412/412 403/403/403
f 404/404/404 413/413/413 403/403/403
f 414/414/414 413/413/413 404/404/404
f 405/405/405 414/414/414 404/404/404
f 415/415/415 414/414/414 405/405/405
f 406/406/406 415/415/415 405/405/405
f 416/416/416 415/415/415 406/406/406
f 407/407/407 416/416/416 406/406/406
f 417/417/417 416/416/416 407/407/407
f 408/408/408 417/417/417 407/407/407
f 418/418/418 417/417/417 408/408/408
f 409/409/409 418/418/418 408/408/408
f 419/419/419 418/418/418 409/409/409
f 410/410/410 419/419/419 409/409/409
f 420/420/420 419/419/419 410/410/410
f 412/412/412 421/421/421 411/411/411
f 422/422/422 421/421/421 412/412/412
f 413/413/413 422/422/422 412/412/412
f 423/423/423 422/422/422 413/413/413
f 414/414/414 423/423/423 413/413/413
f 424/424/424 423/423/423 414/414/414
f 415/415/415 424/424/424 414/414/414
f 425/425/425 424/424/424 415/415/415
f 416/416/416 425/425/425 415/415/415
f 426/426/426 425/425/425 416/416/416
f 417/417/417 426/426/426 416/416/416
f 427/427/427 426/426/426 417/417/417
f 418/418/418 427/427/427 417/417/417
f 428/428/428 427/427/427 418/418/418
f 419/419/419 428/428/428 418/418/418
f 429/429/429 428/428/428 419/419/419
f 420/420/420 429/429/429 419/419/419
f 430/430/430 429/429/429 420/420/420
f 422/422/422 431/431/431 421/421/421
f 432/432/432 431/431/431 422/422/422
f 423/423/423 432/432/432 422/422/422
f 433/433/433 432/432/432 423/423/423
f 424/424/424 433/433/433 423/423/423
f 434/434/434 433/433/433 424/424/424
f 425/425/425 434/434/434 424/424/424
f 435/435/435 434/434/434 425/425/425
f 426/426/426 435/435/435 425/425/425
f 436/436/436 435/435/435 426/426/426
f 427/427/427 436/436/436 426/426/426
f 437/437/437 436/436/436 427/427/427
f 428/428/428 437/437/437 427/427/427
f 438/438/438 437/437/437 428/428/428
f 429/429/429 438/438/438 428/428/428
f 439/439/439 438/438/438 429/429/429
f 430/430/430 439/439/439 429/429/429
f 440/440/440 439/439/439 430/430/430
f 432/432/432 441/441/441 431/431/431
f 442/442/442 441/441/441 432/432/432
f 433/433/433 442/442/442 432/432/432
f 443/443/443 442/442/442 433/433/433
f 434/434/434 443/443/443 433/433/433
f 444/444/444 443/443/443 434/434/434
f 435/435/435 444/444/444 434/434/434
f 445/445/445 444/444/444 435/435/435
f 436/436/436 445/445/445 435/435/435
f 446/446/446 445/445/445 436/436/436
f 437/437/437 446/446/446 436/436/436
f 447/447/447 446/446/446 437/437/437
f 438/438/438 447/447/447 437/437/437
f 448/448/448 447/447/447 438/438/438
f 439/439/439 448/448/448 438/438/438
f 449/449/449 448/448/448 439/439/439
f 440/440/440 449/449/449 439/439/439
f 450/450/450 449/449/449 440/440/440
f 442/442/442 451/451/451 441/441/441
f 452/452/452 451/451/451 442/442/442
f 443/443/443 452/452/452 442/442/442
f 453/453/453 452/452/452 443/443/443
f 444/444/444 453/453/453 443/443/443
f 454/454/454 453/453/453 444/444/444
f 445/445/445 454/454/454 444/444/444
f 455/455/455 454/454/454 445/445/445
f 446/446/446 455/455/455 445/445/445
f 456/456/456 455/455/455 446/446/446
f 447/447/447 456/456/456 446/446/446
f 457/457/457 456/456/456 447/447/447
f 448/448/448 457/457/457 447/447/447
f 458/458/458 457/457/457 448/448/448
f 449/449/449 458/458/458 448/448/448
f 459/459/459 458/458/458 449/449/449
f 450/450/450 459/459/459 449/449/449
f 460/460/460 459/459/459 450/450/450
f 452/452/452 461/461/461 451/451/451
f 462/462/462 461/461/461 452/452/452
f 453/453/453 462/462/462 452/452/452
f 463/463/463 462/462/462 453/453/453
f 454/454/454 463/463/463 453/453/453
f 464/464/464 463/463/463 454/454/454
f 455/455/455 464/464/464 454/454/454
f 465/465/465 464/464/464 455/455/455
f 456/456/456 465/465/465 455/455/455
f 466/466/466 465/465/465 456/456/456
f 457/457/457 466/466/466 456/456/456
f 467/467/467 466/466/466 457/457/457
f 458/458/458 467/467/467 457/457/457
f 468/468/468 467/467/467 458/458/458
f 459/459/459 468/468/468 458/458/458
f 469/469/469 468/468/468 459/459/459
f 460/460/460 469/469/469 459/459/459
f 470/470/470 469/469/469 460/460/460
f 462/462/462 471/471/471 461/461/461
f 472/472/472 471/471/471 462/462/462
f 463/463/463 472/472/472 462/462/462
f 473/473/473 472/472/472 463/463/463
f 464/464/464 473/473/473 463/463/463
f 474/474/474 473/473/473 464/464/464
f 465/465/465 474/474/474 464/464/464
f 475/475/475 474/474/474 465/465/465
f 466/466/466 475/475/475 465/465/465
f 476/476/476 475/475/475 466/466/466
f 467/467/467 476/476/476 466/466/466
f 477/477/477 476/476/476 467/467/467
f 468/468/468 477/477/477 467/467/467
f 478/478/478 477/477/477 468/468/468
f 469/469/469 478/478/478 468/468/468
f 479/479/479 478/478/478 469/469/469
f 470/470/470 479/479/479 469/469/469
f 480/480/480 479/479/479 470/470/470
f 472/472/472 481/481/481 471/471/471
f 482/482/482 481/481/481 472/472/472
f 473/473/473 482/482/482 472/472/472
f 483/483/483 482/482/482 473/473/473
f 474/474/474 483/483/483 473/473/473
f 484/484/484 483/483/483 474/474/474
f 475/475/475 484/484/484 474/474/474
f 485/485/485 484/484/484 475/475/475
f 476/476/476 485/485/485 475/475/475
f 486/486/486 485/485/485 476/476/476
f 477/477/477 486/486/486 476/476/476
f 487/487/487 486/486/486 477/477/477
f 478/478/478 487/487/487 477/477/477
f 488/488/488 487/487/487 478/478/478
f 479/479/479 488/488/488 478/478/478
f 489/489/489 488/488/488 479/479/479
f 480/480/480 489/489/489 479/479/479
f 490/490/490 489/489/489 480/480/480
f 482/482/482 491/491/491 481/481/481
f 492/492/492 491/491/491 482/482/482
f 483/483/483 492/492/492 482/482/482
f 493/493/493 492/492/492 483/483/483
f 484/484/484 493/493/493 483/483/483
f 494/494/494 493/493/493 484/484/484
f 485/485/485 494/494/494 484/484/484
f 495/495/495 494/494/494 485/485/485
f 486/486/486 495/495/495 485/485/485
f 496/496/496 495/495/495 486/486/486
f 487/487/487 496/496/496 486/486/486
f 497/497/497 496/496/496 487/487/487
f 488/488/488 497/497/497 487/487/487
f 498/498/498 497/497/497 488/488/488
f 489/489/489 498/498/498 488/488/488
f 499/499/499 498/498/498 489/489/489
f 490/490/490 499/499/499 489/489/489
f 500/500/500 499/499/499 490/490/490
f 492/492/492 501/501/501 491/491/491
f 502/502/502 501/501/501 492/492/492
f 493/493/493 502/502/502 492/492/492
f 503/503/503 502/502/502 493/493/493
f 494/494/494 503/503/503 493/493/493
f 504/504/504 503/503/503 494/494/494
f 495/495/495 504/504/504 494/494/494
f 505/505/505 504/504/504 495/495/495
f 496/496/496 505/505/505 495/495/495
f 506/506/506 505/505/505 496/496/496
f 497/497/497 506/506/506 496/496/496
f 507/507/507 506/506/506 497/497/497
f 498/498/498 507/507/507 497/497/497
f 508/508/508 507/507/507 498/498/498
f 499/499/499 508/508/508 498/498/498
f 509/509/509 508/508/508 499/499/499
f 500/500/500 509/509/509 499/499/499
f 510/510/510 509/509/509 500/500/500
f 502/502/502 511/511/511 501/501/501
f 512/512/512 511/511/511 502/502/502
f 503/503/503 512/512/512 502/502/502
f 513/513/513 512/512/512 503/503/503
f 504/504/504 513/513/513 503/503/503
f 514/514/514 513/513/513 504/504/504
f 505/505/505 514/514/514 504/504/504
f 515/515/515 514/514/514 505/505/505
f 506/506/506 515/515/515 505/505/505
f 516/516/516 515/515/515 506/506/506
f 507/507/507 516/516/516 506/506/506
f 517/517/517 516/516/516 507/507/507
f 508/508/508 517/517/517 507/507/507
f 518/518/518 517/517/517 508/508/508
f 509/509/509 518/518/518 508/508/508
f 519/519/519 518/518/518 509/509/509
f 510/510/510 519/519/519 509/509/509
f 520/520/520 519/519/519 510/510/510
f 512/512/512 521/521/521 511/511/511
f 522/522/522 521/521/521 512/512/512
f 513/513/513 522/522/522 512/512/512
f 523/523/523 522/522/522 513/513/513
f 514/514/514 523/523/523 513/513/513
f 524/524/524 523/523/523 514/514/514
f 515/515/515 524/524/524 514/514/514
f 525/525/525 524/524/524 515/515/515
f 516/516/516 525/525/525 515/515/515
f 526/526/526 525/525/525 516/516/516
f 517/517/517 526/526/526 516/516/516
f 527/527/527 526/526/526 517/517/517
f 518/518/518 527/527/527 517/517/517
f 528/528/528 527/527/527 518/518/518
f 519/519/519 528/528/528 518/518/518
f 529/529/529 528/528/528 519/519/519
f 520/520/520 529/529/529 519/519/519
f 530/530/530 529/529/529 520/520/520
f 522/522/522 531/531/531 521/521/521
f 532/532/532 531/531/531 522/522/522
f 523/523/523 532/532/532 522/522/522
f 533/533/533 532/532/532 523/523/523
f 524/524/524 533/533/533 523/523/523
f 534/534/534 533/533/533 524/524/524
f 525/525/525 534/534/534 524/524/524
f 535/535/535 534/534/534 525/525/525
f 526/526/526 535/535/535 525/525/525
f 536/536/536 535/535/535 526/526/526
f 527/527/527 536/536/536 526/526/526
f 537/537/537 536/536/536 527/527/527
f 528/528/528 537/537/537 527/527/527
f 538/538/538 537/537/537 528/528/528
f 529/529/529 538/538/538 528/528/528
f 539/539/539 538/538/538 529/529/529
f 530/530/530 539/539/539 529/529/529
f 540/540/540 539/539/539 530/530/530
f 532/532/532 541/541/541 531/531/531
f 542/542/542 541/541/541 532/532/532
f 533/533/533 542/542/542 532/532/532
f 543/543/543 542/542/542 533/533/533
f 534/534/534 543/543/543 533/533/533
f 544/544/544 543/543/543 534/534/534
f 535/535/535 544/544/544 534/534/534
f 545/545/545 544/544/544 535/535/535
f 536/536/536 545/545/545 535/535/535
f 546/546/546 545/545/545 536/536/536
f 537/537/537 546/546/546 536/536/536
f 547/547/547 546/546/546 537/537/537
f 538/538/538 547/547/547 537/537/537
f 548/548/548 547/547/547 538/538/538
f 539/539/539 548/548/548 538/538/538
f 549/549/549 548/548/548 539/539/539
f 540/540/540 549/549/549 539/539/539
f 550/550/550 549/549/549 540/540/540
f 542/542/542 551/551/551 541/541/541
f 552/552/552 551/551/551 542/542/542
f 543/543/543 552/552/552 542/542/542
f 553/553/553 552/552/552 543/543/543
f 544/544/544 553/553/553 543/543/543
f 554/554/554 553/553/553 544/544/544
f 545/545/545 554/554/554 544/544/544
f 555/555/555 554/554/554 545/545/545
f 546/546/546 555/555/555 545/545/545
f 556/556/556 555/555/555 546/546/546
f 547/547/547 556/556/556 546/546/546
f 557/557/557 556/556/556 547/547/547
f 548/548/548 557/557/557 547/547/547
f 558/558/558 557/557/557 548/548/548
f 549/549/549 558/558/558 548/548/548
f 559/559/559 558/558/558 549/549/549
f 550/550/550 559/559/559 549/549/549
f 560/560/560 559/559/559 550/550/550
f 552/552/552 561/561/561 551/551/551
f 562/562/562 561/561/561 552/552/552
f 553/553/553 562/562/562 552/552/552
f 563/563/563 562/562/562 553/553/553
f 554/554/554 563/563/563 553/553/553
f 564/564/564 563/563/563 554/554/554
f 555/555/555 564/564/564 554/554/554
f 565/565/565 564/564/564 555/555/555
f 556/556/556 565/565/565 555/555/555
f 566/566/566 565/565/565 556/556/556
f 557/557/557 566/566/566 556/556/556
f 567/567/567 566/566/566 557/557/557
f 558/558/558 567/567/567 557/557/557
f 568/568/568 567/567/567 558/558/558
f 559/559/559 568/568/568 558/558/558
f 569/569/569 568/568/568 559/559/559
f 560/560/560 569/569/569 559/559/559
f 570/570/570 569/569/569 560/560/560
f 562/562/562 571/571/571 561/561/561
f 572/572/572 571/571/571 562/562/562
f 563/563/563 572/572/572 562/562/562
f 573/573/573 572/572/572 563/563/563
f 564/564/564 573/573/573 563/563/563
f 574/574/574 573/573/573 564/564/564
f 565/565/565 574/574/574 564/564/564
f 575/575/575 574/574/574 565/565/565
f 566/566/566 575/575/575 565/565/565
f 576/576/576 575/575/575 566/566/566
f 567/567/567 576/576/576 566/566/566
f 577/577/577 576/576/576 567/567/567
f 568/568/568 577/577/577 567/567/567
f 578/578/578 577/577/577 568/568/568
f 569/569/569 578/578/578 568/568/568
f 579/579/579 578/578/578 569/569/569
f 570/570/570 579/579/579 569/569/569
f 580/580/580 579/579/579 570/570/570
f 572/572/572 581/581/581 571/571/571
f 582/582/582 581/581/581 572/572/572
f 573/573/573 582/582/582 572/572/572
f 583/583/583 582/582/582 573/573/573
f 574/574/574 583/583/583 573/573/573
f 584/584/584 583/583/583 574/574/574
f 575/575/575 584/584/584 574/574/574
f 585/585/585 584/584/584 575/575/575
f 576/576/576 585/585/585 575/575/575
f 586/586/586 585/585/585 576/576/576
f 577/577/577 586/586/586 576/576/576
f 587/587/587 586/586/586 577/577/577
f 578/578/578 587/587/587 577/577/577
f 588/588/588 587/587/587 578/578/578
f 579/579/579 588/588/588 578/578/578
f 589/589/589 588/588/588 579/579/579
f 580/580/580 589/589/589 579/579/579
f 590/590/590 589/589/589 580/580/580
f 582/582/582 591/591/591 581/581/581
f 592/592/592 591/591/591 582/582/582
f 583/583/583 592/592/592 582/582/582
f 593/593/593 592/592/592 583/583/583
f 584/584/584 593/593/593 583/583/583
f 594/594/594 593/593/593 584/584/584
f 585/585/585 594/594/594 584/584/584
f 595/595/595 594/594/594 585/585/585
f 586/586/586 595/595/595 585/585/585
f 596/596/596 595/595/595 586/586/586
f 587/587/587 596/596/596 586/586/586
f 597/597/597 596/596/596 587/587/587
f 588/588/588 597/597/597 587/587/587
f 598/598/598 597/597/597 588/588/588
f 589/589/589 598/598/598 588/588/588
f 599/599/599 598/598/598 589/589/589
f 590/590/590 599/599/599 589/589/589
f 600/600/600 599/599/599 590/590/590
f 592/592/592 601/601/601 591/591/591
f 602/602/602 601/601/601 592/592/592
f 593/593/593 602/602/602 592/592/592
f 603/603/603 602/602/602 593/593/593
f 594/594/594 603/603/603 593/593/593
f 604/604/604 603/603/603 594/594/594
f 595/595/595 604/604/604 594/594/594
f 605/605/605 604/604/604 595/595/595
f 596/596/596 605/605/605 595/595/595
f 606/606/606 605/605/605 596/596/596
f 597/597/597 606/606/606 596/596/596
f 607/607/607 606/606/606 597/597/597
f 598/598/598 607/607/607 597/597/597
f 608/608/608 607/607/607 598/598/598
f 599/599/599 608/608/608 598/598/598
f 609/609/609 608/608/608 599/599/599
f 600/600/600 609/609/609 599/599/599
f 610/610/610 609/609/609 600/600/600
f 602/602/602 611/611/611 601/601/601
f 612/612/612 611/611/611 602/602/602
f 603/603/603 612/612/612 602/602/602
f 613/613/613 612/612/612 603/603/603
f 604/604/604 613/613/613 603/603/603
f 614/614/614 613/613/613 604/604/604
f 605/605/605 614/614/614 604/604/604
f 615/615/615 614/614/614 605/605/605
f 606/606/606 615/615/615 605/605/605
f 616/616/616 615/615/615 606/606/606
f 607/607/607 616/616/616 606/606/606
f 617/617/617 616/616/616 607/607/607
f 608/608/608 617/617/617 607/607/607
f 618/618/618 617/617/617 608/608/608
f 609/609/609 618/618/618 608/608/608
f 619/619/619 618/618/618 609/609/609
f 610/610/610 619/619/619 609/609/609
f 620/620/620 619/619/619 610/610/610
f 612/612/612 621/621/621 611/611/611
f 622/622/622 621/621/621 612/612/612
f 613/613/613 622/622/622 612/612/612
f 623/623/623 622/622/622 613/613/613
f 614/614/614 623/623/623 613/613/613
f 624/624/624 623/623/623 614/614/614
f 615/615/615 624/624/624 614/614/614
f 625/625/625 624/624/624 615/615/615
f 616/616/616 625/625/625 615/615/615
f 626/626/626 625/625/625 616/616/616
f 617/617/617 626/626/626 616/616/616
f 627/627/627 626/626/626 617/617/617
f 618/618/618 627/627/627 617/617/617
f 628/628/628 627/627/627 618/618/618
f 619/619/619 628/628/628 618/618/618
f 629/629/629 628/628/628 619/619/619
f 620/620/620 629/629/629 619/619/619
f 630/630/630 629/629/629 620/620/620
f 622/622/622 631/631/631 621/621/621
f 632/632/632 631/631/631 622/622/622
f 623/623/623 632/632/632 622/622/622
f 633/633/633 632/632/632 623/623/623
f 624/624/624 633/633/633 623/623/623
f 634/634/634 633/633/633 624/624/624
f 625/625/625 634/634/634 624/624/624
f 635/635/635 634/634/634 625/625/625
f 626/626/626 635/635/635 625/625/625
f 636/636/636 635/635/635 626/626/626
f 627/627/627 636/636/636 626/626/626
f 637/637/637 636/636/636 627/627/627
f 628/628/628 637/637/637 627/627/627
f 638/638/638 637/637/637 628/628/628
f 629/629/629 638/638/638 628/628/628
f 639/639/639 638/638/638 629/629/629
f 630/630/630 639/639/639 629/629/629
f 640/640/640 639/639/639 630/630/630
f 632/632/632 641/641/641 631/631/631
f 642/642/642 641/641/641 632/632/632
f 633/633/633 642/642/642 632/632/632
f 643/643/643 642/642/642 633/633/633
f 634/634/634 643/643/643 633/633/633
f 644/644/644 643/643/643 634/634/634
f 635/635/635 644/644/644 634/634/634
f 645/645/645 644/644/644 635/635/635
f 636/636/636 645/645/645 635/635/635
f 646/646/646 645/645/645 636/636/636
f 637/637/637 646/646/646 636/636/636
f 647/647/647 646/646/646 637/637/637
f 638/638/638 647/647/647 637/637/637
f 648/648/648 647/647/647 638/638/638
f 639/639/639 648/648/648 638/638/638
f 649/649/649 648/648/648 639/639/639
f 640/640/640 649/649/649 639/639/639
f 650/650/650 649/649/649 640/640/640
f 642/642/642 651/651/651 641/641/641
f 652/652/652 651/651/651 642/642/642
f 643/643/643 652/652/652 642/642/642
f 653/653/653 652/652/652 643/643/643
f 644/644/644 653/653/653 643/643/643
f 654/654/654 653/653/653 644/644/644
f 645/645/645 654/654/654 644/644/644
f 655/655/655 654/654/654 645/645/645
f 646/646/646 655/655/655 645/645/645
f 656/656/656 655/655/655 646/646/646
f 647/647/647 656/656/656 646/646/646
f 657/657/657 656/656/656 647/647/647
f 648/648/648 657/657/657 647/647/647
f 658/658/658 657/657/657 648/648/648
f 649/649/649 658/658/658 648/648/648
f 659/659/659 658/658/658 649/649/649
f 650/650/650 659/659/659 649/649/649
f 660/660/660 659/659/659 650/650/650
f 652/652/652 661/661/661 651/651/651
f 662/662/662 661/661/661 652/652/652
f 653/653/653 662/662/662 652/652/652
f 663/663/663 662/662/662 653/653/653
f 654/654/654 663/663/663 653/653/653
f 664/664/664 663/663/663 654/654/654
f 655/655/655 664/664/664 654/654/654
f 665/665/665 664/664/664 655/655/655
f 656/656/656 665/665/665 655/655/655
f 666/666/666 665/665/665 656/656/656
f 657/657/657 666/666/666 656/656/656
f 667/667/667 666/666/666 657/657/657
f 658/658/658 667/667/667 657/657/657
f 668/668/668 667/667/667 658/658/658
f 659/659/659 668/668/668 658/658/658
f 669/669/669 668/668/668 659/659/659
f 660/660/660 669/669/669 659/659/659
f 670/670/670 669/669/669 660/660/660
f 662/662/662 671/671/671 661/661/661
f 672/672/672 671/671/671 662/662/662
f 663/663/663 672/672/672 662/662/662
f 673/673/673 672/672/672 663/663/663
f 664/664/664 673/673/673 663/663/663
f 674/674/674 673/673/673 664/664/664
f 665/665/665 674/674/674 664/664/664
f 675/675/675 674/674/674 665/665/665
f 666/666/666 675/675/675 665/665/665
f 676/676/676 675/675/675 666/666/666
f 667/667/667 676/676/676 666/666/666
f 677/677/677 676/676/676 667/667/667
f 668/668/668 677/677/677 667/667/667
f 678/678/678 677/677/677 668/668/668
f 669/669/669 678/678/678 668/668/668
f 679/679/679 678/678/678 669/669/669
f 670/670/670 679/679/679 669/669/669
f 680/680/680 679/679/679 670/670/670
f 672/672/672 681/681/681 671/671/671
f 682/682/682 681/681/681 672/672/672
f 673/673/673 682/682/682 672/672/672
f 683/683/683 682/682/682 673/673/673
f 674/674/674 683/683/683 673/673/673
f 684/684/684 683/683/683 674/674/674
f 675/675/675 684/684/684 674/674/674
f 685/685/685 684/684/684 675/675/675
f 676/676/676 685/685/685 675/675/675
f 686/686/686 685/685/685 676/676/676
f 677/677/677 686/686/686 676/676/676
f 687/687/687 686/686/686 677/677/677
f 678/678/678 687/687/687 677/677/677
f 688/688/688 687/687/687 678/678/678
f 679/679/679 688/688/688 678/678/678
f 689/689/689 688/688/688 679/679/679
f 680/680/680 689/689/689 679/679/679
f 690/690/690 689/689/689 680/680/680
f 682/682/682 691/691/691 681/681/681
f 692/692/692 691/691/691 682/682/682
f 683/683/683 692/692/692 682/682/682
f 693/693/693 692/692/692 683/683/683
f 684/684/684 693/693/693 683/683/683
f 694/694/694 693/693/693 684/684/684
f 685/685/685 694/694/694 684/684/684
f 695/695/695 694/694/694 685/685/685
f 686/686/686 695/695/695 685/685/685
f 696/696/696 695/695/695 686/686/686
f 687/687/687 696/696/696 686/686/686
f 697/697/697 696/696/696 687/687/687
f 688/688/688 697/697/697 687/687/687
f 698/698/698 697/697/697 688/688/688
f 689/689/689 698/698/698 688/688/688
f 699/699/699 698/698/698 689/689/689
f 690/690/690 699/699/699 689/689/689
f 700/700/700 699/699/699 690/690/690
f 692/692/692 701/701/701 691/691/691
f 702/702/702 701/701/701 692/692/692
f 693/693/693 702/702/702 692/692/692
f 703/703/703 702/702/702 693/693/693
f 694/694/694 703/703/703 693/693/693
f 704/704/704 703/703/703 694/694/694
f 695/695/695 704/704/704 694/694/694
f 705/705/705 704/704/704 695/695/695
f 696/696/696 705/705/705 695/695/695
f 706/706/706 705/705/705 696/696/696
f 697/697/697 706/706/706 696/696/696
f 707/707/707 706/706/706 697/697/697
f 698/698/698 707/707/707 697/697/697
f 708/708/708 707/707/707 698/698/698
f 699/699/699 708/708/708 698/698/698
f 709/709/709 708/708/708 699/699/699
f 700/700/700 709/709/709 699/699/699
f 710/710/710 709/709/709 700/700/700
f 702/702/702 711/711/711 701/701/701
f 712/712/712 711/711/711 702/702/702
f 703/703/703 712/712/712 702/702/702
f 713/713/713 712/712/712 703/703/703
f 704/704/704 713/713/713 703/703/703
f 714/714/714 713/713/713 704/704/704
f 705/705/705 714/714/714 704/704/704
f 715/715/715 714/714/714 705/705/705
f 706/706/706 715/715/715 705/705/705
f 716/716/716 715/715/715 706/706/706
f 707/707/707 716/716/716 706/706/706
f 717/717/717 716/716/716 707/707/707
f 708/708/708 717/717/717 707/707/707
f 718/718/718 717/717/717 708/708/708
f 709/709/709 718/718/718 708/708/708
f 719/719/719 718/718/718 709/709/709
f 710/710/710 719/719/719 709/709/709
f 720/720/720 719/719/719 710/710/710
f 712/712/712 721/721/721 711/711/711
f 722/722/722 721/721/721 712/712/712
f 713/713/713 722/722/722 712/712/712
f 723/723/723 722/722/722 713/713/713
f 714/714/714 723/723/723 713/713/713
f 724/724/724 723/723/723 714/714/714
f 715/715/715 724/724/724 714/714/714
f 725/725/725 724/724/724 715/715/715
f 716/716/716 725/725/725 715/715/715
f 726/726/726 725/725/725 716/716/716
f 717/717/717 726/726/726 716/716/716
f 727/727/727 726/726/726 717/717/717
f 718/718/718 727/727/727 717/717/717
f 728/728/728 727/727/727 718/718/718
f 719/719/719 728/728/728 718/718/718
f 729/729/729 728/728/728 719/719/719
f 720/720/720 729/729/729 719/719/719
f 730/730/730 729/729/729 720/720/720
f 722/722/722 731/731/731 721/721/721
f 732/732/732 731/731/731 722/722/722
f 723/723/723 732/732/732 722/722/722
f 733/733/733 732/732/732 723/723/723
f 724/724/724 733/733/733 723/723/723
f 734/734/734 733/733/733 724/724/724
f 725/725/725 734/734/734 724/724/724
f 735/735/735 734/734/734 725/725/725
f 726/726/726 735/735/735 725/725/725
f 736/736/736 735/735/735 726/726/726
f 727/727/727 736/736/736 726/726/726
f 737/737/737 736/736/736 727/727/727
f 728/728/728 737/737/737 727/727/727
f 738/738/738 737/737/737 728/728/728
f 729/729/729 738/738/738 728/728/728
f 739/739/739 738/738/738 729/729/729
f 730/730/730 739/739/739 729/729/729
f 740/740/740 739/739/739 730/730/730
f 732/732/732 741/741/741 731/731/731
f 742/742/742 741/741/741 732/732/732
f 733/733/733 742/742/742 732/732/732
f 743/743/743 742/742/742 733/733/733
f 734/734/734 743/743/743 733/733/733
f 744/744/744 743/743/743 734/734/734
f 735/735/735 744/744/744 734/734/734
f 745/745/745 744/744/744 735/735/735
f 736/736/736 745/745/745 735/735/735
f 746/746/746 745/745/745 736/736/736
f 737/737/737 746/746/746 736/736/736
f 747/747/747 746/746/746 737/737/737
f 738/738/738 747/747/747 737/737/737
f 748/748/748 747/747/747 738/738/738
f 739/739/739 748/748/748 738/738/738
f 749/749/749 748/748/748 739/739/739
f 740/740/740 749/749/749 739/739/739
f 750/750/750 749/749/749 740/740/740
f 742/742/742 751/751/751 741/741/741
f 752/752/752 751/751/751 742/742/742
f 743/743/743 752/752/752 742/742/742
f 753/753/753 752/752/752 743/743/743
f 744/744/744 753/753/753 743/743/743
f 754/754/754 753/753/753 744/744/744
f 745/745/745 754/754/754 744/744/744
f 755/755/755 754/754/754 745/745/745
f 746/746/746 755/755/755 745/745/745
f 756/756/756 755/755/755 746/746/746
f 747/747/747 756/756/756 746/746/746
f 757/757/757 756/756/756 747/747/747
f 748/748/748 757/757/757 747/747/747
f 758/758/758 757/757/757 748/748/748
f 749/749/749 758/758/758 748/748/748
f 759/759/759 758/758/758 749/749/749
f 750/750/750 759/759/759 749/749/749
f 760/760/760 759/759/759 750/750/750
f 752/752/752 761/761/761 751/751/751
f 762/762/762 761/761/761 752/752/752
f 753/753/753 762/762/762 752/752/752
f 763/763/763 762/762/762 753/753/753
f 754/754/754 763/763/763 753/753/753
f 764/764/764 763/763/763 754/754/754
f 755/755/755 764/764/764 754/754/754
f 765/765/765 764/764/764 755/755/755
f 756/756/756 765/765/765 755/755/755
f 766/766/766 765/765/765 756/756/756
f 757/757/757 766/766/766 756/756/756
f 767/767/767 766/766/766 757/757/757
f 758/758/758 767/767/767 757/757/757
f 768/768/768 767/767/767 758/758/758
f 759/759/759 768/768/768 758/758/758
f 769/769/769 768/768/768 759/759/759
f 760/760/760 769/769/769 759/759/759
f 770/770/770 769/769/769 760/760/760
f 762/762/762 771/771/771 761/761/761
f 772/772/772 771/771/771 762/762/762
f 763/763/763 772/772/772 762/762/762
f 773/773/773 772/772/772 763/763/763
f 764/764/764 773/773/773 763/763/763
f 774/774/774 773/773/773 764/764/764
f 765/765/765 774/774/774 764/764/764
f 775/775/775 774/774/774 765/765/765
f 766/766/766 775/775/775 765/765/765
f 776/776/776 775/775/775 766/766/766
f 767/767/767 776/776/776 766/766/766
f 777/777/777 776/776/776 767/767/767
f 768/768/768 777/777/777 767/767/767
f 778/778/778 777/777/777 768/768/768
f 769/769/769 778/778/778 768/768/768
f 779/779/779 778/778/778 769/769/769
f 770/770/770 779/779/779 769/769/769
f 780/780/780 779/779/779 770/770/770
f 772/772/772 781/781/781 771/771/771
f 782/782/782 781/781/781 772/772/772
f 773/773/773 782/782/782 772/772/772
f 783/783/783 782/782/782 773/773/773
f 774/774/774 783/783/783 773/773/773
f 784/784/784 783/783/783 774/774/774
f 775/775/775 784/784/784 774/774/774
f 785/785/785 784/784/784 775/775/775
f 776/776/776 785/785/785 775/775/775
f 786/786/786 785/785/785 776/776/776
f 777/777/777 786/786/786 776/776/776
f 787/787/787 786/786/786 777/777/777
f 778/778/778 787/787/787 777/777/777
f 788/788/788 787/787/787 778/778/778
f 779/779/779 788/788/788 778/778/778
f 789/789/789 788/788/788 779/779/779
f 780/780/780 789/789/789 779/779/779
f 790/790/790 789/789/789 780/780/780
f 782/782/782 791/791/791 781/781/781
f 792/792/792 791/791/791 782/782/782
f 783/783/783 792/792/792 782/782/782
f 793/793/793 792/792/792 783/783/783
f 784/784/784 793/793/793 783/783/783
f 794/794/794 793/793/793 784/784/784
f 785/785/785 794/794/794 784/784/784
f 795/795/795 794/794/794 785/785/785
f 786/786/786 795/795/795 785/785/785
f 796/796/796 795/795/795 786/786/786
f 787/787/787 796/796/796 786/786/786
f 797/797/797 796/796/796 787/787/787
f 788/788/788 797/797/797 787/787/787
f 798/798/798 797/797/797 788/788/788
f 789/789/789 798/798/798 788/788/788
f 799/799/799 798/798/798 789/789/789
f 790/790/790 799/799/799 789/789/789
f 800/800/800 799/799/799 790/790/790
f 792/792/792 801/801/801 791/791/791
f 802/802/802 801/801/801 792/792/792
f 793/793/793 802/802/802 792/792/792
f 803/803/803 802/802/802 793/793/793
f 794/794/794 803/803/803 793/793/793
f 804/804/804 803/803/803 794/794/794
f 795/795/795 804/804/804 794/794/794
f 805/805/805 804/804/804 795/795/795
f 796/796/796 805/805/805 795/795/795
f 806/806/806 805/805/805 796/796/796
f 797/797/797 806/806/806 796/796/796
f 807/807/807 806/806/806 797/797/797
f 798/798/798 807/807/807 797/797/797
f 808/808/808 807/807/807 798/798/798
f 799/799/799 808/808/808 798/798/798
f 809/809/809 808/808/808 799/799/799
f 800/800/800 809/809/809 799/799/799
f 810/810/810 809/809/809 800/800/800
f 802/802/802 811/811/811 801/801/801
f 812/812/812 811/811/811 802/802/802
f 803/803/803 812/812/812 802/802/802
f 813/813/813 812/812/812 803/803/803
f 804/804/804 813/813/813 803/803/803
f 814/814/814 813/813/813 804/804/804
f 805/805/805 814/814/814 804/804/804
f 815/815/815 814/814/814 805/805/805
f 806/806/806 815/815/815 805/805/805
f 816/816/816 815/815/815 806/806/806
f 807/807/807 816/816/816 806/806/806
f 817/817/817 816/816/816 807/807/807
f 808/808/808 817/817/817 807/807/807
f 818/818/818 817/817/817 808/808/808
f 809/809/809 818/818/818 808/808/808
f 819/819/819 818/818/818 809/809/809
f 810/810/810 819/819/819 809/809/809
f 820/820/820 819/819/819 810/810/810
f 812/812/812 821/821/821 811/811/811
f 822/822/822 821/821/821 812/812/812
f 813/813/813 822/822/822 812/812/812
f 823/823/823 822/822/822 813/813/813
f 814/814/814 823/823/823 813/813/813
f 824/824/824 823/823/823 814/814/814
f 815/815/815 824/824/824 814/814/814
f 825/825/825 824/824/824 815/815/815
f 816/816/816 825/825/825 815/815/815
f 826/826/826 825/825/825 816/816/816
f 817/817/817 826/826/826 816/816/816
f 827/827/827 826/826/826 817/817/817
f 818/818/818 827/827/827 817/817/817
f 828/828/828 827/827/827 818/818/818
f 819/819/819 828/828/828 818/818/818
f 829/829/829 828/828/828 819/819/819
f 820/820/820 829/829/829 819/819/819
f 830/830/830 829/829/829 820/820/820
f 822/822/822 831/831/831 821/821/821
f 832/832/832 831/831/831 822/822/822
f 823/823/823 832/832/832 822/822/822
f 833/833/833 832/832/832 823/823/823
f 824/824/824 833/833/833 823/823/823
f 834/834/834 833/833/833 824/824/824
f 825/825/825 834/834/834 824/824/824
f 835/835/835 834/834/834 825/825/825
f 826/826/826 835/835/835 825/825/825
f 836/836/836 835/835/835 826/826/826
f 827/827/827 836/836/836 826/826/826
f 837/837/837 836/836/836 827/827/827
f 828/828/828 837/837/837 827/827/827
f 838/838/838 837/837/837 828/828/828
f 829/829/829 838/838/838 828/828/828
f 839/839/839 838/838/838 829/829/829
f 830/830/830 839/839/839 829/829/829
f 840/840/840 839/839/839 830/830/830
f 832/832/832 841/841/841 831/831/831
f 842/842/842 841/841/841 832/832/832
f 833/833/833 842/842/842 832/832/832
f 843/843/843 842/842/842 833/833/833
f 834/834/834 843/843/843 833/833/833
f 844/844/844 843/843/843 834/834/834
f 835/835/835 844/844/844 834/834/834
f 845/845/845 844/844/844 835/835/835
f 836/836/836 845/845/845 835/835/835
f 846/846/846 845/845/845 836/836/836
f 837/837/837 846/846/846 836/836/836
f 847/847/847 846/846/846 837/837/837
f 838/838/838 847/847/847 837/837/837
f 848/848/848 847/847/847 838/838/838
f 839/839/839 848/848/848 838/838/838
f 849/849/849 848/848/848 839/839/839
f 840/840/840 849/849/849 839/839/839
f 850/850/850 849/849/849 840/840/840
f 842/842/842 851/851/851 841/841/841
f 852/852/852 851/851/851 842/842/842
f 843/843/843 852/852/852 842/842/842
f 853/853/853 852/852/852 843/843/843
f 844/844/844 853/853/853 843/843/843
f 854/854/854 853/853/853 844/844/844
f 845/845/845 854/854/854 844/844/844
f 855/855/855 854/854/854 845/845/845
f 846/846/846 855/855/855 845/845/845
f 856/856/856 855/855/855 846/846/846
f 847/847/847 856/856/856 846/846/846
f 857/857/857 856/856/856 847/847/847
f 848/848/848 857/857/857 847/847/847
f 858/858/858 857/857/857 848/848/848
f 849/849/849 858/858/858 848/848/848
f 859/859/859 858/858/858 849/849/849
f 850/850/850 859/859/859 849/849/849
f 860/860/860 859/859/859 850/850/850
f 852/852/852 861/861/861 851/851/851
f 862/862/862 861/861/861 852/852/852
f 853/853/853 862/862/862 852/852/852
f 863/863/863 862/862/862 853/853/853
f 854/854/854 863/863/863 853/853/853
f 864/864/864 863/863/863 854/854/854
f 855/855/855 864/864/864 854/854/854
f 865/865/865 864/864/864 855/855/855
f 856/856/856 865/865/865 855/855/855
f 866/866/866 865/865/865 856/856/856
f 857/857/857 866/866/866 856/856/856
f 867/867/867 866/866/866 857/857/857
f 858/858/858 867/867/867 857/857/857
f 868/868/868 867/867/867 858/858/858
f 859/859/859 868/868/868 858/858/858
f 869/869/869 868/868/868 859/859/859
f 860/860/860 869/869/869 859/859/859
f 870/870/870 869/869/869 860/860/860
f 862/862/862 871/871/871 861/861/861
f 872/872/872 871/871/871 862/862/862
f 863/863/863 872/872/872 862/862/862
f 873/873/873 872/872/872 863/863/863
f 864/864/864 873/873/873 863/863/863
f 874/874/874 873/873/873 864/864/864
f 865/865/865 874/874/874 864/864/864
f 875/875/875 874/874/874 865/865/865
f 866/866/866 875/875/875 865/865/865
f 876/876/876 875/875/875 866/866/866
f 867/867/867 876/876/876 866/866/866
f 877/877/877 876/876/876 867/867/867
f 868/868/868 877/877/877 867/867/867
f 878/878/878 877/877/877 868/868/868
f 869/869/869 878/878/878 868/868/868
f 879/879/879 878/878/878 869/869/869
f 870/870/870 879/879/879 869/869/869
f 880/880/880 879/879/879 870/870/870
f 872/872/872 881/881/881 871/871/871
f 882/882/882 881/881/881 872/872/872
f 873/873/873 882/882/882 872/872/872
f 883/883/883 882/882/882 873/873/873
f 874/874/874 883/883/883 873/873/873
f 884/884/884 883/883/883 874/874/874
f 875/875/875 884/884/884 874/874/874
f 885/885/885 884/884/884 875/875/875
f 876/876/876 885/885/885 875/875/875
f 886/886/886 885/885/885 876/876/876
f 877/877/877 886/886/886 876/876/876
f 887/887/887 886/886/886 877/877/877
f 878/878/878 887/887/887 877/877/877
f 888/888/888 887/887/887 878/878/878
f 879/879/879 888/888/888 878/878/878
f 889/889/889 888/888/888 879/879/879
f 880/880/880 889/889/889 879/879/879
f 890/890/890 889/889/889 880/880/880
f 882/882/882 891/891/891 881/881/881
f 892/892/892 891/891/891 882/882/882
f 883/883/883 892/892/892 882/882/882
f 893/893/893 892/892/892 883/883/883
f 884/884/884 893/893/893 883/883/883
f 894/894/894 893/893/893 884/884/884
f 885/885/885 894/894/894 884/884/884
f 895/895/895 894/894/894 885/885/885
f 886/886/886 895/895/895 885/885/885
f 896/896/896 895/895/895 886/886/886
f 887/887/887 896/896/896 886/886/886
f 897/897/897 896/896/896 887/887/887
f 888/888/888 897/897/897 887/887/887
f 898/898/898 897/897/897 888/888/888
f 889/889/889 898/898/898 888/888/888
f 899/899/899 898/898/898 889/889/889
f 890/890/890 899/899/899 889/889/889
f 900/900/900 899/899/899 890/890/890
f 892/892/892 901/901/901 891/891/891
f 902/902/902 901/901/901 892/892/892
f 893/893/893 902/902/902 892/892/892
f 903/903/903 902/902/902 893/893/893
f 894/894/894 903/903/903 893/893/893
f 904/904/904 903/903/903 894/894/894
f 895/895/895 904/904/904 894/894/894
f 905/905/905 904/904/904 895/895/895
f 896/896/896 905/905/905 895/895/895
f 906/906/906 905/905/905 896/896/896
f 897/897/897 906/906/906 896/896/896
f 907/907/907 906/906/906 897/897/897
f 898/898/898 907/907/907 897/897/897
f 908/908/908 907/907/907 898/898/898
f 899/899/899 908/908/908 898/898/898
f 909/909/909 908/908/908 899/899/899
f 900/900/900 909/909/909 899/899/899
f 910/910/910 909/909/909 900/900/900
f 902/902/902 911/911/911 901/901/901
f 912/912/912 911/911/911 902/902/902
f 903/903/903 912/912/912 902/902/902
f 913/913/913 912/912/912 903/903/903
f 904/904/904 913/913/913 903/903/903
f 914/914/914 913/913/913 904/904/904
f 905/905/905 914/914/914 904/904/904
f 915/915/915 914/914/914 905/905/905
f 906/906/906 915/915/915 905/905/905
f 916/916/916 915/915/915 906/906/906
f 907/907/907 916/916/916 906/906/906
f 917/917/917 916/916/916 907/907/907
f 908/908/908 917/917/917 907/907/907
f 918/918/918 917/917/917 908/908/908
f 909/909/909 918/918/918 908/908/908
f 919/919/919 918/918/918 909/909/909
f 910/910/910 919/919/919 909/909/909
f 920/920/920 919/919/919 910/910/910
f 912/912/912 921/921/921 911/911/911
f 922/922/922 921/921/921 912/912/912
f 913/913/913 922/922/922 912/912/912
f 923/923/923 922/922/922 913/913/913
f 914/914/914 923/923/923 913/913/913
f 924/924/924 923/923/923 914/914/914
f 915/915/915 924/924/924 914/914/914
f 925/925/925 924/924/924 915/915/915
f 916/916/916 925/925/925 915/915/915
f 926/926/926 925/925/925 916/916/916
f 917/917/917 926/926/926 916/916/916
f 927/927/927 926/926/926 917/917/917
f 918/918/918 927/927/927 917/917/917
f 928/928/928 927/927/927 918/918/918
f 919/919/919 928/928/928 918/918/918
f 929/929/929 928/928/928 919/919/919
f 920/920/920 929/929/929 919/919/919
f 930/930/930 929/929/929 920/920/920
f 922/922/922 931/931/931 921/921/921
f 932/932/932 931/931/931 922/922/922
f 923/923/923 932/932/932 922/922/922
f 933/933/933 932/932/932 923/923/923
f 924/924/924 933/933/933 923/923/923
f 934/934/934 933/933/933 924/924/924
f 925/925/925 934/934/934 924/924/924
f 935/935/935 934/934/934 925/925/925
f 926/926/926 935/935/935 925/925/925
f 936/936/936 935/935/935 926/926/926
f 927/927/927 936/936/936 926/926/926
f 937/937/937 936/936/936 927/927/927
f 928/928/928 937/937/937 927/927/927
f 938/938/938 937/937/937 928/928/928
f 929/929/929 938/938/938 928/928/928
f 939/939/939 938/938/938 929/929/929
f 930/930/930 939/939/939 929/929/929
f 940/940/940 939/939/939 930/930/930
f 932/932/932 941/941/941 931/931/931
f 942/942/942 941/941/941 932/932/932
f 933/933/933 942/942/942 932/932/932
f 943/943/943 942/942/942 933/933/933
f 934/934/934 943/943/943 933/933/933
f 944/944/944 943/943/943 934/934/934
f 935/935/935 944/944/944 934/934/934
f 945/945/945 944/944/944 935/935/935
f 936/936/936 945/945/945 935/935/935
f 946/946/946 945/945/945 936/936/936
f 937/937/937 946/946/946 936/936/936
f 947/947/947 946/946/946 937/937/937
f 938/938/938 947/947/947 937/937/937
f 948/948/948 947/947/947 938/938/938
f 939/939/939 948/948/948 938/938/938
f 949/949/949 948/948/948 939/939/939
f 940/940/940 949/949/949 939/939/939
f 950/950/950 949/949/949 940/940/940
f 942/942/942 951/951/951 941/941/941
f 952/952/952 951/951/951 942/942/942
f 943/943/943 952/952/952 942/942/942
f 953/953/953 952/952/952 943/943/943
f 944/944/944 953/953/953 943/943/943
f 954/954/954 953/953/953 944/944/944
f 945/945/945 954/954/954 944/944/944
f 955/955/955 954/954/954 945/945/945
f 946/946/946 955/955/955 945/945/945
f 956/956/956 955/955/955 946/946/946
f 947/947/947 956/956/956 946/946/946
f 957/957/957 956/956/956 947/947/947
f 948/948/948 957/957/957 947/947/947
f 958/958/958 957/957/957 948/948/948
f 949/949/949 958/958/958 948/948/948
f 959/959/959 958/958/958 949/949/949
f 950/950/950 959/959/959 949/949/949
f 960/960/960 959/959/959 950/950/950
f 952/952/952 961/961/961 951/951/951
f 962/962/962 961/961/961 952/952/952
f 953/953/953 962/962/962 952/952/952
f 963/963/963 962/962/962 953/953/953
f 954/954/954 963/963/963 953/953/953
f 964/964/964 963/963/963 954/954/954
f 955/955/955 964/964/964 954/954/954
f 965/965/965 964/964/964 955/955/955
f 956/956/956 965/965/965 955/955/955
f 966/966/966 965/965/965 956/956/956
f 957/957/957 966/966/966 956/956/956
f 967/967/967 966/966/966 957/957/957
f 958/958/958 967/967/967 957/957/957
f 968/968/968 967/967/967 958/958/958
f 959/959/959 968/968/968 958/958/958
f 969/969/969 968/968/968 959/959/959
f 960/960/960 969/969/969 959/959/959
f 970/970/970 969/969/969 960/960/960
f 962/962/962 971/971/971 961/961/961
f 972/972/972 971/971/971 962/962/962
f 963/963/963 972/972/972 962/962/962
f 973/973/973 972/972/972 963/963/963
f 964/964/964 973/973/973 963/963/963
f 974/974/974 973/973/973 964/964/964
f 965/965/965 974/974/974 964/964/964
f 975/975/975 974/974/974 965/965/965
f 966/966/966 975/975/975 965/965/965
f 976/976/976 975/975/975 966/966/966
f 967/967/967 976/976/976 966/966/966
f 977/977/977 976/976/976 967/967/967
f 968/968/968 977/977/977 967/967/967
f 978/978/978 977/977/977 968/968/968
f 969/969/969 978/978/978 968/968/968
f 979/979/979 978/978/978 969/969/969
f 970/970/970 979/979/979 969/969/969
f 980/980/980 979/979/979 970/970/970
f 972/972/972 981/981/981 971/971/971
f 982/982/982 981/981/981 972/972/972
f 973/973/973 982/982/982 972/972/972
f 983/983/983 982/982/982 973/973/973
f 974/974/974 983/983/983 973/973/973
f 984/984/984 983/983/983 974/974/974
f 975/975/975 984/984/984 974/974/974
f 985/985/985 984/984/984 975/975/975
f 976/976/976 985/985/985 975/975/975
f 986/986/986 985/985/985 976/976/976
f 977/977/977 986/986/986 976/976/976
f 987/987/987 986/986/986 977/977/977
f 978/978/978 987/987/987 977/977/977
f 988/988/988 987/987/987 978/978/978
f 979/979/979 988/988/988 978/978/978
f 989/989/989 988/988/988 979/979/979
f 980/980/980 989/989/989 979/979/979
f 990/990/990 989/989/989 980/980/980
f 982/982/982 991/991/991 981/981/981
f 992/992/992 991/991/991 982/982/982
f 983/983/983 992/992/992 982/982/982
f 993/993/993 992/992/992 983/983/983
f 984/984/984 993/993/993 983/983/983
f 994/994/994 993/993/993 984/984/984
f 985/985/985 994/994/994 984/984/984
f 995/995/995 994/994/994 985/985/985
f 986/986/986 995/995/995 985/985/985
f 996/996/996 995/995/995 986/986/986
f 987/987/987 996/996/996 986/986/986
f 997/997/997 996/996/996 987/987/987
f 988/988/988 997/997/997 987/987/987
f 998/998/998 997/997/997 988/988/988
f 989/989/989 998/998/998 988/988/988
f 999/999/999 998/998/998 989/989/989
f 990/990/990 999/999/999 989/989/989
f 1000/1000/1000 999/999/999 990/990/990
f 992/992/992 1001/1001/1001 991/991/991
f 1002/1002/1002 1001/1001/1001 992/992/992
f 993/993/993 1002/1002/1002 992/992/992
f 1003/1003/1003 1002/1002/1002 993/993/993
f 994/994/994 1003/1003/1003 993/993/993
f 1004/1004/1004 1003/1003/1003 994/994/994
f 995/995/995 1004/1004/1004 994/994/994
f 1005/1005/1005 1004/1004/1004 995/995/995
f 996/996/996 1005/1005/1005 995/995/995
f 1006/1006/1006 1005/1005/1005 996/996/996
f 997/997/997 1006/1006/1006 996/996/996
f 1007/1007/1007 1006/1006/1006 997/997/997
f 998/998/998 1007/1007/1007 997/997/997
f 1008/1008/1008 1007/1007/1007 998/998/998
f 999/999/999 1008/1008/1008 998/998/998
f 1009/1009/1009 1008/1008/1008 999/999/999
f 1000/1000/1000 1009/1009/1009 999/999/999
f 1010/1010/1010 1009/1009/1009 1000/1000/1000
f 1002/1002/1002 1011/1011/1011 1001/1001/1001
f 1012/1012/1012 1011/1011/1011 1002/1002/1002
f 1003/1003/1003 1012/1012/1012 1002/1002/1002
f 1013/1013/1013 1012/1012/1012 1003/1003/1003
f 1004/1004/1004 1013/1013/1013 1003/1003/1003
f 1014/1014/1014 1013/1013/1013 1004/1004/1004
f 1005/1005/1005 1014/1014/1014 1004/1004/1004
f 1015/1015/1015 1014/1014/1014 1005/1005/1005
f 1006/1006/1006 1015/1015/1015 1005/1005/1005
f 1016/1016/1016 1015/1015/1015 1006/1006/1006
f 1007/1007/1007 1016/1016/1016 1006/1006/1006
f 1017/1017/1017 1016/1016/1016 1007/1007/1007
f 1008/1008/1008 1017/1017/1017 1007/1007/1007
f 1018/1018/1018 1017/1017/1017 1008/1008/1008
f 1009/1009/1009 1018/1018/1018 1008/1008/1008
f 1019/1019/1019 1018/1018/1018 1009/1009/1009
f 1010/1010/1010 1019/1019/1019 1009/1009/1009
f 1020/1020/1020 1019/1019/1019 1010/1010/1010
f 1012/1012/1012 1021/1021/1021 1011/1011/1011
f 1022/1022/1022 1021/1021/1021 1012/1012/1012
f 1013/1013/1013 1022/1022/1022 1012/1012/1012
f 1023/1023/1023 1022/1022/1022 1013/1013/1013
f 1014/1014/1014 1023/1023/1023 1013/1013/1013
f 1024/1024/1024 1023/1023/1023 1014/1014/1014
f 1015/1015/1015 1024/1024/1024 1014/1014/1014
f 1025/1025/1025 1024/1024/1024 1015/1015/1015
f 1016/1016/1016 1025/1025/1025 1015/1015/1015
f 1026/1026/1026 1025/1025/1025 1016/1016/1016
f 1017/1017/1017 1026/1026/1026 1016/1016/1016
f 1027/1027/1027 1026/1026/1026 1017/1017/1017
f 1018/1018/1018 1027/1027/1027 1017/1017/1017
f 1028/1028/1028 1027/1027/1027 1018/1018/1018
f 1019/1019/1019 1028/1028/1028 1018/1018/1018
f 1029/1029/1029 1028/1028/1028 1019/1019/1019
f 1020/1020/1020 1029/1029/1029 1019/1019/1019
f 1030/1030/1030 1029/1029/1029 1020/1020/1020
f 1022/1022/1022 1031/1031/1031 1021/1021/1021
f 1032/1032/1032 1031/1031/1031 1022/1022/1022
f 1023/1023/1023 1032/1032/1032 1022/1022/1022
f 1033/1033/1033 1032/1032/1032 1023/1023/1023
f 1024/1024/1024 1033/1033/1033 1023/1023/1023
f 1034/1034/1034 1033/1033/1033 1024/1024/1024
f 1025/1025/1025 1034/1034/1034 1024/1024/1024
f 1035/1035/1035 1034/1034/1034 1025/1025/1025
f 1026/1026/1026 1035/1035/1035 1025/1025/1025
f 1036/1036/1036 1035/1035/1035 1026/1026/1026
f 1027/1027/1027 1036/1036/1036 1026/1026/1026
f 1037/1037/1037 1036/1036/1036 1027/1027/1027
f 1028/1028/1028 1037/1037/1037 1027/1027/1027
f 1038/1038/1038 1037/1037/1037 1028/1028/1028
f 1029/1029/1029 1038/1038/1038 1028/1028/1028
f 1039/1039/1039 1038/1038/1038 1029/1029/1029
f 1030/1030/1030 1039/1039/1039 1029/1029/1029
f 1040/1040/1040 1039/1039/1039 1030/1030/1030
f 1032/1032/1032 1041/1041/1041 1031/1031/1031
f 1042/1042/1042 1041/1041/1041 1032/1032/1032
f 1033/1033/1033 1042/1042/1042 1032/1032/1032
f 1043/1043/1043 1042/1042/1042 1033/1033/1033
f 1034/1034/1034 1043/1043/1043 1033/1033/1033
f 1044/1044/1044 1043/1043/1043 1034/1034/1034
f 1035/1035/1035 1044/1044/1044 1034/1034/1034
f 1045/1045/1045 1044/1044/1044 1035/1035/1035
f 1036/1036/1036 1045/1045/1045 1035/1035/1035
f 1046/1046/1046 1045/1045/1045 1036/1036/1036
f 1037/1037/1037 1046/1046/1046 1036/1036/1036
f 1047/1047/1047 1046/1046/1046 1037/1037/1037
f 1038/1038/1038 1047/1047/1047 1037/1037/1037
f 1048/1048/1048 1047/1047/1047 1038/1038/1038
f 1039/1039/1039 1048/1048/1048 1038/1038/1038
f 1049/1049/1049 1048/1048/1048 1039/1039/1039
f 1040/1040/1040 1049/1049/1049 1039/1039/1039
f 1050/1050/1050 1049/1049/1049 1040/1040/1040
f 1042/1042/1042 1051/1051/1051 1041/1041/1041
f 1052/1052/1052 1051/1051/1051 1042/1042/1042
f 1043/1043/1043 1052/1052/1052 1042/1042/1042
f 1053/1053/1053 1052/1052/1052 1043/1043/1043
f 1044/1044/1044 1053/1053/1053 1043/1043/1043
f 1054/1054/1054 1053/1053/1053 1044/1044/1044
f 1045/1045/1045 1054/1054/1054 1044/1044/1044
f 1055/1055/1055 1054/1054/1054 1045/1045/1045
f 1046/1046/1046 1055/1055/1055 1045/1045/1045
f 1056/1056/1056 1055/1055/1055 1046/1046/1046
f 1047/1047/1047 1056/1056/1056 1046/1046/1046
f 1057/1057/1057 1056/1056/1056 1047/1047/1047
f 1048/1048/1048 1057/1057/1057 1047/1047/1047
f 1058/1058/1058 1057/1057/1057 1048/1048/1048
f 1049/1049/1049 1058/1058/1058 1048/1048/1048
f 1059/1059/1059 1058/1058/1058 1049/1049/1049
f 1050/1050/1050 1059/1059/1059 1049/1049/1049
f 1060/1060/1060 1059/1059/1059 1050/1050/1050
f 1052/1052/1052 1061/1061/1061 1051/1051/1051
f 1062/1062/1062 1061/1061/1061 1052/1052/1052
f 1053/1053/1053 1062/1062/1062 1052/1052/1052
f 1063/1063/1063 1062/1062/1062 1053/1053/1053
f 1054/1054/1054 1063/1063/1063 1053/1053/1053
f 1064/1064/1064 1063/1063/1063 1054/1054/1054
f 1055/1055/1055 1064/1064/1064 1054/1054/1054
f 1065/1065/1065 1064/1064/1064 1055/1055/1055
f 1056/1056/1056 1065/1065/1065 1055/1055/1055
f 1066/1066/1066 1065/1065/1065 1056/1056/1056
f 1057/1057/1057 1066/1066/1066 1056/1056/1056
f 1067/1067/1067 1066/1066/1066 1057/1057/1057
f 1058/1058/1058 1067/1067/1067 1057/1057/1057
f 1068/1068/1068 1067/1067/1067 1058/1058/1058
f 1059/1059/1059 1068/1068/1068 1058/1058/1058
f 1069/1069/1069 1068/1068/1068 1059/1059/1059
f 1060/1060/1060 1069/1069/1069 1059/1059/1059
f 1070/1070/1070 1069/1069/1069 1060/1060/1060
f 1062/1062/1062 1071/1071/1071 1061/1061/1061
f 1072/1072/1072 1071/1071/1071 1062/1062/1062
f 1063/1063/1063 1072/1072/1072 1062/1062/1062
f 1073/1073/1073 1072/1072/1072 1063/1063/1063
f 1064/1064/1064 1073/1073/1073 1063/1063/1063
f 1074/1074/1074 1073/1073/1073 1064/1064/1064
f 1065/1065/1065 1074/1074/1074 1064/1064/1064
f 1075/1075/1075 1074/1074/1074 1065/1065/1065
f 1066/1066/1066 1075/1075/1075 1065/1065/1065
f 1076/1076/1076 1075/1075/1075 1066/1066/1066
f 1067/1067/1067 1076/1076/1076 1066/1066/1066
f 1077/1077/1077 1076/1076/1076 1067/1067/1067
f 1068/1068/1068 1077/1077/1077 1067/1067/1067
f 1078/1078/1078 1077/1077/1077 1068/1068/1068
f 1069/1069/1069 1078/1078/1078 1068/1068/1068
f 1079/1079/1079 1078/1078/1078 1069/1069/1069
f 1070/1070/1070 1079/1079/1079 1069/1069/1069
f 1080/1080/1080 1079/1079/1079 1070/1070/1070
f 1072/1072/1072 1081/1081/1081 1071/1071/1071
f 1082/1082/1082 1081/1081/1081 1072/1072/1072
f 1073/1073/1073 1082/1082/1082 1072/1072/1072
f 1083/1083/1083 1082/1082/1082 1073/1073/1073
f 1074/1074/1074 1083/1083/1083 1073/1073/1073
f 1084/1084/1084 1083/1083/1083 1074/1074/1074
f 1075/1075/1075 1084/1084/1084 1074/1074/1074
f 1085/1085/1085 1084/1084/1084 1075/1075/1075
f 1076/1076/1076 1085/1085/1085 1075/1075/1075
f 1086/1086/1086 1085/1085/1085 1076/1076/1076
f 1077/1077/1077 1086/1086/1086 1076/1076/1076
f 1087/1087/1087 1086/1086/1086 1077/1077/1077
f 1078/1078/1078 1087/1087/1087 1077/1077/1077
f 1088/1088/1088 1087/1087/1087 1078/1078/1078
f 1079/1079/1079 1088/1088/1088 1078/1078/1078
f 1089/1089/1089 1088/1088/1088 1079/1079/1079
f 1080/1080/1080 1089/1089/1089 1079/1079/1079
f 1090/1090/1090 1089/1089/1089 1080/1080/1080
f 1082/1082/1082 1091/1091/1091 1081/1081/1081
f 1092/1092/1092 1091/1091/1091 1082/1082/1082
f 1083/1083/1083 1092/1092/1092 1082/1082/1082
f 1093/1093/1093 1092/1092/1092 1083/1083/1083
f 1084/1084/1084 1093/1093/1093 1083/1083/1083
f 1094/1094/1094 1093/1093/1093 1084/1084/1084
f 1085/1085/1085 1094/1094/1094 1084/1084/1084
f 1095/1095/1095 1094/1094/1094 1085/1085/1085
f 1086/1086/1086 1095/1095/1095 1085/1085/1085
f 1096/1096/1096 1095/1095/1095 1086/1086/1086
f 1087/1087/1087 1096/1096/1096 1086/1086/1086
f 1097/1097/1097 1096/1096/1096 1087/1087/1087
f 1088/1088/1088 1097/1097/1097 1087/1087/1087
f 1098/1098/1098 1097/1097/1097 1088/1088/1088
f 1089/1089/1089 1098/1098/1098 1088/1088/1088
f 1099/1099/1099 1098/1098/1098 1089/1089/1089
f 1090/1090/1090 1099/1099/1099 1089/1089/1089
f 1100/1100/1100 1099/1099/1099 1090/1090/1090
f 1092/1092/1092 1101/1101/1101 1091/1091/1091
f 1102/1102/1102 1101/1101/1101 1092/1092/1092
f 1093/1093/1093 1102/1102/1102 1092/1092/1092
f 1103/1103/1103 1102/1102/1102 1093/1093/1093
f 1094/1094/1094 1103/1103/1103 1093/1093/1093
f 1104/1104/1104 1103/1103/1103 1094/1094/1094
f 1095/1095/1095 1104/1104/1104 1094/1094/1094
f 1105/1105/1105 1104/1104/1104 1095/1095/1095
f 1096/1096/1096 1105/1105/1105 1095/1095/1095
f 1106/1106/1106 1105/1105/1105 1096/1096/1096
f 1097/1097/1097 1106/1106/1106 1096/1096/1096
f 1107/1107/1107 1106/1106/1106 1097/1097/1097
f 1098/1098/1098 1107/1107/1107 1097/1097/1097
f 1108/1108/1108 1107/1107/1107 1098/1098/1098
f 1099/1099/1099 1108/1108/1108 1098/1098/1098
f 1109/1109/1109 1108/1108/1108 1099/1099/1099
f 1100/1100/1100 1109/1109/1109 1099/1099/1099
f 1110/1110/1110 1109/1109/1109 1100/1100/1100
f 1102/1102/1102 1111/1111/1111 1101/1101/1101
f 1112/1112/1112 1111/1111/1111 1102/1102/1102
f 1103/1103/1103 1112/1112/1112 1102/1102/1102
f 1113/1113/1113 1112/1112/1112 1103/1103/1103
f 1104/1104/1104 1113/1113/1113 1103/1103/1103
f 1114/1114/1114 1113/1113/1113 1104/1104/1104
f 1105/1105/1105 1114/1114/1114 1104/1104/1104
f 1115/1115/1115 1114/1114/1114 1105/1105/1105
f 1106/1106/1106 1115/1115/1115 1105/1105/1105
f 1116/1116/1116 1115/1115/1115 1106/1106/1106
f 1107/1107/1107 1116/1116/1116 1106/1106/1106
f 1117/1117/1117 1116/1116/1116 1107/1107/1107
f 1108/1108/1108 1117/1117/1117 1107/1107/1107
f 1118/1118/1118 1117/1117/1117 1108/1108/1108
f 1109/1109/1109 1118/1118/1118 1108/1108/1108
f 1119/1119/1119 1118/1118/1118 1109/1109/1109
f 1110/1110/1110 1119/1119/1119 1109/1109/1109
f 1120/1120/1120 1119/1119/1119 1110/1110/1110
f 1112/1112/1112 1121/1121/1121 1111/1111/1111
f 1122/1122/1122 1121/1121/1121 1112/1112/1112
f 1113/1113/1113 1122/1122/1122 1112/1112/1112
f 1123/1123/1123 1122/1122/1122 1113/1113/1113
f 1114/1114/1114 1123/1123/1123 1113/1113/1113
f 1124/1124/1124 1123/1123/1123 1114/1114/1114
f 1115/1115/1115 1124/1124/1124 1114/1114/1114
f 1125/1125/1125 1124/1124/1124 1115/1115/1115
f 1116/1116/1116 1125/1125/1125 1115/1115/1115
f 1126/1126/1126 1125/1125/1125 1116/1116/1116
f 1117/1117/1117 1126/1126/1126 1116/1116/1116
f 1127/1127/1127 1126/1126/1126 1117/1117/1117
f 1118/1118/1118 1127/1127/1127 1117/1117/1117
f 1128/1128/1128 1127/1127/1127 1118/1118/1118
f 1119/1119/1119 1128/1128/1128 1118/1118/1118
f 1129/1129/1129 1128/1128/1128 1119/1119/1119
f 1120/1120/1120 1129/1129/1129 1119/1119/1119
f 1130/1130/1130 1129/1129/1129 1120/1120/1120
f 1122/1122/1122 1131/1131/1131 1121/1121/1121
f 1132/1132/1132 1131/1131/1131 1122/1122/1122
f 1123/1123/1123 1132/1132/1132 1122/1122/1122
f 1133/1133/1133 1132/1132/1132 1123/1123/1123
f 1124/1124/1124 1133/1133/1133 1123/1123/1123
f 1134/1134/1134 1133/1133/1133 1124/1124/1124
f 1125/1125/1125 1134/1134/1134 1124/1124/1124
f 1135/1135/1135 1134/1134/1134 1125/1125/1125
f 1126/1126/1126 1135/1135/1135 1125/1125/1125
f 1136/1136/1136 1135/1135/1135 1126/1126/1126
f 1127/1127/1127 1136/1136/1136 1126/1126/1126
f 1137/1137/1137 1136/1136/1136 1127/1127/1127
f 1128/1128/1128 1137/1137/1137 1127/1127/1127
f 1138/1138/1138 1137/1137/1137 1128/1128/1128
f 1129/1129/1129 1138/1138/1138 1128/1128/1128
f 1139/1139/1139 1138/1138/1138 1129/1129/1129
f 1130/1130/1130 1139/1139/1139 1129/1129/1129
f 1140/1140/1140 1139/1139/1139 1130/1130/1130
f 1132/1132/1132 1141/1141/1141 1131/1131/1131
f 1142/1142/1142 1141/1141/1141 1132/1132/1132
f 1133/1133/1133 1142/1142/1142 1132/1132/1132
f 1143/1143/1143 1142/1142/1142 1133/1133/1133
f 1134/1134/1134 1143/1143/1143 1133/1133/1133
f 1144/1144/1144 1143/1143/1143 1134/1134/1134
f 1135/1135/1135 1144/1144/1144 1134/1134/1134
f 1145/1145/1145 1144/1144/1144 1135/1135/1135
f 1136/1136/1136 1145/1145/1145 1135/1135/1135
f 1146/1146/1146 1145/1145/1145 1136/1136/1136
f 1137/1137/1137 1146/1146/1146 1136/1136/1136
f 1147/1147/1147 1146/1146/1146 1137/1137/1137
f 1138/1138/1138 1147/1147/1147 1137/1137/1137
f 1148/1148/1148 1147/1147/1147 1138/1138/1138
f 1139/1139/1139 1148/1148/1148 1138/1138/1138
f 1149/1149/1149 1148/1148/1148 1139/1139/1139
f 1140/1140/1140 1149/1149/1149 1139/1139/1139
f 1150/1150/1150 1149/1149/1149 1140/1140/1140
f 1142/1142/1142 1151/1151/1151 1141/1141/1141
f 1152/1152/1152 1151/1151/1151 1142/1142/1142
f 1143/1143/1143 1152/1152/1152 1142/1142/1142
f 1153/1153/1153 1152/1152/1152 1143/1143/1143
f 1144/1144/1144 1153/1153/1153 1143/1143/1143
f 1154/1154/1154 1153/1153/1153 1144/1144/1144
f 1145/1145/1145 1154/1154/1154 1144/1144/1144
f 1155/1155/1155 1154/1154/1154 1145/1145/1145
f 1146/1146/1146 1155/1155/1155 1145/1145/1145
f 1156/1156/1156 1155/1155/1155 1146/1146/1146
f 1147/1147/1147 1156/1156/1156 1146/1146/1146
f 1157/1157/1157 1156/1156/1156 1147/1147/1147
f 1148/1148/1148 1157/1157/1157 1147/1147/1147
f 1158/1158/1158 1157/1157/1157 1148/1148/1148
f 1149/1149/1149 1158/1158/1158 1148/1148/1148
f 1159/1159/1159 1158/1158/1158 1149/1149/1149
f 1150/1150/1150 1159/1159/1159 1149/1149/1149
f 1160/1160/1160 1159/1159/1159 1150/1150/1150
f 1152/1152/1152 1161/1161/1161 1151/1151/1151
f 1162/1162/1162 1161/1161/1161 1152/1152/1152
f 1153/1153/1153 1162/1162/1162 1152/1152/1152
f 1163/1163/1163 1162/1162/1162 1153/1153/1153
f 1154/1154/1154 1163/1163/1163 1153/1153/1153
f 1164/1164/1164 1163/1163/1163 1154/1154/1154
f 1155/1155/1155 1164/1164/1164 1154/1154/1154
f 1165/1165/1165 1164/1164/1164 1155/1155/1155
f 1156/1156/1156 1165/1165/1165 1155/1155/1155
f 1166/1166/1166 1165/1165/1165 1156/1156/1156
f 1157/1157/1157 1166/1166/1166 1156/1156/1156
f 1167/1167/1167 1166/1166/1166 1157/1157/1157
f 1158/1158/1158 1167/1167/1167 1157/1157/1157
f 1168/1168/1168 1167/1167/1167 1158/1158/1158
f 1159/1159/1159 1168/1168/1168 1158/1158/1158
f 1169/1169/1169 1168/1168/1168 1159/1159/1159
f 1160/1160/1160 1169/1169/1169 1159/1159/1159
f 1170/1170/1170 1169/1169/1169 1160/1160/1160
f 1162/1162/1162 1171/1171/1171 1161/1161/1161
f 1172/1172/1172 1171/1171/1171 1162/1162/1162
f 1163/1163/1163 1172/1172/1172 1162/1162/1162
f 1173/1173/1173 1172/1172/1172 1163/1163/1163
f 1164/1164/1164 1173/1173/1173 1163/1163/1163
f 1174/1174/1174 1173/1173/1173 1164/1164/1164
f 1165/1165/1165 1174/1174/1174 1164/1164/1164
f 1175/1175/1175 1174/1174/1174 1165/1165/1165
f 1166/1166/1166 1175/1175/1175 1165/1165/1165
f 1176/1176/1176 1175/1175/1175 1166/1166/1166
f 1167/1167/1167 1176/1176/1176 1166/1166/1166
f 1177/1177/1177 1176/1176/1176 1167/1167/1167
f 1168/1168/1168 1177/1177/1177 1167/1167/1167
f 1178/1178/1178 1177/1177/1177 1168/1168/1168
f 1169/1169/1169 1178/1178/1178 1168/1168/1168
f 1179/1179/1179 1178/1178/1178 1169/1169/1169
f 1170/1170/1170 1179/1179/1179 1169/1169/1169
f 1180/1180/1180 1179/1179/1179 1170/1170/1170
f 1172/1172/1172 1181/1181/1181 1171/1171/1171
f 1182/1182/1182 1181/1181/1181 1172/1172/1172
f 1173/1173/1173 1182/1182/1182 1172/1172/1172
f 1183/1183/1183 1182/1182/1182 1173/1173/1173
f 1174/1174/1174 1183/1183/1183 1173/1173/1173
f 1184/1184/1184 1183/1183/1183 1174/1174/1174
f 1175/1175/1175 1184/1184/1184 1174/1174/1174
f 1185/1185/1185 1184/1184/1184 1175/1175/1175
f 1176/1176/1176 1185/1185/1185 1175/1175/1175
f 1186/1186/1186 1185/1185/1185 1176/1176/1176
f 1177/1177/1177 1186/1186/1186 1176/1176/1176
f 1187/1187/1187 1186/1186/1186 1177/1177/1177
f 1178/1178/1178 1187/1187/1187 1177/1177/1177
f 1188/1188/1188 1187/1187/1187 1178/1178/1178
f 1179/1179/1179 1188/1188/1188 1178/1178/1178
f 1189/1189/1189 1188/1188/1188 1179/1179/1179
f 1180/1180/1180 1189/1189/1189 1179/1179/1179
f 1190/1190/1190 1189/1189/1189 1180/1180/1180
f 1182/1182/1182 1191/1191/1191 1181/1181/1181
f 1192/1192/1192 1191/1191/1191 1182/1182/1182
f 1183/1183/1183 1192/1192/1192 1182/1182/1182
f 1193/1193/1193 1192/1192/1192 1183/1183/1183
f 1184/1184/1184 1193/1193/1193 1183/1183/1183
f 1194/1194/1194 1193/1193/1193 1184/1184/1184
f 1185/1185/1185 1194/1194/1194 1184/1184/1184
f 1195/1195/1195 1194/1194/1194 1185/1185/1185
f 1186/1186/1186 1195/1195/1195 1185/1185/1185
f 1196/1196/1196 1195/1195/1195 1186/1186/1186
f 1187/1187/1187 1196/1196/1196 1186/1186/1186
f 1197/1197/1197 1196/1196/1196 1187/1187/1187
f 1188/1188/1188 1197/1197/1197 1187/1187/1187
f 1198/1198/1198 1197/1197/1197 1188/1188/1188
f 1189/1189/1189 1198/1198/1198 1188/1188/1188
f 1199/1199/1199 1198/1198/1198 1189/1189/1189
f 1190/1190/1190 1199/1199/1199 1189/1189/1189
f 1200/1200/1200 1199/1199/1199 1190/1190/1190
f 1192/1192/1192 1201/1201/1201 1191/1191/1191
f 1202/1202/1202 1201/1201/1201 1192/1192/1192
f 1193/1193/1193 1202/1202/1202 1192/1192/1192
f 1203/1203/1203 1202/1202/1202 1193/1193/1193
f 1194/1194/1194 1203/1203/1203 1193/1193/1193
f 1204/1204/1204 1203/1203/1203 1194/1194/1194
f 1195/1195/1195 1204/1204/1204 1194/1194/1194
f 1205/1205/1205 1204/1204/1204 1195/1195/1195
f 1196/1196/1196 1205/1205/1205 1195/1195/1195
f 1206/1206/1206 1205/1205/1205 1196/1196/1196
f 1197/1197/1197 1206/1206/1206 1196/1196/1196
f 1207/1207/1207 1206/1206/1206 1197/1197/1197
f 1198/1198/1198 1207/1207/1207 1197/1197/1197
f 1208/1208/1208 1207/1207/1207 1198/1198/1198
f 1199/1199/1199 1208/1208/1208 1198/1198/1198
f 1209/1209/1209 1208/1208/1208 1199/1199/1199
f 1200/1200/1200 1209/1209/1209 1199/1199/1199
f 1210/1210/1210 1209/1209/1209 1200/1200/1200
f 1202/1202/1202 1211/1211/1211 1201/1201/1201
f 1212/1212/1212 1211/1211/1211 1202/1202/1202
f 1203/1203/1203 1212/1212/1212 1202/1202/1202
f 1213/1213/1213 1212/1212/1212 1203/1203/1203
f 1204/1204/1204 1213/1213/1213 1203/1203/1203
f 1214/1214/1214 1213/1213/1213 1204/1204/1204
f 1205/1205/1205 1214/1214/1214 1204/1204/1204
f 1215/1215/1215 1214/1214/1214 1205/1205/1205
f 1206/1206/1206 1215/1215/1215 1205/1205/1205
f 1216/1216/1216 1215/1215/1215 1206/1206/1206
f 1207/1207/1207 1216/1216/1216 1206/1206/1206
f 1217/1217/1217 1216/1216/1216 1207/1207/1207
f 1208/1208/1208 1217/1217/1217 1207/1207/1207
f 1218/1218/1218 1217/1217/1217 1208/1208/1208
f 1209/1209/1209 1218/1218/1218 1208/1208/1208
f 1219/1219/1219 1218/1218/1218 1209/1209/1209
f 1210/1210/1210 1219/1219/1219 1209/1209/1209
f 1220/1220/1220 1219/1219/1219 1210/1210/1210
f 1212/1212/1212 1221/1221/1221 1211/1211/1211
f 1222/1222/1222 1221/1221/1221 1212/1212/1212
f 1213/1213/1213 1222/1222/1222 1212/1212/1212
f 1223/1223/1223 1222/1222/1222 1213/1213/1213
f 1214/1214/1214 1223/1223/1223 1213/1213/1213
f 1224/1224/1224 1223/1223/1223 1214/1214/1214
f 1215/1215/1215 1224/1224/1224 1214/1214/1214
f 1225/1225/1225 1224/1224/1224 1215/1215/1215
f 1216/1216/1216 1225/1225/1225 1215/1215/1215
f 1226/1226/1226 1225/1225/1225 1216/1216/1216
f 1217/1217/1217 1226/1226/1226 1216/1216/1216
f 1227/1227/1227 1226/1226/1226 1217/1217/1217
f 1218/1218/1218 1227/1227/1227 1217/1217/1217
f 1228/1228/1228 1227/1227/1227 1218/1218/1218
f 1219/1219/1219 1228/1228/1228 1218/1218/1218
f 1229/1229/1229 1228/1228/1228 1219/1219/1219
f 1220/1220/1220 1229/1229/1229 1219/1219/1219
f 1230/1230/1230 1229/1229/1229 1220/1220/1220
f 1222/1222/1222 1231/1231/1231 1221/1221/1221
f 1232/1232/1232 1231/1231/1231 1222/1222/1222
f 1223/1223/1223 1232/1232/1232 1222/1222/1222
f 1233/1233/1233 1232/1232/1232 1223/1223/1223
f 1224/1224/1224 1233/1233/1233 1223/1223/1223
f 1234/1234/1234 1233/1233/1233 1224/1224/1224
f 1225/1225/1225 1234/1234/1234 1224/1224/1224
f 1235/1235/1235 1234/1234/1234 1225/1225/1225
f 1226/1226/1226 1235/1235/1235 1225/1225/1225
f 1236/1236/1236 1235/1235/1235 1226/1226/1226
f 1227/1227/1227 1236/1236/1236 1226/1226/1226
f 1237/1237/1237 1236/1236/1236 1227/1227/1227
f 1228/1228/1228 1237/1237/1237 1227/1227/1227
f 1238/1238/1238 1237/1237/1237 1228/1228/1228
f 1229/1229/1229 1238/1238/1238 1228/1228/1228
f 1239/1239/1239 1238/1238/1238 1229/1229/1229
f 1230/1230/1230 1239/1239/1239 1229/1229/1229
f 1240/1240/1240 1239/1239/1239 1230/1230/1230
f 1232/1232/1232 1241/1241/1241 1231/1231/1231
f 1242/1242/1242 1241/1241/1241 1232/1232/1232
f 1233/1233/1233 1242/1242/1242 1232/1232/1232
f 1243/1243/1243 1242/1242/1242 1233/1233/1233
f 1234/1234/1234 1243/1243/1243 1233/1233/1233
f 1244/1244/1244 1243/1243/1243 1234/1234/1234
f 1235/1235/1235 1244/1244/1244 1234/1234/1234
f 1245/1245/1245 1244/1244/1244 1235/1235/1235
f 1236/1236/1236 1245/1245/1245 1235/1235/1235
f 1246/1246/1246 1245/1245/1245 1236/1236/1236
f 1237/1237/1237 1246/1246/1246 1236/1236/1236
f 1247/1247/1247 1246/1246/1246 1237/1237/1237
f 1238/1238/1238 1247/1247/1247 1237/1237/1237
f 1248/1248/1248 1247/1247/1247 1238/1238/1238
f 1239/1239/1239 1248/1248/1248 1238/1238/1238
f 1249/1249/1249 1248/1248/1248 1239/1239/1239
f 1240/1240/1240 1249/1249/1249 1239/1239/1239
f 1250/1250/1250 1249/1249/1249 1240/1240/1240
f 1242/1242/1242 1251/1251/1251 1241/1241/1241
f 1252/1252/1252 1251/1251/1251 1242/1242/1242
f 1243/1243/1243 1252/1252/1252 1242/1242/1242
f 1253/1253/1253 1252/1252/1252 1243/1243/1243
f 1244/1244/1244 1253/1253/1253 1243/1243/1243
f 1254/1254/1254 1253/1253/1253 1244/1244/1244
f 1245/1245/1245 1254/1254/1254 1244/1244/1244
f 1255/1255/1255 1254/1254/1254 1245/1245/1245
f 1246/1246/1246 1255/1255/1255 1245/1245/1245
f 1256/1256/1256 1255/1255/1255 1246/1246/1246
f 1247/1247/1247 1256/1256/1256 1246/1246/1246
f 1257/1257/1257 1256/1256/1256 1247/1247/1247
f 1248/1248/1248 1257/1257/1257 1247/1247/1247
f 1258/1258/1258 1257/1257/1257 1248/1248/1248
f 1249/1249/1249 1258/1258/1258 1248/1248/1248
f 1259/1259/1259 1258/1258/1258 1249/1249/1249
f 1250/1250/1250 1259/1259/1259 1249/1249/1249
f 1260/1260/1260 1259/1259/1259 1250/1250/1250
f 1252/1252/1252 1261/1261/1261 1251/1251/1251
f 1262/1262/1262 1261/1261/1261 1252/1252/1252
f 1253/1253/1253 1262/1262/1262 1252/1252/1252
f 1263/1263/1263 1262/1262/1262 1253/1253/1253
f 1254/1254/1254 1263/1263/1263 1253/1253/1253
f 1264/1264/1264 1263/1263/1263 1254/1254/1254
f 1255/1255/1255 1264/1264/1264 1254/1254/1254
f 1265/1265/1265 1264/1264/1264 1255/1255/1255
f 1256/1256/1256 1265/1265/1265 1255/1255/1255
f 1266/1266/1266 1265/1265/1265 1256/1256/1256
f 1257/1257/1257 1266/1266/1266 1256/1256/1256
f 1267/1267/1267 1266/1266/1266 1257/1257/1257
f 1258/1258/1258 1267/1267/1267 1257/1257/1257
f 1268/1268/1268 1267/1267/1267 1258/1258/1258
f 1259/1259/1259 1268/1268/1268 1258/1258/1258
f 1269/1269/1269 1268/1268/1268 1259/1259/1259
f 1260/1260/1260 1269/1269/1269 1259/1259/1259
f 1270/1270/1270 1269/1269/1269 1260/1260/1260
f 1262/1262/1262 1271/1271/1271 1261/1261/1261
f 1272/1272/1272 1271/1271/1271 1262/1262/1262
f 1263/1263/1263 1272/1272/1272 1262/1262/1262
f 1273/1273/1273 1272/1272/1272 1263/1263/1263
f 1264/1264/1264 1273/1273/1273 1263/1263/1263
f 1274/1274/1274 1273/1273/1273 1264/1264/1264
f 1265/1265/1265 1274/1274/1274 1264/1264/1264
f 1275/1275/1275 1274/1274/1274 1265/1265/1265
f 1266/1266/1266 1275/1275/1275 1265/1265/1265
f 1276/1276/1276 1275/1275/1275 1266/1266/1266
f 1267/1267/1267 1276/1276/1276 1266/1266/1266
f 1277/1277/1277 1276/1276/1276 1267/1267/1267
f 1268/1268/1268 1277/1277/1277 1267/1267/1267
f 1278/1278/1278 1277/1277/1277 1268/1268/1268
f 1269/1269/1269 1278/1278/1278 1268/1268/1268
f 1279/1279/1279 1278/1278/1278 1269/1269/1269
f 1270/1270/1270 1279/1279/1279 1269/1269/1269
f 1280/1280/1280 1279/1279/1279 1270/1270/1270
f 1272/1272/1272 1281/1281/1281 1271/1271/1271
f 1282/1282/1282 1281/1281/1281 1272/1272/1272
f 1273/1273/1273 1282/1282/1282 1272/1272/1272
f 1283/1283/1283 1282/1282/1282 1273/1273/1273
f 1274/1274/1274 1283/1283/1283 1273/1273/1273
f 1284/1284/1284 1283/1283/1283 1274/1274/1274
f 1275/1275/1275 1284/1284/1284 1274/1274/1274
f 1285/1285/1285 1284/1284/1284 1275/1275/1275
f 1276/1276/1276 1285/1285/1285 1275/1275/1275
f 1286/1286/1286 1285/1285/1285 1276/1276/1276
f 1277/1277/1277 1286/1286/1286 1276/1276/1276
f 1287/1287/1287 1286/1286/1286 1277/1277/1277
f 1278/1278/1278 1287/1287/1287 1277/1277/1277
f 1288/1288/1288 1287/1287/1287 1278/1278/1278
f 1279/1279/1279 1288/1288/1288 1278/1278/1278
f 1289/1289/1289 1288/1288/1288 1279/1279/1279
f 1280/1280/1280 1289/1289/1289 1279/1279/1279
f 1290/1290/1290 1289/1289/1289 1280/1280/1280
f 1282/1282/1282 1291/1291/1291 1281/1281/1281
f 1292/1292/1292 1291/1291/1291 1282/1282/1282
f 1283/1283/1283 1292/1292/1292 1282/1282/1282
f 1293/1293/1293 1292/1292/1292 1283/1283/1283
f 1284/1284/1284 1293/1293/1293 1283/1283/1283
f 1294/1294/1294 1293/1293/1293 1284/1284/1284
f 1285/1285/1285 1294/1294/1294 1284/1284/1284
f 1295/1295/1295 1294/1294/1294 1285/1285/1285
f 1286/1286/1286 1295/1295/1295 1285/1285/1285
f 1296/1296/1296 1295/1295/1295 1286/1286/1286
f 1287/1287/1287 1296/1296/1296 1286/1286/1286
f 1297/1297/1297 1296/1296/1296 1287/1287/1287
f 1288/1288/1288 1297/1297/1297 1287/1287/1287
f 1298/1298/1298 1297/1297/1297 1288/1288/1288
f 1289/1289/1289 1298/1298/1298 1288/1288/1288
f 1299/1299/1299 1298/1298/1298 1289/1289/1289
f 1290/1290/1290 1299/1299/1299 1289/1289/1289
f 1300/1300/1300 1299/1299/1299 1290/1290/1290
f 1292/1292/1292 1301/1301/1301 1291/1291/1291
f 1302/1302/1302 1301/1301/1301 1292/1292/1292
f 1293/1293/1293 1302/1302/1302 1292/1292/1292
f 1303/1303/1303 1302/1302/1302 1293/1293/1293
f 1294/1294/1294 1303/1303/1303 1293/1293/1293
f 1304/1304/1304 1303/1303/1303 1294/1294/1294
f 1295/1295/1295 1304/1304/1304 1294/1294/1294
f 1305/1305/1305 1304/1304/1304 1295/1295/1295
f 1296/1296/1296 1305/1305/1305 1295/1295/1295
f 1306/1306/1306 1305/1305/1305 1296/1296/1296
f 1297/1297/1297 1306/1306/1306 1296/1296/1296
f 1307/1307/1307 1306/1306/1306 1297/1297/1297
f 1298/1298/1298 1307/1307/1307 1297/1297/1297
f 1308/1308/1308 1307/1307/1307 1298/1298/1298
f 1299/1299/1299 1308/1308/1308 1298/1298/1298
f 1309/1309/1309 1308/1308/1308 1299/1299/1299
f 1300/1300/1300 1309/1309/1309 1299/1299/1299
f 1310/1310/1310 1309/1309/1309 1300/1300/1300
f 1302/1302/1302 1311/1311/1311 1301/1301/1301
f 1312/1312/1312 1311/1311/1311 1302/1302/1302
f 1303/1303/1303 1312/1312/1312 1302/1302/1302
f 1313/1313/1313 1312/1312/1312 1303/1303/1303
f 1304/1304/1304 1313/1313/1313 1303/1303/1303
f 1314/1314/1314 1313/1313/1313 1304/1304/1304
f 1305/1305/1305 1314/1314/1314 1304/1304/1304
f 1315/1315/1315 1314/1314/1314 1305/1305/1305
f 1306/1306/1306 1315/1315/1315 1305/1305/1305
f 1316/1316/1316 1315/1315/1315 1306/1306/1306
f 1307/1307/1307 1316/1316/1316 1306/1306/1306
f 1317/1317/1317 1316/1316/1316 1307/1307/1307
f 1308/1308/1308 1317/1317/1317 1307/1307/1307
f 1318/1318/1318 1317/1317/1317 1308/1308/1308
f 1309/1309/1309 1318/1318/1318 1308/1308/1308
f 1319/1319/1319 1318/1318/1318 1309/1309/1309
f 1310/1310/1310 1319/1319/1319 1309/1309/1309
f 1320/1320/1320 1319/1319/1319 1310/1310/1310
f 1312/1312/1312 1321/1321/1321 1311/1311/1311
f 1322/1322/1322 1321/1321/1321 1312/1312/1312
f 1313/1313/1313 1322/1322/1322 1312/1312/1312
f 1323/1323/1323 1322/1322/1322 1313/1313/1313
f 1314/1314/1314 1323/1323/1323 1313/1313/1313
f 1324/1324/1324 1323/1323/1323 1314/1314/1314
f 1315/1315/1315 1324/1324/1324 1314/1314/1314
f 1325/1325/1325 1324/1324/1324 1315/1315/1315
f 1316/1316/1316 1325/1325/1325 1315/1315/1315
f 1326/1326/1326 1325/1325/1325 1316/1316/1316
f 1317/1317/1317 1326/1326/1326 1316/1316/1316
f 1327/1327/1327 1326/1326/1326 1317/1317/1317
f 1318/1318/1318 1327/1327/1327 1317/1317/1317
f 1328/1328/1328 1327/1327/1327 1318/1318/1318
f 1319/1319/1319 1328/1328/1328 1318/1318/1318
f 1329/1329/1329 1328/1328/1328 1319/1319/1319
f 1320/1320/1320 1329/1329/1329 1319/1319/1319
f 1330/1330/1330 1329/1329/1329 1320/1320/1320
f 1322/1322/1322 1331/1331/1331 1321/1321/1321
f 1332/1332/1332 1331/1331/1331 1322/1322/1322
f 1323/1323/1323 1332/1332/1332 1322/1322/1322
f 1333/1333/1333 1332/1332/1332 1323/1323/1323
f 1324/1324/1324 1333/1333/1333 1323/1323/1323
f 1334/1334/1334 1333/1333/1333 1324/1324/1324
f 1325/1325/1325 1334/1334/1334 1324/1324/1324
f 1335/1335/1335 1334/1334/1334 1325/1325/1325
f 1326/1326/1326 1335/1335/1335 1325/1325/1325
f 1336/1336/1336 1335/1335/1335 1326/1326/1326
f 1327/1327/1327 1336/1336/1336 1326/1326/1326
f 1337/1337/1337 1336/1336/1336 1327/1327/1327
f 1328/1328/1328 1337/1337/1337 1327/1327/1327
f 1338/1338/1338 1337/1337/1337 1328/1328/1328
f 1329/1329/1329 1338/1338/1338 1328/1328/1328
f 1339/1339/1339 1338/1338/1338 1329/1329/1329
f 1330/1330/1330 1339/1339/1339 1329/1329/1329
f 1340/1340/1340 1339/1339/1339 1330/1330/1330
f 1332/1332/1332 1341/1341/1341 1331/1331/1331
f 1342/1342/1342 1341/1341/1341 1332/1332/1332
f 1333/1333/1333 1342/1342/1342 1332/1332/1332
f 1343/1343/1343 1342/1342/1342 1333/1333/1333
f 1334/1334/1334 1343/1343/1343 1333/1333/1333
f 1344/1344/1344 1343/1343/1343 1334/1334/1334
f 1335/1335/1335 1344/1344/1344 1334/1334/1334
f 1345/1345/1345 1344/1344/1344 1335/1335/1335
f 1336/1336/1336 1345/1345/1345 1335/1335/1335
f 1346/1346/1346 1345/1345/1345 1336/1336/1336
f 1337/1337/1337 1346/1346/1346 1336/1336/1336
f 1347/1347/1347 1346/1346/1346 1337/1337/1337
f 1338/1338/1338 1347/1347/1347 1337/1337/1337
f 1348/1348/1348 1347/1347/1347 1338/1338/1338
f 1339/1339/1339 1348/1348/1348 1338/1338/1338
f 1349/1349/1349 1348/1348/1348 1339/1339/1339
f 1340/1340/1340 1349/1349/1349 1339/1339/1339
f 1350/1350/1350 1349/1349/1349 1340/1340/1340
f 1342/1342/1342 1351/1351/1351 1341/1341/1341
f 1352/1352/1352 1351/1351/1351 1342/1342/1342
f 1343/1343/1343 1352/1352/1352 1342/1342/1342
f 1353/1353/1353 1352/1352/1352 1343/1343/1343
f 1344/1344/1344 1353/1353/1353 1343/1343/1343
f 1354/1354/1354 1353/1353/1353 1344/1344/1344
f 1345/1345/1345 1354/1354/1354 1344/1344/1344
f 1355/1355/1355 1354/1354/1354 1345/1345/1345
f 1346/1346/1346 1355/1355/1355 1345/1345/1345
f 1356/1356/1356 1355/1355/1355 1346/1346/1346
f 1347/1347/1347 1356/1356/1356 1346/1346/1346
f 1357/1357/1357 1356/1356/1356 1347/1347/1347
f 1348/1348/1348 1357/1357/1357 1347/1347/1347
f 1358/1358/1358 1357/1357/1357 1348/1348/1348
f 1349/1349/1349 1358/1358/1358 1348/1348/1348
f 1359/1359/1359 1358/1358/1358 1349/1349/1349
f 1350/1350/1350 1359/1359/1359 1349/1349/1349
f 1360/1360/1360 1359/1359/1359 1350/1350/1350
f 1352/1352/1352 1361/1361/1361 1351/1351/1351
f 1362/1362/1362 1361/1361/1361 1352/1352/1352
f 1353/1353/1353 1362/1362/1362 1352/1352/1352
f 1363/1363/1363 1362/1362/1362 1353/1353/1353
f 1354/1354/1354 1363/1363/1363 1353/1353/1353
f 1364/1364/1364 1363/1363/1363 1354/1354/1354
f 1355/1355/1355 1364/1364/1364 1354/1354/1354
f 1365/1365/1365 1364/1364/1364 1355/1355/1355
f 1356/1356/1356 1365/1365/1365 1355/1355/1355
f 1366/1366/1366 1365/1365/1365 1356/1356/1356
f 1357/1357/1357 1366/1366/1366 1356/1356/1356
f 1367/1367/1367 1366/1366/1366 1357/1357/1357
f 1358/1358/1358 1367/1367/1367 1357/1357/1357
f 1368/1368/1368 1367/1367/1367 1358/1358/1358
f 1359/1359/1359 1368/1368/1368 1358/1358/1358
f 1369/1369/1369 1368/1368/1368 1359/1359/1359
f 1360/1360/1360 1369/1369/1369 1359/1359/1359
f 1370/1370/1370 1369/1369/1369 1360/1360/1360
f 1362/1362/1362 1371/1371/1371 1361/1361/1361
f 1372/1372/1372 1371/1371/1371 1362/1362/1362
f 1363/1363/1363 1372/1372/1372 1362/1362/1362
f 1373/1373/1373 1372/1372/1372 1363/1363/1363
f 1364/1364/1364 1373/1373/1373 1363/1363/1363
f 1374/1374/1374 1373/1373/1373 1364/1364/1364
f 1365/1365/1365 1374/1374/1374 1364/1364/1364
f 1375/1375/1375 1374/1374/1374 1365/1365/1365
f 1366/1366/1366 1375/1375/1375 1365/1365/1365
f 1376/1376/1376 1375/1375/1375 1366/1366/1366
f 1367/1367/1367 1376/1376/1376 1366/1366/1366
f 1377/1377/1377 1376/1376/1376 1367/1367/1367
f 1368/1368/1368 1377/1377/1377 1367/1367/1367
f 1378/1378/1378 1377/1377/1377 1368/1368/1368
f 1369/1369/1369 1378/1378/1378 1368/1368/1368
f 1379/1379/1379 1378/1378/1378 1369/1369/1369
f 1370/1370/1370 1379/1379/1379 1369/1369/1369
f 1380/1380/1380 1379/1379/1379 1370/1370/1370
f 1372/1372/1372 1381/1381/1381 1371/1371/1371
f 1382/1382/1382 1381/1381/1381 1372/1372/1372
f 1373/1373/1373 1382/1382/1382 1372/1372/1372
f 1383/1383/1383 1382/1382/1382 1373/1373/1373
f 1374/1374/1374 1383/1383/1383 1373/1373/1373
f 1384/1384/1384 1383/1383/1383 1374/1374/1374
f 1375/1375/1375 1384/1384/1384 1374/1374/1374
f 1385/1385/1385 1384/1384/1384 1375/1375/1375
f 1376/1376/1376 1385/1385/1385 1375/1375/1375
f 1386/1386/1386 1385/1385/1385 1376/1376/1376
f 1377/1377/1377 1386/1386/1386 1376/1376/1376
f 1387/1387/1387 1386/1386/1386 1377/1377/1377
f 1378/1378/1378 1387/1387/1387 1377/1377/1377
f 1388/1388/1388 1387/1387/1387 1378/1378/1378
f 1379/1379/1379 1388/1388/1388 1378/1378/1378
f 1389/1389/1389 1388/1388/1388 1379/1379/1379
f 1380/1380/1380 1389/1389/1389 1379/1379/1379
f 1390/1390/1390 1389/1389/1389 1380/1380/1380
f 1382/1382/1382 1391/1391/1391 1381/1381/1381
f 1392/1392/1392 1391/1391/1391 1382/1382/1382
f 1383/1383/1383 1392/1392/1392 1382/1382/1382
f 1393/1393/1393 1392/1392/1392 1383/1383/1383
f 1384/1384/1384 1393/1393/1393 1383/1383/1383
f 1394/1394/1394 1393/1393/1393 1384/1384/1384
f 1385/1385/1385 1394/1394/1394 1384/1384/1384
f 1395/1395/1395 1394/1394/1394 1385/1385/1385
f 1386/1386/1386 1395/1395/1395 1385/1385/1385
f 1396/1396/1396 1395/1395/1395 1386/1386/1386
f 1387/1387/1387 1396/1396/1396 1386/1386/1386
f 1397/1397/1397 1396/1396/1396 1387/1387/1387
f 1388/1388/1388 1397/1397/1397 1387/1387/1387
f 1398/1398/1398 1397/1397/1397 1388/1388/1388
f 1389/1389/1389 1398/1398/1398 1388/1388/1388
f 1399/1399/1399 1398/1398/1398 1389/1389/1389
f 1390/1390/1390 1399/1399/1399 1389/1389/1389
f 1400/1400/1400 1399/1399/1399 1390/1390/1390
f 1392/1392/1392 1401/1401/1401 1391/1391/1391
f 1402/1402/1402 1401/1401/1401 1392/1392/1392
f 1393/1393/1393 1402/1402/1402 1392/1392/1392
f 1403/1403/1403 1402/1402/1402 1393/1393/1393
f 1394/1394/1394 1403/1403/1403 1393/1393/1393
f 1404/1404/1404 1403/1403/1403 1394/1394/1394
f 1395/1395/1395 1404/1404/1404 1394/1394/1394
f 1405/1405/1405 1404/1404/1404 1395/1395/1395
f 1396/1396/1396 1405/1405/1405 1395/1395/1395
f 1406/1406/1406 1405/1405/1405 1396/1396/1396
f 1397/1397/1397 1406/1406/1406 1396/1396/1396
f 1407/1407/1407 1406/1406/1406 1397/1397/1397
f 1398/1398/1398 1407/1407/1407 1397/1397/1397
f 1408/1408/1408 1407/1407/1407 1398/1398/1398
f 1399/1399/1399 1408/1408/1408 1398/1398/1398
f 1409/1409/1409 1408/1408/1408 1399/1399/1399
f 1400/1400/1400 1409/1409/1409 1399/1399/1399
f 1410/1410/1410 1409/1409/1409 1400/1400/1400
f 1402/1402/1402 1411/1411/1411 1401/1401/1401
f 1412/1412/1412 1411/1411/1411 1402/1402/1402
f 1403/1403/1403 1412/1412/1412 1402/1402/1402
f 1413/1413/1413 1412/1412/1412 1403/1403/1403
f 1404/1404/1404 1413/1413/1413 1403/1403/1403
f 1414/1414/1414 1413/1413/1413 1404/1404/1404
f 1405/1405/1405 1414/1414/1414 1404/1404/1404
f 1415/1415/1415 1414/1414/1414 1405/1405/1405
f 1406/1406/1406 1415/1415/1415 1405/1405/1405
f 1416/1416/1416 1415/1415/1415 1406/1406/1406
f 1407/1407/1407 1416/1416/1416 1406/1406/1406
f 1417/1417/1417 1416/1416/1416 1407/1407/1407
f 1408/1408/1408 1417/1417/1417 1407/1407/1407
f 1418/1418/1418 1417/1417/1417 1408/1408/1408
f 1409/1409/1409 1418/1418/1418 1408/1408/1408
f 1419/1419/1419 1418/1418/1418 1409/1409/1409
f 1410/1410/1410 1419/1419/1419 1409/1409/1409
f 1420/1420/1420 1419/1419/1419 1410/1410/1410
f 1412/1412/1412 1421/1421/1421 1411/1411/1411
f 1422/1422/1422 1421/1421/1421 1412/1412/1412
f 1413/1413/1413 1422/1422/1422 1412/1412/1412
f 1423/1423/1423 1422/1422/1422 1413/1413/1413
f 1414/1414/1414 1423/1423/1423 1413/1413/1413
f 1424/1424/1424 1423/1423/1423 1414/1414/1414
f 1415/1415/1415 1424/1424/1424 1414/1414/1414
f 1425/1425/1425 1424/1424/1424 1415/1415/1415
f 1416/1416/1416 1425/1425/1425 1415/1415/1415
f 1426/1426/1426 1425/1425/1425 1416/1416/1416
f 1417/1417/1417 1426/1426/1426 1416/1416/1416
f 1427/1427/1427 1426/1426/1426 1417/1417/1417
f 1418/1418/1418 1427/1427/1427 1417/1417/1417
f 1428/1428/1428 1427/1427/1427 1418/1418/1418
f 1419/1419/1419 1428/1428/1428 1418/1418/1418
f 1429/1429/1429 1428/1428/1428 1419/1419/1419
f 1420/1420/1420 1429/1429/1429 1419/1419/1419
f 1430/1430/1430 1429/1429/1429 1420/1420/1420
f 1422/1422/1422 1431/1431/1431 1421/1421/1421
f 1432/1432/1432 1431/1431/1431 1422/1422/1422
f 1423/1423/1423 1432/1432/1432 1422/1422/1422
f 1433/1433/1433 1432/1432/1432 1423/1423/1423
f 1424/1424/1424 1433/1433/1433 1423/1423/1423
f 1434/1434/1434 1433/1433/1433 1424/1424/1424
f 1425/1425/1425 1434/1434/1434 1424/1424/1424
f 1435/1435/1435 1434/1434/1434 1425/1425/1425
f 1426/1426/1426 1435/1435/1435 1425/1425/1425
f 1436/1436/1436 1435/1435/1435 1426/1426/1426
f 1427/1427/1427 1436/1436/1436 1426/1426/1426
f 1437/1437/1437 1436/1436/1436 1427/1427/1427
f 1428/1428/1428 1437/1437/1437 1427/1427/1427
f 1438/1438/1438 1437/1437/1437 1428/1428/1428
f 1429/1429/1429 1438/1438/1438 1428/1428/1428
f 1439/1439/1439 1438/1438/1438 1429/1429/1429
f 1430/1430/1430 1439/1439/1439 1429/1429/1429
f 1440/1440/1440 1439/1439/1439 1430/1430/1430
f 1432/1432/1432 1441/1441/1441 1431/1431/1431
f 1442/1442/1442 1441/1441/1441 1432/1432/1432
f 1433/1433/1433 1442/1442/1442 1432/1432/1432
f 1443/1443/1443 1442/1442/1442 1433/1433/1433
f 1434/1434/1434 1443/1443/1443 1433/1433/1433
f 1444/1444/1444 1443/1443/1443 1434/1434/1434
f 1435/1435/1435 1444/1444/1444 1434/1434/1434
f 1445/1445/1445 1444/1444/1444 1435/1435/1435
f 1436/1436/1436 1445/1445/1445 1435/1435/1435
f 1446/1446/1446 1445/1445/1445 1436/1436/1436
f 1437/1437/1437 1446/1446/1446 1436/1436/1436
f 1447/1447/1447 1446/1446/1446 1437/1437/1437
f 1438/1438/1438 1447/1447/1447 1437/1437/1437
f 1448/1448/1448 1447/1447/1447 1438/1438/1438
f 1439/1439/1439 1448/1448/1448 1438/1438/1438
f 1449/1449/1449 1448/1448/1448 1439/1439/1439
f 1440/1440/1440 1449/1449/1449 1439/1439/1439
f 1450/1450/1450 1449/1449/1449 1440/1440/1440
f 1442/1442/1442 1451/1451/1451 1441/1441/1441
f 1452/1452/1452 1451/1451/1451 1442/1442/1442
f 1443/1443/1443 1452/1452/1452 1442/1442/1442
f 1453/1453/1453 1452/1452/1452 1443/1443/1443
f 1444/1444/1444 1453/1453/1453 1443/1443/1443
f 1454/1454/1454 1453/1453/1453 1444/1444/1444
f 1445/1445/1445 1454/1454/1454 1444/1444/1444
f 1455/1455/1455 1454/1454/1454 1445/1445/1445
f 1446/1446/1446 1455/1455/1455 1445/1445/1445
f 1456/1456/1456 1455/1455/1455 1446/1446/1446
f 1447/1447/1447 1456/1456/1456 1446/1446/1446
f 1457/1457/1457 1456/1456/1456 1447/1447/1447
f 1448/1448/1448 1457/1457/1457 1447/1447/1447
f 1458/1458/1458 1457/1457/1457 1448/1448/1448
f 1449/1449/1449 1458/1458/1458 1448/1448/1448
f 1459/1459/1459 1458/1458/1458 1449/1449/1449
f 1450/1450/1450 1459/1459/1459 1449/1449/1449
f 1460/1460/1460 1459/1459/1459 1450/1450/1450
f 1452/1452/1452 1461/1461/1461 1451/1451/1451
f 1462/1462/1462 1461/1461/1461 1452/1452/1452
f 1453/1453/1453 1462/1462/1462 1452/1452/1452
f 1463/1463/1463 1462/1462/1462 1453/1453/1453
f 1454/1454/1454 1463/1463/1463 1453/1453/1453
f 1464/1464/1464 1463/1463/1463 1454/1454/1454
f 1455/1455/1455 1464/1464/1464 1454/1454/1454
f 1465/1465/1465 1464/1464/1464 1455/1455/1455
f 1456/1456/1456 1465/1465/1465 1455/1455/1455
f 1466/1466/1466 1465/1465/1465 1456/1456/1456
f 1457/1457/1457 1466/1466/1466 1456/1456/1456
f 1467/1467/1467 1466/1466/1466 1457/1457/1457
f 1458/1458/1458 1467/1467/1467 1457/1457/1457
f 1468/1468/1468 1467/1467/1467 1458/1458/1458
f 1459/1459/1459 1468/1468/1468 1458/1458/1458
f 1469/1469/1469 1468/1468/1468 1459/1459/1459
f 1460/1460/1460 1469/1469/1469 1459/1459/1459
f 1470/1470/1470 1469/1469/1469 1460/1460/1460
f 1462/1462/1462 1471/1471/1471 1461/1461/1461
f 1472/1472/1472 1471/1471/1471 1462/1462/1462
f 1463/1463/1463 1472/1472/1472 1462/1462/1462
f 1473/1473/1473 1472/1472/1472 1463/1463/1463
f 1464/1464/1464 1473/1473/1473 1463/1463/1463
f 1474/1474/1474 1473/1473/1473 1464/1464/1464
f 1465/1465/1465 1474/1474/1474 1464/1464/1464
f 1475/1475/1475 1474/1474/1474 1465/1465/1465
f 1466/1466/1466 1475/1475/1475 1465/1465/1465
f 1476/1476/1476 1475/1475/1475 1466/1466/1466
f 1467/1467/1467 1476/1476/1476 1466/1466/1466
f 1477/1477/1477 1476/1476/1476 1467/1467/1467
f 1468/1468/1468 1477/1477/1477 1467/1467/1467
f 1478/1478/1478 1477/1477/1477 1468/1468/1468
f 1469/1469/1469 1478/1478/1478 1468/1468/1468
f 1479/1479/1479 1478/1478/1478 1469/1469/1469
f 1470/1470/1470 1479/1479/1479 1469/1469/1469
f 1480/1480/1480 1479/1479/1479 1470/1470/1470
f 1472/1472/1472 1481/1481/1481 1471/1471/1471
f 1482/1482/1482 1481/1481/1481 1472/1472/1472
f 1473/1473/1473 1482/1482/1482 1472/1472/1472
f 1483/1483/1483 1482/1482/1482 1473/1473/1473
f 1474/1474/1474 1483/1483/1483 1473/1473/1473
f 1484/1484/1484 1483/1483/1483 1474/1474/1474
f 1475/1475/1475 1484/1484/1484 1474/1474/1474
f 1485/1485/1485 1484/1484/1484 1475/1475/1475
f 1476/1476/1476 1485/1485/1485 1475/1475/1475
f 1486/1486/1486 1485/1485/1485 1476/1476/1476
f 1477/1477/1477 1486/1486/1486 1476/1476/1476
f 1487/1487/1487 1486/1486/1486 1477/1477/1477
f 1478/1478/1478 1487/1487/1487 1477/1477/1477
f 1488/1488/1488 1487/1487/1487 1478/1478/1478
f 1479/1479/1479 1488/1488/1488 1478/1478/1478
f 1489/1489/1489 1488/1488/1488 1479/1479/1479
f 1480/1480/1480 1489/1489/1489 1479/1479/1479
f 1490/1490/1490 1489/1489/1489 1480/1480/1480
f 1482/1482/1482 1491/1491/1491 1481/1481/1481
f 1492/1492/1492 1491/1491/1491 1482/1482/1482
f 1483/1483/1483 1492/1492/1492 1482/1482/1482
f 1493/1493/1493 1492/1492/1492 1483/1483/1483
f 1484/1484/1484 1493/1493/1493 1483/1483/1483
f 1494/1494/1494 1493/1493/1493 1484/1484/1484
f 1485/1485/1485 1494/1494/1494 1484/1484/1484
f 1495/1495/1495 1494/1494/1494 1485/1485/1485
f 1486/1486/1486 1495/1495/1495 1485/1485/1485
f 1496/1496/1496 1495/1495/1495 1486/1486/1486
f 1487/1487/1487 1496/1496/1496 1486/1486/1486
f 1497/1497/1497 1496/1496/1496 1487/1487/1487
f 1488/1488/1488 1497/1497/1497 1487/1487/1487
f 1498/1498/1498 1497/1497/1497 1488/1488/1488
f 1489/1489/1489 1498/1498/1498 1488/1488/1488
f 1499/1499/1499 1498/1498/1498 1489/1489/1489
f 1490/1490/1490 1499/1499/1499 1489/1489/1489
f 1500/1500/1500 1499/1499/1499 1490/1490/1490
f 1492/1492/1492 1501/1501/1501 1491/1491/1491
f 1502/1502/1502 1501/1501/1501 1492/1492/1492
f 1493/1493/1493 1502/1502/1502 1492/1492/1492
f 1503/1503/1503 1502/1502/1502 1493/1493/1493
f 1494/1494/1494 1503/1503/1503 1493/1493/1493
f 1504/1504/1504 1503/1503/1503 1494/1494/1494
f 1495/1495/1495 1504/1504/1504 1494/1494/1494
f 1505/1505/1505 1504/1504/1504 1495/1495/1495
f 1496/1496/1496 1505/1505/1505 1495/1495/1495
f 1506/1506/1506 1505/1505/1505 1496/1496/1496
f 1497/1497/1497 1506/1506/1506 1496/1496/1496
f 1507/1507/1507 1506/1506/1506 1497/1497/1497
f 1498/1498/1498 1507/1507/1507 1497/1497/1497
f 1508/1508/1508 1507/1507/1507 1498/1498/1498
f 1499/1499/1499 1508/1508/1508 1498/1498/1498
f 1509/1509/1509 1508/1508/1508 1499/1499/1499
f 1500/1500/1500 1509/1509/1509 1499/1499/1499
f 1510/1510/1510 1509/1509/1509 1500/1500/1500
f 1502/1502/1502 1511/1511/1511 1501/1501/1501
f 1512/1512/1512 1511/1511/1511 1502/1502/1502
f 1503/1503/1503 1512/1512/1512 1502/1502/1502
f 1513/1513/1513 1512/1512/1512 1503/1503/1503
f 1504/1504/1504 1513/1513/1513 1503/1503/1503
f 1514/1514/1514 1513/1513/1513 1504/1504/1504
f 1505/1505/1505 1514/1514/1514 1504/1504/1504
f 1515/1515/1515 1514/1514/1514 1505/1505/1505
f 1506/1506/1506 1515/1515/1515 1505/1505/1505
f 1516/1516/1516 1515/1515/1515 1506/1506/1506
f 1507/1507/1507 1516/1516/1516 1506/1506/1506
f 1517/1517/1517 1516/1516/1516 1507/1507/1507
f 1508/1508/1508 1517/1517/1517 1507/1507/1507
f 1518/1518/1518 1517/1517/1517 1508/1508/1508
f 1509/1509/1509 1518/1518/1518 1508/1508/1508
f 1519/1519/1519 1518/1518/1518 1509/1509/1509
f 1510/1510/1510 1519/1519/1519 1509/1509/1509
f 1520/1520/1520 1519/1519/1519 1510/1510/1510
f 1512/1512/1512 1521/1521/1521 1511/1511/1511
f 1522/1522/1522 1521/1521/1521 1512/1512/1512
f 1513/1513/1513 1522/1522/1522 1512/1512/1512
f 1523/1523/1523 1522/1522/1522 1513/1513/1513
f 1514/1514/1514 1523/1523/1523 1513/1513/1513
f 1524/1524/1524 1523/1523/1523 1514/1514/1514
f 1515/1515/1515 1524/1524/1524 1514/1514/1514
f 1525/1525/1525 1524/1524/1524 1515/1515/1515
f 1516/1516/1516 1525/1525/1525 1515/1515/1515
f 1526/1526/1526 1525/1525/1525 1516/1516/1516
f 1517/1517/1517 1526/1526/1526 1516/1516/1516
f 1527/1527/1527 1526/1526/1526 1517/1517/1517
f 1518/1518/1518 1527/1527/1527 1517/1517/1517
f 1528/1528/1528 1527/1527/1527 1518/1518/1518
f 1519/1519/1519 1528/1528/1528 1518/1518/1518
f 1529/1529/1529 1528/1528/1528 1519/1519/1519
f 1520/1520/1520 1529/1529/1529 1519/1519/1519
f 1530/1530/1530 1529/1529/1529 1520/1520/1520
f 1522/1522/1522 1531/1531/1531 1521/1521/1521
f 1532/1532/1532 1531/1531/1531 1522/1522/1522
f 1523/1523/1523 1532/1532/1532 1522/1522/1522
f 1533/1533/1533 1532/1532/1532 1523/1523/1523
f 1524/1524/1524 1533/1533/1533 1523/1523/1523
f 1534/1534/1534 1533/1533/1533 1524/1524/1524
f 1525/1525/1525 1534/1534/1534 1524/1524/1524
f 1535/1535/1535 1534/1534/1534 1525/1525/1525
f 1526/1526/1526 1535/1535/1535 1525/1525/1525
f 1536/1536/1536 1535/1535/1535 1526/1526/1526
f 1527/1527/1527 1536/1536/1536 1526/1526/1526
f 1537/1537/1537 1536/1536/1536 1527/1527/1527
f 1528/1528/1528 1537/1537/1537 1527/1527/1527
f 1538/1538/1538 1537/1537/1537 1528/1528/1528
f 1529/1529/1529 1538/1538/1538 1528/1528/1528
f 1539/1539/1539 1538/1538/1538 1529/1529/1529
f 1530/1530/1530 1539/1539/1539 1529/1529/1529
f 1540/1540/1540 1539/1539/1539 1530/1530/1530
f 1532/1532/1532 1541/1541/1541 1531/1531/1531
f 1542/1542/1542 1541/1541/1541 1532/1532/1532
f 1533/1533/1533 1542/1542/1542 1532/1532/1532
f 1543/1543/1543 1542/1542/1542 1533/1533/1533
f 1534/1534/1534 1543/1543/1543 1533/1533/1533
f 1544/1544/1544 1543/1543/1543 1534/1534/1534
f 1535/1535/1535 1544/1544/1544 1534/1534/1534
f 1545/1545/1545 1544/1544/1544 1535/1535/1535
f 1536/1536/1536 1545/1545/1545 1535/1535/1535
f 1546/1546/1546 1545/1545/1545 1536/1536/1536
f 1537/1537/1537 1546/1546/1546 1536/1536/1536
f 1547/1547/1547 1546/1546/1546 1537/1537/1537
f 1538/1538/1538 1547/1547/1547 1537/1537/1537
f 1548/1548/1548 1547/1547/1547 1538/1538/1538
f 1539/1539/1539 1548/1548/1548 1538/1538/1538
f 1549/1549/1549 1548/1548/1548 1539/1539/1539
f 1540/1540/1540 1549/1549/1549 1539/1539/1539
f 1550/1550/1550 1549/1549/1549 1540/1540/1540
f 1542/1542/1542 1551/1551/1551 1541/1541/1541
f 1552/1552/1552 1551/1551/1551 1542/1542/1542
f 1543/1543/1543 1552/1552/1552 1542/1542/1542
f 1553/1553/1553 1552/1552/1552 1543/1543/1543
f 1544/1544/1544 1553/1553/1553 1543/1543/1543
f 1554/1554/1554 1553/1553/1553 1544/1544/1544
f 1545/1545/1545 1554/1554/1554 1544/1544/1544
f 1555/1555/1555 1554/1554/1554 1545/1545/1545
f 1546/1546/1546 1555/1555/1555 1545/1545/1545
f 1556/1556/1556 1555/1555/1555 1546/1546/1546
f 1547/1547/1547 1556/1556/1556 1546/1546/1546
f 1557/1557/1557 1556/1556/1556 1547/1547/1547
f 1548/1548/1548 1557/1557/1557 1547/1547/1547
f 1558/1558/1558 1557/1557/1557 1548/1548/1548
f 1549/1549/1549 1558/1558/1558 1548/1548/1548
f 1559/1559/1559 1558/1558/1558 1549/1549/1549
f 1550/1550/1550 1559/1559/1559 1549/1549/1549
f 1560/1560/1560 1559/1559/1559 1550/1550/1550
f 1552/1552/1552 1561/1561/1561 1551/1551/1551
f 1562/1562/1562 1561/1561/1561 1552/1552/1552
f 1553/1553/1553 1562/1562/1562 1552/1552/1552
f 1563/1563/1563 1562/1562/1562 1553/1553/1553
f 1554/1554/1554 1563/1563/1563 1553/1553/1553
f 1564/1564/1564 1563/1563/1563 1554/1554/1554
f 1555/1555/1555 1564/1564/1564 1554/1554/1554
f 1565/1565/1565 1564/1564/1564 1555/1555/1555
f 1556/1556/1556 1565/1565/1565 1555/1555/1555
f 1566/1566/1566 1565/1565/1565 1556/1556/1556
f 1557/1557/1557 1566/1566/1566 1556/1556/1556
f 1567/1567/1567 1566/1566/1566 1557/1557/1557
f 1558/1558/1558 1567/1567/1567 1557/1557/1557
f 1568/1568/1568 1567/1567/1567 1558/1558/1558
f 1559/1559/1559 1568/1568/1568 1558/1558/1558
f 1569/1569/1569 1568/1568/1568 1559/1559/1559
f 1560/1560/1560 1569/1569/1569 1559/1559/1559
f 1570/1570/1570 1569/1569/1569 1560/1560/1560
f 1562/1562/1562 1571/1571/1571 1561/1561/1561
f 1572/1572/1572 1571/1571/1571 1562/1562/1562
f 1563/1563/1563 1572/1572/1572 1562/1562/1562
f 1573/1573/1573 1572/1572/1572 1563/1563/1563
f 1564/1564/1564 1573/1573/1573 1563/1563/1563
f 1574/1574/1574 1573/1573/1573 1564/1564/1564
f 1565/1565/1565 1574/1574/1574 1564/1564/1564
f 1575/1575/1575 1574/1574/1574 1565/1565/1565
f 1566/1566/1566 1575/1575/1575 1565/1565/1565
f 1576/1576/1576 1575/1575/1575 1566/1566/1566
f 1567/1567/1567 1576/1576/1576 1566/1566/1566
f 1577/1577/1577 1576/1576/1576 1567/1567/1567
f 1568/1568/1568 1577/1577/1577 1567/1567/1567
f 1578/1578/1578 1577/1577/1577 1568/1568/1568
f 1569/1569/1569 1578/1578/1578 1568/1568/1568
f 1579/1579/1579 1578/1578/1578 1569/1569/1569
f 1570/1570/1570 1579/1579/1579 1569/1569/1569
f 1580/1580/1580 1579/1579/1579 1570/1570/1570
f 1572/1572/1572 1581/1581/1581 1571/1571/1571
f 1582/1582/1582 1581/1581/1581 1572/1572/1572
f 1573/1573/1573 1582/1582/1582 1572/1572/1572
f 1583/1583/1583 1582/1582/1582 1573/1573/1573
f 1574/1574/1574 1583/1583/1583 1573/1573/1573
f 1584/1584/1584 1583/1583/1583 1574/1574/1574
f 1575/1575/1575 1584/1584/1584 1574/1574/1574
f 1585/1585/1585 1584/1584/1584 1575/1575/1575
f 1576/1576/1576 1585/1585/1585 1575/1575/1575
f 1586/1586/1586 1585/1585/1585 1576/1576/1576
f 1577/1577/1577 1586/1586/1586 1576/1576/1576
f 1587/1587/1587 1586/1586/1586 1577/1577/1577
f 1578/1578/1578 1587/1587/1587 1577/1577/1577
f 1588/1588/1588 1587/1587/1587 1578/1578/1578
f 1579/1579/1579 1588/1588/1588 1578/1578/1578
f 1589/1589/1589 1588/1588/1588 1579/1579/1579
f 1580/1580/1580 1589/1589/1589 1579/1579/1579
f 1590/1590/1590 1589/1589/1589 1580/1580/1580
f 1582/1582/1582 1591/1591/1591 1581/1581/1581
f 1592/1592/1592 1591/1591/1591 1582/1582/1582
f 1583/1583/1583 1592/1592/1592 1582/1582/1582
f 1593/1593/1593 1592/1592/1592 1583/1583/1583
f 1584/1584/1584 1593/1593/1593 1583/1583/1583
f 1594/1594/1594 1593/1593/1593 1584/1584/1584
f 1585/1585/1585 1594/1594/1594 1584/1584/1584
f 1595/1595/1595 1594/1594/1594 1585/1585/1585
f 1586/1586/1586 1595/1595/1595 1585/1585/1585
f 1596/1596/1596 1595/1595/1595 1586/1586/1586
f 1587/1587/1587 1596/1596/1596 1586/1586/1586
f 1597/1597/1597 1596/1596/1596 1587/1587/1587
f 1588/1588/1588 1597/1597/1597 1587/1587/1587
f 1598/1598/1598 1597/1597/1597 1588/1588/1588
f 1589/1589/1589 1598/1598/1598 1588/1588/1588
f 1599/1599/1599 1598/1598/1598 1589/1589/1589
f 1590/1590/1590 1599/1599/1599 1589/1589/1589
f 1600/1600/1600 1599/1599/1599 1590/1590/1590
f 1592/1592/1592 1601/1601/1601 1591/1591/1591
f 1602/1602/1602 1601/1601/1601 1592/1592/1592
f 1593/1593/1593 1602/1602/1602 1592/1592/1592
f 1603/1603/1603 1602/1602/1602 1593/1593/1593
f 1594/1594/1594 1603/1603/1603 1593/1593/1593
f 1604/1604/1604 1603/1603/1603 1594/1594/1594
f 1595/1595/1595 1604/1604/1604 1594/1594/1594
f 1605/1605/1605 1604/1604/1604 1595/1595/1595
f 1596/1596/1596 1605/1605/1605 1595/1595/1595
f 1606/1606/1606 1605/1605/1605 1596/1596/1596
f 1597/1597/1597 1606/1606/1606 1596/1596/1596
f 1607/1607/1607 1606/1606/1606 1597/1597/1597
f 1598/1598/1598 1607/1607/1607 1597/1597/1597
f 1608/1608/1608 1607/1607/1607 1598/1598/1598
f 1599/1599/1599 1608/1608/1608 1598/1598/1598
f 1609/1609/1609 1608/1608/1608 1599/1599/1599
f 1600/1600/1600 1609/1609/1609 1599/1599/1599
f 1610/1610/1610 1609/1609/1609 1600/1600/1600
f 1602/1602/1602 1611/1611/1611 1601/1601/1601
f 1612/1612/1612 1611/1611/1611 1602/1602/1602
f 1603/1603/1603 1612/1612/1612 1602/1602/1602
f 1613/1613/1613 1612/1612/1612 1603/1603/1603
f 1604/1604/1604 1613/1613/1613 1603/1603/1603
f 1614/1614/1614 1613/1613/1613 1604/1604/1604
f 1605/1605/1605 1614/1614/1614 1604/1604/1604
f 1615/1615/1615 1614/1614/1614 1605/1605/1605
f 1606/1606/1606 1615/1615/1615 1605/1605/1605
f 1616/1616/1616 1615/1615/1615 1606/1606/1606
f 1607/1607/1607 1616/1616/1616 1606/1606/1606
f 1617/1617/1617 1616/1616/1616 1607/1607/1607
f 1608/1608/1608 1617/1617/1617 1607/1607/1607
f 1618/1618/1618 1617/1617/1617 1608/1608/1608
f 1609/1609/1609 1618/1618/1618 1608/1608/1608
f 1619/1619/1619 1618/1618/1618 1609/1609/1609
f 1610/1610/1610 1619/1619/1619 1609/1609/1609
f 1620/1620/1620 1619/1619/1619 1610/1610/1610
f 1612/1612/1612 1621/1621/1621 1611/1611/1611
f 1622/1622/1622 1621/1621/1621 1612/1612/1612
f 1613/1613/1613 1622/1622/1622 1612/1612/1612
f 1623/1623/1623 1622/1622/1622 1613/1613/1613
f 1614/1614/1614 1623/1623/1623 1613/1613/1613
f 1624/1624/1624 1623/1623/1623 1614/1614/1614
f 1615/1615/1615 1624/1624/1624 1614/1614/1614
f 1625/1625/1625 1624/1624/1624 1615/1615/1615
f 1616/1616/1616 1625/1625/1625 1615/1615/1615
f 1626/1626/1626 1625/1625/1625 1616/1616/1616
f 1617/1617/1617 1626/1626/1626 1616/1616/1616
f 1627/1627/1627 1626/1626/1626 1617/1617/1617
f 1618/1618/1618 1627/1627/1627 1617/1617/1617
f 1628/1628/1628 1627/1627/1627 1618/1618/1618
f 1619/1619/1619 1628/1628/1628 1618/1618/1618
f 1629/1629/1629 1628/1628/1628 1619/1619/1619
f 1620/1620/1620 1629/1629/1629 1619/1619/1619
f 1630/1630/1630 1629/1629/1629 1620/1620/1620
f 1622/1622/1622 1631/1631/1631 1621/1621/1621
f 1632/1632/1632 1631/1631/1631 1622/1622/1622
f 1623/1623/1623 1632/1632/1632 1622/1622/1622
f 1633/1633/1633 1632/1632/1632 1623/1623/1623
f 1624/1624/1624 1633/1633/1633 1623/1623/1623
f 1634/1634/1634 1633/1633/1633 1624/1624/1624
f 1625/1625/1625 1634/1634/1634 1624/1624/1624
f 1635/1635/1635 1634/1634/1634 1625/1625/1625
f 1626/1626/1626 1635/1635/1635 1625/1625/1625
f 1636/1636/1636 1635/1635/1635 1626/1626/1626
f 1627/1627/1627 1636/1636/1636 1626/1626/1626
f 1637/1637/1637 1636/1636/1636 1627/1627/1627
f 1628/1628/1628 1637/1637/1637 1627/1627/1627
f 1638/1638/1638 1637/1637/1637 1628/1628/1628
f 1629/1629/1629 1638/1638/1638 1628/1628/1628
f 1639/1639/1639 1638/1638/1638 1629/1629/1629
f 1630/1630/1630 1639/1639/1639 1629/1629/1629
f 1640/1640/1640 1639/1639/1639 1630/1630/1630
f 1632/1632/1632 1641/1641/1641 1631/1631/1631
f 1642/1642/1642 1641/1641/1641 1632/1632/1632
f 1633/1633/1633 1642/1642/1642 1632/1632/1632
f 1643/1643/1643 1642/1642/1642 1633/1633/1633
f 1634/1634/1634 1643/1643/1643 1633/1633/1633
f 1644/1644/1644 1643/1643/1643 1634/1634/1634
f 1635/1635/1635 1644/1644/1644 1634/1634/1634
f 1645/1645/1645 1644/1644/1644 1635/1635/1635
f 1636/1636/1636 1645/1645/1645 1635/1635/1635
f 1646/1646/1646 1645/1645/1645 1636/1636/1636
f 1637/1637/1637 1646/1646/1646 1636/1636/1636
f 1647/1647/1647 1646/1646/1646 1637/1637/1637
f 1638/1638/1638 1647/1647/1647 1637/1637/1637
f 1648/1648/1648 1647/1647/1647 1638/1638/1638
f 1639/1639/1639 1648/1648/1648 1638/1638/1638
f 1649/1649/1649 1648/1648/1648 1639/1639/1639
f 1640/1640/1640 1649/1649/1649 1639/1639/1639
f 1650/1650/1650 1649/1649/1649 1640/1640/1640
f 1642/1642/1642 1651/1651/1651 1641/1641/1641
f 1652/1652/1652 1651/1651/1651 1642/1642/1642
f 1643/1643/1643 1652/1652/1652 1642/1642/1642
f 1653/1653/1653 1652/1652/1652 1643/1643/1643
f 1644/1644/1644 1653/1653/1653 1643/1643/1643
f 1654/1654/1654 1653/1653/1653 1644/1644/1644
f 1645/1645/1645 1654/1654/1654 1644/1644/1644
f 1655/1655/1655 1654/1654/1654 1645/1645/1645
f 1646/1646/1646 1655/1655/1655 1645/1645/1645
f 1656/1656/1656 1655/1655/1655 1646/1646/1646
f 1647/1647/1647 1656/1656/1656 1646/1646/1646
f 1657/1657/1657 1656/1656/1656 1647/1647/1647
f 1648/1648/1648 1657/1657/1657 1647/1647/1647
f 1658/1658/1658 1657/1657/1657 1648/1648/1648
f 1649/1649/1649 1658/1658/1658 1648/1648/1648
f 1659/1659/1659 1658/1658/1658 1649/1649/1649
f 1650/1650/1650 1659/1659/1659 1649/1649/1649
f 1660/1660/1660 1659/1659/1659 1650/1650/1650
f 1652/1652/1652 1661/1661/1661 1651/1651/1651
f 1662/1662/1662 1661/1661/1661 1652/1652/1652
f 1653/1653/1653 1662/1662/1662 1652/1652/1652
f 1663/1663/1663 1662/1662/1662 1653/1653/1653
f 1654/1654/1654 1663/1663/1663 1653/1653/1653
f 1664/1664/1664 1663/1663/1663 1654/1654/1654
f 1655/1655/1655 1664/1664/1664 1654/1654/1654
f 1665/1665/1665 1664/1664/1664 1655/1655/1655
f 1656/1656/1656 1665/1665/1665 1655/1655/1655
f 1666/1666/1666 1665/1665/1665 1656/1656/1656
f 1657/1657/1657 1666/1666/1666 1656/1656/1656
f 1667/1667/1667 1666/1666/1666 1657/1657/1657
f 1658/1658/1658 1667/1667/1667 1657/1657/1657
f 1668/1668/1668 1667/1667/1667 1658/1658/1658
f 1659/1659/1659 1668/1668/1668 1658/1658/1658
f 1669/1669/1669 1668/1668/1668 1659/1659/1659
f 1660/1660/1660 1669/1669/1669 1659/1659/1659
f 1670/1670/1670 1669/1669/1669 1660/1660/1660
f 1662/1662/1662 1671/1671/1671 1661/1661/1661
f 1672/1672/1672 1671/1671/1671 1662/1662/1662
f 1663/1663/1663 1672/1672/1672 1662/1662/1662
f 1673/1673/1673 1672/1672/1672 1663/1663/1663
f 1664/1664/1664 1673/1673/1673 1663/1663/1663
f 1674/1674/1674 1673/1673/1673 1664/1664/1664
f 1665/1665/1665 1674/1674/1674 1664/1664/1664
f 1675/1675/1675 1674/1674/1674 1665/1665/1665
f 1666/1666/1666 1675/1675/1675 1665/1665/1665
f 1676/1676/1676 1675/1675/1675 1666/1666/1666
f 1667/1667/1667 1676/1676/1676 1666/1666/1666
f 1677/1677/1677 1676/1676/1676 1667/1667/1667
f 1668/1668/1668 1677/1677/1677 1667/1667/1667
f 1678/1678/1678 1677/1677/1677 1668/1668/1668
f 1669/1669/1669 1678/1678/1678 1668/1668/1668
f 1679/1679/1679 1678/1678/1678 1669/1669/1669
f 1670/1670/1670 1679/1679/1679 1669/1669/1669
f 1680/1680/1680 1679/1679/1679 1670/1670/1670
f 1672/1672/1672 1681/1681/1681 1671/1671/1671
f 1682/1682/1682 1681/1681/1681 1672/1672/1672
f 1673/1673/1673 1682/1682/1682 1672/1672/1672
f 1683/1683/1683 1682/1682/1682 1673/1673/1673
f 1674/1674/1674 1683/1683/1683 1673/1673/1673
f 1684/1684/1684 1683/1683/1683 1674/1674/1674
f 1675/1675/1675 1684/1684/1684 1674/1674/1674
f 1685/1685/1685 1684/1684/1684 1675/1675/1675
f 1676/1676/1676 1685/1685/1685 1675/1675/1675
f 1686/1686/1686 1685/1685/1685 1676/1676/1676
f 1677/1677/1677 1686/1686/1686 1676/1676/1676
f 1687/1687/1687 1686/1686/1686 1677/1677/1677
f 1678/1678/1678 1687/1687/1687 1677/1677/1677
f 1688/1688/1688 1687/1687/1687 1678/1678/1678
f 1679/1679/1679 1688/1688/1688 1678/1678/1678
f 1689/1689/1689 1688/1688/1688 1679/1679/1679
f 1680/1680/1680 1689/1689/1689 1679/1679/1679
f 1690/1690/1690 1689/1689/1689 1680/1680/1680
f 1682/1682/1682 1691/1691/1691 1681/1681/1681
f 1692/1692/1692 1691/1691/1691 1682/1682/1682
f 1683/1683/1683 1692/1692/1692 1682/1682/1682
f 1693/1693/1693 1692/1692/1692 1683/1683/1683
f 1684/1684/1684 1693/1693/1693 1683/1683/1683
f 1694/1694/1694 1693/1693/1693 1684/1684/1684
f 1685/1685/1685 1694/1694/1694 1684/1684/1684
f 1695/1695/1695 1694/1694/1694 1685/1685/1685
f 1686/1686/1686 1695/1695/1695 1685/1685/1685
f 1696/1696/1696 1695/1695/1695 1686/1686/1686
f 1687/1687/1687 1696/1696/1696 1686/1686/1686
f 1697/1697/1697 1696/1696/1696 1687/1687/1687
f 1688/1688/1688 1697/1697/1697 1687/1687/1687
f 1698/1698/1698 1697/1697/1697 1688/1688/1688
f 1689/1689/1689 1698/1698/1698 1688/1688/1688
f 1699/1699/1699 1698/1698/1698 1689/1689/1689
f 1690/1690/1690 1699/1699/1699 1689/1689/1689
f 1700/1700/1700 1699/1699/1699 1690/1690/1690
f 1692/1692/1692 1701/1701/1701 1691/1691/1691
f 1702/1702/1702 1701/1701/1701 1692/1692/1692
f 1693/1693/1693 1702/1702/1702 1692/1692/1692
f 1703/1703/1703 1702/1702/1702 1693/1693/1693
f 1694/1694/1694 1703/1703/1703 1693/1693/1693
f 1704/1704/1704 1703/1703/1703 1694/1694/1694
f 1695/1695/1695 1704/1704/1704 1694/1694/1694
f 1705/1705/1705 1704/1704/1704 1695/1695/1695
f 1696/1696/1696 1705/1705/1705 1695/1695/1695
f 1706/1706/1706 1705/1705/1705 1696/1696/1696
f 1697/1697/1697 1706/1706/1706 1696/1696/1696
f 1707/1707/1707 1706/1706/1706 1697/1697/1697
f 1698/1698/1698 1707/1707/1707 1697/1697/1697
f 1708/1708/1708 1707/1707/1707 1698/1698/1698
f 1699/1699/1699 1708/1708/1708 1698/1698/1698
f 1709/1709/1709 1708/1708/1708 1699/1699/1699
f 1700/1700/1700 1709/1709/1709 1699/1699/1699
f 1710/1710/1710 1709/1709/1709 1700/1700/1700
f 1702/1702/1702 1711/1711/1711 1701/1701/1701
f 1712/1712/1712 1711/1711/1711 1702/1702/1702
f 1703/1703/1703 1712/1712/1712 1702/1702/1702
f 1713/1713/1713 1712/1712/1712 1703/1703/1703
f 1704/1704/1704 1713/1713/1713 1703/1703/1703
f 1714/1714/1714 1713/1713/1713 1704/1704/1704
f 1705/1705/1705 1714/1714/1714 1704/1704/1704
f 1715/1715/1715 1714/1714/1714 1705/1705/1705
f 1706/1706/1706 1715/1715/1715 1705/1705/1705
f 1716/1716/1716 1715/1715/1715 1706/1706/1706
f 1707/1707/1707 1716/1716/1716 1706/1706/1706
f 1717/1717/1717 1716/1716/1716 1707/1707/1707
f 1708/1708/1708 1717/1717/1717 1707/1707/1707
f 1718/1718/1718 1717/1717/1717 1708/1708/1708
f 1709/1709/1709 1718/1718/1718 1708/1708/1708
f 1719/1719/1719 1718/1718/1718 1709/1709/1709
f 1710/1710/1710 1719/1719/1719 1709/1709/1709
f 1720/1720/1720 1719/1719/1719 1710/1710/1710
f 1712/1712/1712 1721/1721/1721 1711/1711/1711
f 1722/1722/1722 1721/1721/1721 1712/1712/1712
f 1713/1713/1713 1722/1722/1722 1712/1712/1712
f 1723/1723/1723 1722/1722/1722 1713/1713/1713
f 1714/1714/1714 1723/1723/1723 1713/1713/1713
f 1724/1724/1724 1723/1723/1723 1714/1714/1714
f 1715/1715/1715 1724/1724/1724 1714/1714/1714
f 1725/1725/1725 1724/1724/1724 1715/1715/1715
f 1716/1716/1716 1725/1725/1725 1715/1715/1715
f 1726/1726/1726 1725/1725/1725 1716/1716/1716
f 1717/1717/1717 1726/1726/1726 1716/1716/1716
f 1727/1727/1727 1726/1726/1726 1717/1717/1717
f 1718/1718/1718 1727/1727/1727 1717/1717/1717
f 1728/1728/1728 1727/1727/1727 1718/1718/1718
f 1719/1719/1719 1728/1728/1728 1718/1718/1718
f 1729/1729/1729 1728/1728/1728 1719/1719/1719
f 1720/1720/1720 1729/1729/1729 1719/1719/1719
f 1730/1730/1730 1729/1729/1729 1720/1720/1720
f 1722/1722/1722 1731/1731/1731 1721/1721/1721
f 1732/1732/1732 1731/1731/1731 1722/1722/1722
f 1723/1723/1723 1732/1732/1732 1722/1722/1722
f 1733/1733/1733 1732/1732/1732 1723/1723/1723
f 1724/1724/1724 1733/1733/1733 1723/1723/1723
f 1734/1734/1734 1733/1733/1733 1724/1724/1724
f 1725/1725/1725 1734/1734/1734 1724/1724/1724
f 1735/1735/1735 1734/1734/1734 1725/1725/1725
f 1726/1726/1726 1735/1735/1735 1725/1725/1725
f 1736/1736/1736 1735/1735/1735 1726/1726/1726
f 1727/1727/1727 1736/1736/1736 1726/1726/1726
f 1737/1737/1737 1736/1736/1736 1727/1727/1727
f 1728/1728/1728 1737/1737/1737 1727/1727/1727
f 1738/1738/1738 1737/1737/1737 1728/1728/1728
f 1729/1729/1729 1738/1738/1738 1728/1728/1728
f 1739/1739/1739 1738/1738/1738 1729/1729/1729
f 1730/1730/1730 1739/1739/1739 1729/1729/1729
f 1740/1740/1740 1739/1739/1739 1730/1730/1730
f 1732/1732/1732 1741/1741/1741 1731/1731/1731
f 1742/1742/1742 1741/1741/1741 1732/1732/1732
f 1733/1733/1733 1742/1742/1742 1732/1732/1732
f 1743/1743/1743 1742/1742/1742 1733/1733/1733
f 1734/1734/1734 1743/1743/1743 1733/1733/1733
f 1744/1744/1744 1743/1743/1743 1734/1734/1734
f 1735/1735/1735 1744/1744/1744 1734/1734/1734
f 1745/1745/1745 1744/1744/1744 1735/1735/1735
f 1736/1736/1736 1745/1745/1745 1735/1735/1735
f 1746/1746/1746 1745/1745/1745 1736/1736/1736
f 1737/1737/1737 1746/1746/1746 1736/1736/1736
f 1747/1747/1747 1746/1746/1746 1737/1737/1737
f 1738/1738/1738 1747/1747/1747 1737/1737/1737
f 1748/1748/1748 1747/1747/1747 1738/1738/1738
f 1739/1739/1739 1748/1748/1748 1738/1738/1738
f 1749/1749/1749 1748/1748/1748 1739/1739/1739
f 1740/1740/1740 1749/1749/1749 1739/1739/1739
f 1750/1750/1750 1749/1749/1749 1740/1740/1740
f 1742/1742/1742 1751/1751/1751 1741/1741/1741
f 1752/1752/1752 1751/1751/1751 1742/1742/1742
f 1743/1743/1743 1752/1752/1752 1742/1742/1742
f 1753/1753/1753 1752/1752/1752 1743/1743/1743
f 1744/1744/1744 1753/1753/1753 1743/1743/1743
f 1754/1754/1754 1753/1753/1753 1744/1744/1744
f 1745/1745/1745 1754/1754/1754 1744/1744/1744
f 1755/1755/1755 1754/1754/1754 1745/1745/1745
f 1746/1746/1746 1755/1755/1755 1745/1745/1745
f 1756/1756/1756 1755/1755/1755 1746/1746/1746
f 1747/1747/1747 1756/1756/1756 1746/1746/1746
f 1757/1757/1757 1756/1756/1756 1747/1747/1747
f 1748/1748/1748 1757/1757/1757 1747/1747/1747
f 1758/1758/1758 1757/1757/1757 1748/1748/1748
f 1749/1749/1749 1758/1758/1758 1748/1748/1748
f 1759/1759/1759 1758/1758/1758 1749/1749/1749
f 1750/1750/1750 1759/1759/1759 1749/1749/1749
f 1760/1760/1760 1759/1759/1759 1750/1750/1750
f 1752/1752/1752 1761/1761/1761 1751/1751/1751
f 1762/1762/1762 1761/1761/1761 1752/1752/1752
f 1753/1753/1753 1762/1762/1762 1752/1752/1752
f 1763/1763/1763 1762/1762/1762 1753/1753/1753
f 1754/1754/1754 1763/1763/1763 1753/1753/1753
f 1764/1764/1764 1763/1763/1763 1754/1754/1754
f 1755/1755/1755 1764/1764/1764 1754/1754/1754
f 1765/1765/1765 1764/1764/1764 1755/1755/1755
f 1756/1756/1756 1765/1765/1765 1755/1755/1755
f 1766/1766/1766 1765/1765/1765 1756/1756/1756
f 1757/1757/1757 1766/1766/1766 1756/1756/1756
f 1767/1767/1767 1766/1766/1766 1757/1757/1757
f 1758/1758/1758 1767/1767/1767 1757/1757/1757
f 1768/1768/1768 1767/1767/1767 1758/1758/1758
f 1759/1759/1759 1768/1768/1768 1758/1758/1758
f 1769/1769/1769 1768/1768/1768 1759/1759/1759
f 1760/1760/1760 1769/1769/1769 1759/1759/1759
f 1770/1770/1770 1769/1769/1769 1760/1760/1760
f 1762/1762/1762 1771/1771/1771 1761/1761/1761
f 1772/1772/1772 1771/1771/1771 1762/1762/1762
f 1763/1763/1763 1772/1772/1772 1762/1762/1762
f 1773/1773/1773 1772/1772/1772 1763/1763/1763
f 1764/1764/1764 1773/1773/1773 1763/1763/1763
f 1774/1774/1774 1773/1773/1773 1764/1764/1764
f 1765/1765/1765 1774/1774/1774 1764/1764/1764
f 1775/1775/1775 1774/1774/1774 1765/1765/1765
f 1766/1766/1766 1775/1775/1775 1765/1765/1765
f 1776/1776/1776 1775/1775/1775 1766/1766/1766
f 1767/1767/1767 1776/1776/1776 1766/1766/1766
f 1777/1777/1777 1776/1776/1776 1767/1767/1767
f 1768/1768/1768 1777/1777/1777 1767/1767/1767
f 1778/1778/1778 1777/1777/1777 1768/1768/1768
f 1769/1769/1769 1778/1778/1778 1768/1768/1768
f 1779/1779/1779 1778/1778/1778 1769/1769/1769
f 1770/1770/1770 1779/1779/1779 1769/1769/1769
f 1780/1780/1780 1779/1779/1779 1770/1770/1770
f 1772/1772/1772 1781/1781/1781 1771/1771/1771
f 1782/1782/1782 1781/1781/1781 1772/1772/1772
f 1773/1773/1773 1782/1782/1782 1772/1772/1772
f 1783/1783/1783 1782/1782/1782 1773/1773/1773
f 1774/1774/1774 1783/1783/1783 1773/1773/1773
f 1784/1784/1784 1783/1783/1783 1774/1774/1774
f 1775/1775/1775 1784/1784/1784 1774/1774/1774
f 1785/1785/1785 1784/1784/1784 1775/1775/1775
f 1776/1776/1776 1785/1785/1785 1775/1775/1775
f 1786/1786/1786 1785/1785/1785 1776/1776/1776
f 1777/1777/1777 1786/1786/1786 1776/1776/1776
f 1787/1787/1787 1786/1786/1786 1777/1777/1777
f 1778/1778/1778 1787/1787/1787 1777/1777/1777
f 1788/1788/1788 1787/1787/1787 1778/1778/1778
f 1779/1779/1779 1788/1788/1788 1778/1778/1778
f 1789/1789/1789 1788/1788/1788 1779/1779/1779
f 1780/1780/1780 1789/1789/1789 1779/1779/1779
f 1790/1790/1790 1789/1789/1789 1780/1780/1780
f 1782/1782/1782 1791/1791/1791 1781/1781/1781
f 1792/1792/1792 1791/1791/1791 1782/1782/1782
f 1783/1783/1783 1792/1792/1792 1782/1782/1782
f 1793/1793/1793 1792/1792/1792 1783/1783/1783
f 1784/1784/1784 1793/1793/1793 1783/1783/1783
f 1794/1794/1794 1793/1793/1793 1784/1784/1784
f 1785/1785/1785 1794/1794/1794 1784/1784/1784
f 1795/1795/1795 1794/1794/1794 1785/1785/1785
f 1786/1786/1786 1795/1795/1795 1785/1785/1785
f 1796/1796/1796 1795/1795/1795 1786/1786/1786
f 1787/1787/1787 1796/1796/1796 1786/1786/1786
f 1797/1797/1797 1796/1796/1796 1787/1787/1787
f 1788/1788/1788 1797/1797/1797 1787/1787/1787
f 1798/1798/1798 1797/1797/1797 1788/1788/1788
f 1789/1789/1789 1798/1798/1798 1788/1788/1788
f 1799/1799/1799 1798/1798/1798 1789/1789/1789
f 1790/1790/1790 1799/1799/1799 1789/1789/1789
f 1800/1800/1800 1799/1799/1799 1790/1790/1790
f 1792/1792/1792 1801/1801/1801 1791/1791/1791
f 1802/1802/1802 1801/1801/1801 1792/1792/1792
f 1793/1793/1793 1802/1802/1802 1792/1792/1792
f 1803/1803/1803 1802/1802/1802 1793/1793/1793
f 1794/1794/1794 1803/1803/1803 1793/1793/1793
f 1804/1804/1804 1803/1803/1803 1794/1794/1794
f 1795/1795/1795 1804/1804/1804 1794/1794/1794
f 1805/1805/1805 1804/1804/1804 1795/1795/1795
f 1796/1796/1796 1805/1805/1805 1795/1795/1795
f 1806/1806/1806 1805/1805/1805 1796/1796/1796
f 1797/1797/1797 1806/1806/1806 1796/1796/1796
f 1807/1807/1807 1806/1806/1806 1797/1797/1797
f 1798/1798/1798 1807/1807/1807 1797/1797/1797
f 1808/1808/1808 1807/1807/1807 1798/1798/1798
f 1799/1799/1799 1808/1808/1808 1798/1798/1798
f 1809/1809/1809 1808/1808/1808 1799/1799/1799
f 1800/1800/1800 1809/1809/1809 1799/1799/1799
f 1810/1810/1810 1809/1809/1809 1800/1800/1800
f 1802/1802/1802 1811/1811/1811 1801/1801/1801
f 1812/1812/1812 1811/1811/1811 1802/1802/1802
f 1803/1803/1803 1812/1812/1812 1802/1802/1802
f 1813/1813/1813 1812/1812/1812 1803/1803/1803
f 1804/1804/1804 1813/1813/1813 1803/1803/1803
f 1814/1814/1814 1813/1813/1813 1804/1804/1804
f 1805/1805/1805 1814/1814/1814 1804/1804/1804
f 1815/1815/1815 1814/1814/1814 1805/1805/1805
f 1806/1806/1806 1815/1815/1815 1805/1805/1805
f 1816/1816/1816 1815/1815/1815 1806/1806/1806
f 1807/1807/1807 1816/1816/1816 1806/1806/1806
f 1817/1817/1817 1816/1816/1816 1807/1807/1807
f 1808/1808/1808 1817/1817/1817 1807/1807/1807
f 1818/1818/1818 1817/1817/1817 1808/1808/1808
f 1809/1809/1809 1818/1818/1818 1808/1808/1808
f 1819/1819/1819 1818/1818/1818 1809/1809/1809
f 1810/1810/1810 1819/1819/1819 1809/1809/1809
f 1820/1820/1820 1819/1819/1819 1810/1810/1810
f 1812/1812/1812 1821/1821/1821 1811/1811/1811
f 1822/1822/1822 1821/1821/1821 1812/1812/1812
f 1813/1813/1813 1822/1822/1822 1812/1812/1812
f 1823/1823/1823 1822/1822/1822 1813/1813/1813
f 1814/1814/1814 1823/1823/1823 1813/1813/1813
f 1824/1824/1824 1823/1823/1823 1814/1814/1814
f 1815/1815/1815 1824/1824/1824 1814/1814/1814
f 1825/1825/1825 1824/1824/1824 1815/1815/1815
f 1816/1816/1816 1825/1825/1825 1815/1815/1815
f 1826/1826/1826 1825/1825/1825 1816/1816/1816
f 1817/1817/1817 1826/1826/1826 1816/1816/1816
f 1827/1827/1827 1826/1826/1826 1817/1817/1817
f 1818/1818/1818 1827/1827/1827 1817/1817/1817
f 1828/1828/1828 1827/1827/1827 1818/1818/1818
f 1819/1819/1819 1828/1828/1828 1818/1818/1818
f 1829/1829/1829 1828/1828/1828 1819/1819/1819
f 1820/1820/1820 1829/1829/1829 1819/1819/1819
f 1830/1830/1830 1829/1829/1829 1820/1820/1820
f 1822/1822/1822 1831/1831/1831 1821/1821/1821
f 1832/1832/1832 1831/1831/1831 1822/1822/1822
f 1823/1823/1823 1832/1832/1832 1822/1822/1822
f 1833/1833/1833 1832/1832/1832 1823/1823/1823
f 1824/1824/1824 1833/1833/1833 1823/1823/1823
f 1834/1834/1834 1833/1833/1833 1824/1824/1824
f 1825/1825/1825 1834/1834/1834 1824/1824/1824
f 1835/1835/1835 1834/1834/1834 1825/1825/1825
f 1826/1826/1826 1835/1835/1835 1825/1825/1825
f 1836/1836/1836 1835/1835/1835 1826/1826/1826
f 1827/1827/1827 1836/1836/1836 1826/1826/1826
f 1837/1837/1837 1836/1836/1836 1827/1827/1827
f 1828/1828/1828 1837/1837/1837 1827/1827/1827
f 1838/1838/1838 1837/1837/1837 1828/1828/1828
f 1829/1829/1829 1838/1838/1838 1828/1828/1828
f 1839/1839/1839 1838/1838/1838 1829/1829/1829
f 1830/1830/1830 1839/1839/1839 1829/1829/1829
f 1840/1840/1840 1839/1839/1839 1830/1830/1830
f 1832/1832/1832 1841/1841/1841 1831/1831/1831
f 1842/1842/1842 1841/1841/1841 1832/1832/1832
f 1833/1833/1833 1842/1842/1842 1832/1832/1832
f 1843/1843/1843 1842/1842/1842 1833/1833/1833
f 1834/1834/1834 1843/1843/1843 1833/1833/1833
f 1844/1844/1844 1843/1843/1843 1834/1834/1834
f 1835/1835/1835 1844/1844/1844 1834/1834/1834
f 1845/1845/1845 1844/1844/1844 1835/1835/1835
f 1836/1836/1836 1845/1845/1845 1835/1835/1835
f 1846/1846/1846 1845/1845/1845 1836/1836/1836
f 1837/1837/1837 1846/1846/1846 1836/1836/1836
f 1847/1847/1847 1846/1846/1846 1837/1837/1837
f 1838/1838/1838 1847/1847/1847 1837/1837/1837
f 1848/1848/1848 1847/1847/1847 1838/1838/1838
f 1839/1839/1839 1848/1848/1848 1838/1838/1838
f 1849/1849/1849 1848/1848/1848 1839/1839/1839
f 1840/1840/1840 1849/1849/1849 1839/1839/1839
f 1850/1850/1850 1849/1849/1849 1840/1840/1840
f 1842/1842/1842 1851/1851/1851 1841/1841/1841
f 1852/1852/1852 1851/1851/1851 1842/1842/1842
f 1843/1843/1843 1852/1852/1852 1842/1842/1842
f 1853/1853/1853 1852/1852/1852 1843/1843/1843
f 1844/1844/1844 1853/1853/1853 1843/1843/1843
f 1854/1854/1854 1853/1853/1853 1844/1844/1844
f 1845/1845/1845 1854/1854/1854 1844/1844/1844
f 1855/1855/1855 1854/1854/1854 1845/1845/1845
f 1846/1846/1846 1855/1855/1855 1845/1845/1845
f 1856/1856/1856 1855/1855/1855 1846/1846/1846
f 1847/1847/1847 1856/1856/1856 1846/1846/1846
f 1857/1857/1857 1856/1856/1856 1847/1847/1847
f 1848/1848/1848 1857/1857/1857 1847/1847/1847
f 1858/1858/1858 1857/1857/1857 1848/1848/1848
f 1849/1849/1849 1858/1858/1858 1848/1848/1848
f 1859/1859/1859 1858/1858/1858 1849/1849/1849
f 1850/1850/1850 1859/1859/1859 1849/1849/1849
f 1860/1860/1860 1859/1859/1859 1850/1850/1850
f 1852/1852/1852 1861/1861/1861 1851/1851/1851
f 1862/1862/1862 1861/1861/1861 1852/1852/1852
f 1853/1853/1853 1862/1862/1862 1852/1852/1852
f 1863/1863/1863 1862/1862/1862 1853/1853/1853
f 1854/1854/1854 1863/1863/1863 1853/1853/1853
f 1864/1864/1864 1863/1863/1863 1854/1854/1854
f 1855/1855/1855 1864/1864/1864 1854/1854/1854
f 1865/1865/1865 1864/1864/1864 1855/1855/1855
f 1856/1856/1856 1865/1865/1865 1855/1855/1855
f 1866/1866/1866 1865/1865/1865 1856/1856/1856
f 1857/1857/1857 1866/1866/1866 1856/1856/1856
f 1867/1867/1867 1866/1866/1866 1857/1857/1857
f 1858/1858/1858 1867/1867/1867 1857/1857/1857
f 1868/1868/1868 1867/1867/1867 1858/1858/1858
f 1859/1859/1859 1868/1868/1868 1858/1858/1858
f 1869/1869/1869 1868/1868/1868 1859/1859/1859
f 1860/1860/1860 1869/1869/1869 1859/1859/1859
f 1870/1870/1870 1869/1869/1869 1860/1860/1860
f 1862/1862/1862 1871/1871/1871 1861/1861/1861
f 1872/1872/1872 1871/1871/1871 1862/1862/1862
f 1863/1863/1863 1872/1872/1872 1862/1862/1862
f 1873/1873/1873 1872/1872/1872 1863/1863/1863
f 1864/1864/1864 1873/1873/1873 1863/1863/1863
f 1874/1874/1874 1873/1873/1873 1864/1864/1864
f 1865/1865/1865 1874/1874/1874 1864/1864/1864
f 1875/1875/1875 1874/1874/1874 1865/1865/1865
f 1866/1866/1866 1875/1875/1875 1865/1865/1865
f 1876/1876/1876 1875/1875/1875 1866/1866/1866
f 1867/1867/1867 1876/1876/1876 1866/1866/1866
f 1877/1877/1877 1876/1876/1876 1867/1867/1867
f 1868/1868/1868 1877/1877/1877 1867/1867/1867
f 1878/1878/1878 1877/1877/1877 1868/1868/1868
f 1869/1869/1869 1878/1878/1878 1868/1868/1868
f 1879/1879/1879 1878/1878/1878 1869/1869/1869
f 1870/1870/1870 1879/1879/1879 1869/1869/1869
f 1880/1880/1880 1879/1879/1879 1870/1870/1870
f 1872/1872/1872 1881/1881/1881 1871/1871/1871
f 1882/1882/1882 1881/1881/1881 1872/1872/1872
f 1873/1873/1873 1882/1882/1882 1872/1872/1872
f 1883/1883/1883 1882/1882/1882 1873/1873/1873
f 1874/1874/1874 1883/1883/1883 1873/1873/1873
f 1884/1884/1884 1883/1883/1883 1874/1874/1874
f 1875/1875/1875 1884/1884/1884 1874/1874/1874
f 1885/1885/1885 1884/1884/1884 1875/1875/1875
f 1876/1876/1876 1885/1885/1885 1875/1875/1875
f 1886/1886/1886 1885/1885/1885 1876/1876/1876
f 1877/1877/1877 1886/1886/1886 1876/1876/1876
f 1887/1887/1887 1886/1886/1886 1877/1877/1877
f 1878/1878/1878 1887/1887/1887 1877/1877/1877
f 1888/1888/1888 1887/1887/1887 1878/1878/1878
f 1879/1879/1879 1888/1888/1888 1878/1878/1878
f 1889/1889/1889 1888/1888/1888 1879/1879/1879
f 1880/1880/1880 1889/1889/1889 1879/1879/1879
f 1890/1890/1890 1889/1889/1889 1880/1880/1880
f 1882/1882/1882 1891/1891/1891 1881/1881/1881
f 1892/1892/1892 1891/1891/1891 1882/1882/1882
f 1883/1883/1883 1892/1892/1892 1882/1882/1882
f 1893/1893/1893 1892/1892/1892 1883/1883/1883
f 1884/1884/1884 1893/1893/1893 1883/1883/1883
f 1894/1894/1894 1893/1893/1893 1884/1884/1884
f 1885/1885/1885 1894/1894/1894 1884/1884/1884
f 1895/1895/1895 1894/1894/1894 1885/1885/1885
f 1886/1886/1886 1895/1895/1895 1885/1885/1885
f 1896/1896/1896 1895/1895/1895 1886/1886/1886
f 1887/1887/1887 1896/1896/1896 1886/1886/1886
f 1897/1897/1897 1896/1896/1896 1887/1887/1887
f 1888/1888/1888 1897/1897/1897 1887/1887/1887
f 1898/1898/1898 1897/1897/1897 1888/1888/1888
f 1889/1889/1889 1898/1898/1898 1888/1888/1888
f 1899/1899/1899 1898/1898/1898 1889/1889/1889
f 1890/1890/1890 1899/1899/1899 1889/1889/1889
f 1900/1900/1900 1899/1899/1899 1890/1890/1890
f 1892/1892/1892 1901/1901/1901 1891/1891/1891
f 1902/1902/1902 1901/1901/1901 1892/1892/1892
f 1893/1893/1893 1902/1902/1902 1892/1892/1892
f 1903/1903/1903 1902/1902/1902 1893/1893/1893
f 1894/1894/1894 1903/1903/1903 1893/1893/1893
f 1904/1904/1904 1903/1903/1903 1894/1894/1894
f 1895/1895/1895 1904/1904/1904 1894/1894/1894
f 1905/1905/1905 1904/1904/1904 1895/1895/1895
f 1896/1896/1896 1905/1905/1905 1895/1895/1895
f 1906/1906/1906 1905/1905/1905 1896/1896/1896
f 1897/1897/1897 1906/1906/1906 1896/1896/1896
f 1907/1907/1907 1906/1906/1906 1897/1897/1897
f 1898/1898/1898 1907/1907/1907 1897/1897/1897
f 1908/1908/1908 1907/1907/1907 1898/1898/1898
f 1899/1899/1899 1908/1908/1908 1898/1898/1898
f 1909/1909/1909 1908/1908/1908 1899/1899/1899
f 1900/1900/1900 1909/1909/1909 1899/1899/1899
f 1910/1910/1910 1909/1909/1909 1900/1900/1900
f 1902/1902/1902 1911/1911/1911 1901/1901/1901
f 1912/1912/1912 1911/1911/1911 1902/1902/1902
f 1903/1903/1903 1912/1912/1912 1902/1902/1902
f 1913/1913/1913 1912/1912/1912 1903/1903/1903
f 1904/1904/1904 1913/1913/1913 1903/1903/1903
f 1914/1914/1914 1913/1913/1913 1904/1904/1904
f 1905/1905/1905 1914/1914/1914 1904/1904/1904
f 1915/1915/1915 1914/1914/1914 1905/1905/1905
f 1906/1906/1906 1915/1915/1915 1905/1905/1905
f 1916/1916/1916 1915/1915/1915 1906/1906/1906
f 1907/1907/1907 1916/1916/1916 1906/1906/1906
f 1917/1917/1917 1916/1916/1916 1907/1907/1907
f 1908/1908/1908 1917/1917/1917 1907/1907/1907
f 1918/1918/1918 1917/1917/1917 1908/1908/1908
f 1909/1909/1909 1918/1918/1918 1908/1908/1908
f 1919/1919/1919 1918/1918/1918 1909/1909/1909
f 1910/1910/1910 1919/1919/1919 1909/1909/1909
f 1920/1920/1920 1919/1919/1919 1910/1910/1910
f 1912/1912/1912 1921/1921/1921 1911/1911/1911
f 1922/1922/1922 1921/1921/1921 1912/1912/1912
f 1913/1913/1913 1922/1922/1922 1912/1912/1912
f 1923/1923/1923 1922/1922/1922 1913/1913/1913
f 1914/1914/1914 1923/1923/1923 1913/1913/1913
f 1924/1924/1924 1923/1923/1923 1914/1914/1914
f 1915/1915/1915 1924/1924/1924 1914/1914/1914
f 1925/1925/1925 1924/1924/1924 1915/1915/1915
f 1916/1916/1916 1925/1925/1925 1915/1915/1915
f 1926/1926/1926 1925/1925/1925 1916/1916/1916
f 1917/1917/1917 1926/1926/1926 1916/1916/1916
f 1927/1927/1927 1926/1926/1926 1917/1917/1917
f 1918/1918/1918 1927/1927/1927 1917/1917/1917
f 1928/1928/1928 1927/1927/1927 1918/1918/1918
f 1919/1919/1919 1928/1928/1928 1918/1918/1918
f 1929/1929/1929 1928/1928/1928 1919/1919/1919
f 1920/1920/1920 1929/1929/1929 1919/1919/1919
f 1930/1930/1930 1929/1929/1929 1920/1920/1920
f 1922/1922/1922 1931/1931/1931 1921/1921/1921
f 1932/1932/1932 1931/1931/1931 1922/1922/1922
f 1923/1923/1923 1932/1932/1932 1922/1922/1922
f 1933/1933/1933 1932/1932/1932 1923/1923/1923
f 1924/1924/1924 1933/1933/1933 1923/1923/1923
f 1934/1934/1934 1933/1933/1933 1924/1924/1924
f 1925/1925/1925 1934/1934/1934 1924/1924/1924
f 1935/1935/1935 1934/1934/1934 1925/1925/1925
f 1926/1926/1926 1935/1935/1935 1925/1925/1925
f 1936/1936/1936 1935/1935/1935 1926/1926/1926
f 1927/1927/1927 1936/1936/1936 1926/1926/1926
f 1937/1937/1937 1936/1936/1936 1927/1927/1927
f 1928/1928/1928 1937/1937/1937 1927/1927/1927
f 1938/1938/1938 1937/1937/1937 1928/1928/1928
f 1929/1929/1929 1938/1938/1938 1928/1928/1928
f 1939/1939/1939 1938/1938/1938 1929/1929/1929
f 1930/1930/1930 1939/1939/1939 1929/1929/1929
f 1940/1940/1940 1939/1939/1939 1930/1930/1930
f 1932/1932/1932 1941/1941/1941 1931/1931/1931
f 1942/1942/1942 1941/1941/1941 1932/1932/1932
f 1933/1933/1933 1942/1942/1942 1932/1932/1932
f 1943/1943/1943 1942/1942/1942 1933/1933/1933
f 1934/1934/1934 1943/1943/1943 1933/1933/1933
f 1944/1944/1944 1943/1943/1943 1934/1934/1934
f 1935/1935/1935 1944/1944/1944 1934/1934/1934
f 1945/1945/1945 1944/1944/1944 1935/1935/1935
f 1936/1936/1936 1945/1945/1945 1935/1935/1935
f 1946/1946/1946 1945/1945/1945 1936/1936/1936
f 1937/1937/1937 1946/1946/1946 1936/1936/1936
f 1947/1947/1947 1946/1946/1946 1937/1937/1937
f 1938/1938/1938 1947/1947/1947 1937/1937/1937
f 1948/1948/1948 1947/1947/1947 1938/1938/1938
f 1939/1939/1939 1948/1948/1948 1938/1938/1938
f 1949/1949/1949 1948/1948/1948 1939/1939/1939
f 1940/1940/1940 1949/1949/1949 1939/1939/1939
f 1950/1950/1950 1949/1949/1949 1940/1940/1940
f 1942/1942/1942 1951/1951/1951 1941/1941/1941
f 1952/1952/1952 1951/1951/1951 1942/1942/1942
f 1943/1943/1943 1952/1952/1952 1942/1942/1942
f 1953/1953/1953 1952/1952/1952 1943/1943/1943
f 1944/1944/1944 1953/1953/1953 1943/1943/1943
f 1954/1954/1954 1953/1953/1953 1944/1944/1944
f 1945/1945/1945 1954/1954/1954 1944/1944/1944
f 1955/1955/1955 1954/1954/1954 1945/1945/1945
f 1946/1946/1946 1955/1955/1955 1945/1945/1945
f 1956/1956/1956 1955/1955/1955 1946/1946/1946
f 1947/1947/1947 1956/1956/1956 1946/1946/1946
f 1957/1957/1957 1956/1956/1956 1947/1947/1947
f 1948/1948/1948 1957/1957/1957 1947/1947/1947
f 1958/1958/1958 1957/1957/1957 1948/1948/1948
f 1949/1949/1949 1958/1958/1958 1948/1948/1948
f 1959/1959/1959 1958/1958/1958 1949/1949/1949
f 1950/1950/1950 1959/1959/1959 1949/1949/1949
f 1960/1960/1960 1959/1959/1959 1950/1950/1950
f 1952/1952/1952 1961/1961/1961 1951/1951/1951
f 1962/1962/1962 1961/1961/1961 1952/1952/1952
f 1953/1953/1953 1962/1962/1962 1952/1952/1952
f 1963/1963/1963 1962/1962/1962 1953/1953/1953
f 1954/1954/1954 1963/1963/1963 1953/1953/1953
f 1964/1964/1964 1963/1963/1963 1954/1954/1954
f 1955/1955/1955 1964/1964/1964 1954/1954/1954
f 1965/1965/1965 1964/1964/1964 1955/1955/1955
f 1956/1956/1956 1965/1965/1965 1955/1955/1955
f 1966/1966/1966 1965/1965/1965 1956/1956/1956
f 1957/1957/1957 1966/1966/1966 1956/1956/1956
f 1967/1967/1967 1966/1966/1966 1957/1957/1957
f 1958/1958/1958 1967/1967/1967 1957/1957/1957
f 1968/1968/1968 1967/1967/1967 1958/1958/1958
f 1959/1959/1959 1968/1968/1968 1958/1958/1958
f 1969/1969/1969 1968/1968/1968 1959/1959/1959
f 1960/1960/1960 1969/1969/1969 1959/1959/1959
f 1970/1970/1970 1969/1969/1969 1960/1960/1960
f 1962/1962/1962 1971/1971/1971 1961/1961/1961
f 1972/1972/1972 1971/1971/1971 1962/1962/1962
f 1963/1963/1963 1972/1972/1972 1962/1962/1962
f 1973/1973/1973 1972/1972/1972 1963/1963/1963
f 1964/1964/1964 1973/1973/1973 1963/1963/1963
f 1974/1974/1974 1973/1973/1973 1964/1964/1964
f 1965/1965/1965 1974/1974/1974 1964/1964/1964
f 1975/1975/1975 1974/1974/1974 1965/1965/1965
f 1966/1966/1966 1975/1975/1975 1965/1965/1965
f 1976/1976/1976 1975/1975/1975 1966/1966/1966
f 1967/1967/1967 1976/1976/1976 1966/1966/1966
f 1977/1977/1977 1976/1976/1976 1967/1967/1967
f 1968/1968/1968 1977/1977/1977 1967/1967/1967
f 1978/1978/1978 1977/1977/1977 1968/1968/1968
f 1969/1969/1969 1978/1978/1978 1968/1968/1968
f 1979/1979/1979 1978/1978/1978 1969/1969/1969
f 1970/1970/1970 1979/1979/1979 1969/1969/1969
f 1980/1980/1980 1979/1979/1979 1970/1970/1970
f 1972/1972/1972 1981/1981/1981 1971/1971/1971
f 1982/1982/1982 1981/1981/1981 1972/1972/1972
f 1973/1973/1973 1982/1982/1982 1972/1972/1972
f 1983/1983/1983 1982/1982/1982 1973/1973/1973
f 1974/1974/1974 1983/1983/1983 1973/1973/1973
f 1984/1984/1984 1983/1983/1983 1974/1974/1974
f 1975/1975/1975 1984/1984/1984 1974/1974/1974
f 1985/1985/1985 1984/1984/1984 1975/1975/1975
f 1976/1976/1976 1985/1985/1985 1975/1975/1975
f 1986/1986/1986 1985/1985/1985 1976/1976/1976
f 1977/1977/1977 1986/1986/1986 1976/1976/1976
f 1987/1987/1987 1986/1986/1986 1977/1977/1977
f 1978/1978/1978 1987/1987/1987 1977/1977/1977
f 1988/1988/1988 1987/1987/1987 1978/1978/1978
f 1979/1979/1979 1988/1988/1988 1978/1978/1978
f 1989/1989/1989 1988/1988/1988 1979/1979/1979
f 1980/1980/1980 1989/1989/1989 1979/1979/1979
f 1990/1990/1990 1989/1989/1989 1980/1980/1980
f 1982/1982/1982 1991/1991/1991 1981/1981/1981
f 1992/1992/1992 1991/1991/1991 1982/1982/1982
f 1983/1983/1983 1992/1992/1992 1982/1982/1982
f 1993/1993/1993 1992/1992/1992 1983/1983/1983
f 1984/1984/1984 1993/1993/1993 1983/1983/1983
f 1994/1994/1994 1993/1993/1993 1984/1984/1984
f 1985/1985/1985 1994/1994/1994 1984/1984/1984
f 1995/1995/1995 1994/1994/1994 1985/1985/1985
f 1986/1986/1986 1995/1995/1995 1985/1985/1985
f 1996/1996/1996 1995/1995/1995 1986/1986/1986
f 1987/1987/1987 1996/1996/1996 1986/1986/1986
f 1997/1997/1997 1996/1996/1996 1987/1987/1987
f 1988/1988/1988 1997/1997/1997 1987/1987/1987
f 1998/1998/1998 1997/1997/1997 1988/1988/1988
f 1989/1989/1989 1998/1998/1998 1988/1988/1988
f 1999/1999/1999 1998/1998/1998 1989/1989/1989
f 1990/1990/1990 1999/1999/1999 1989/1989/1989
f 2000/2000/2000 1999/1999/1999 1990/1990/1990
f 1992/1992/1992 2001/2001/2001 1991/1991/1991
f 2002/2002/2002 2001/2001/2001 1992/1992/1992
f 1993/1993/1993 2002/2002/2002 1992/1992/1992
f 2003/2003/2003 2002/2002/2002 1993/1993/1993
f 1994/1994/1994 2003/2003/2003 1993/1993/1993
f 2004/2004/2004 2003/2003/2003 1994/1994/1994
f 1995/1995/1995 2004/2004/2004 1994/1994/1994
f 2005/2005/2005 2004/2004/2004 1995/1995/1995
f 1996/1996/1996 2005/2005/2005 1995/1995/1995
f 2006/2006/2006 2005/2005/2005 1996/1996/1996
f 1997/1997/1997 2006/2006/2006 1996/1996/1996
f 2007/2007/2007 2006/2006/2006 1997/1997/1997
f 1998/1998/1998 2007/2007/2007 1997/1997/1997
f 2008/2008/2008 2007/2007/2007 1998/1998/1998
f 1999/1999/1999 2008/2008/2008 1998/1998/1998
f 2009/2009/2009 2008/2008/2008 1999/1999/1999
f 2000/2000/2000 2009/2009/2009 1999/1999/1999
f 2010/2010/2010 2009/2009/2009 2000/2000/2000
f 2002/2002/2002 2011/2011/2011 2001/2001/2001
f 2012/2012/2012 2011/2011/2011 2002/2002/2002
f 2003/2003/2003 2012/2012/2012 2002/2002/2002
f 2013/2013/2013 2012/2012/2012 2003/2003/2003
f 2004/2004/2004 2013/2013/2013 2003/2003/2003
f 2014/2014/2014 2013/2013/2013 2004/2004/2004
f 2005/2005/2005 2014/2014/2014 2004/2004/2004
f 2015/2015/2015 2014/2014/2014 2005/2005/2005
f 2006/2006/2006 2015/2015/2015 2005/2005/2005
f 2016/2016/2016 2015/2015/2015 2006/2006/2006
f 2007/2007/2007 2016/2016/2016 2006/2006/2006
f 2017/2017/2017 2016/2016/2016 2007/2007/2007
f 2008/2008/2008 2017/2017/2017 2007/2007/2007
f 2018/2018/2018 2017/2017/2017 2008/2008/2008
f 2009/2009/2009 2018/2018/2018 2008/2008/2008
f 2019/2019/2019 2018/2018/2018 2009/2009/2009
f 2010/2010/2010 2019/2019/2019 2009/2009/2009
f 2020/2020/2020 2019/2019/2019 2010/2010/2010
f 2012/2012/2012 2021/2021/2021 2011/2011/2011
f 2022/2022/2022 2021/2021/2021 2012/2012/2012
f 2013/2013/2013 2022/2022/2022 2012/2012/2012
f 2023/2023/2023 2022/2022/2022 2013/2013/2013
f 2014/2014/2014 2023/2023/2023 2013/2013/2013
f 2024/2024/2024 2023/2023/2023 2014/2014/2014
f 2015/2015/2015 2024/2024/2024 2014/2014/2014
f 2025/2025/2025 2024/2024/2024 2015/2015/2015
f 2016/2016/2016 2025/2025/2025 2015/2015/2015
f 2026/2026/2026 2025/2025/2025 2016/2016/2016
f 2017/2017/2017 2026/2026/2026 2016/2016/2016
f 2027/2027/2027 2026/2026/2026 2017/2017/2017
f 2018/2018/2018 2027/2027/2027 2017/2017/2017
f 2028/2028/2028 2027/2027/2027 2018/2018/2018
f 2019/2019/2019 2028/2028/2028 2018/2018/2018
f 2029/2029/2029 2028/2028/2028 2019/2019/2019
f 2020/2020/2020 2029/2029/2029 2019/2019/2019
f 2030/2030/2030 2029/2029/2029 2020/2020/2020
f 2022/2022/2022 2031/2031/2031 2021/2021/2021
f 2032/2032/2032 2031/2031/2031 2022/2022/2022
f 2023/2023/2023 2032/2032/2032 2022/2022/2022
f 2033/2033/2033 2032/2032/2032 2023/2023/2023
f 2024/2024/2024 2033/2033/2033 2023/2023/2023
f 2034/2034/2034 2033/2033/2033 2024/2024/2024
f 2025/2025/2025 2034/2034/2034 2024/2024/2024
f 2035/2035/2035 2034/2034/2034 2025/2025/2025
f 2026/2026/2026 2035/2035/2035 2025/2025/2025
f 2036/2036/2036 2035/2035/2035 2026/2026/2026
f 2027/2027/2027 2036/2036/2036 2026/2026/2026
f 2037/2037/2037 2036/2036/2036 2027/2027/2027
f 2028/2028/2028 2037/2037/2037 2027/2027/2027
f 2038/2038/2038 2037/2037/2037 2028/2028/2028
f 2029/2029/2029 2038/2038/2038 2028/2028/2028
f 2039/2039/2039 2038/2038/2038 2029/2029/2029
f 2030/2030/2030 2039/2039/2039 2029/2029/2029
f 2040/2040/2040 2039/2039/2039 2030/2030/2030
f 2032/2032/2032 2041/2041/2041 2031/2031/2031
f 2042/2042/2042 2041/2041/2041 2032/2032/2032
f 2033/2033/2033 2042/2042/2042 2032/2032/2032
f 2043/2043/2043 2042/2042/2042 2033/2033/2033
f 2034/2034/2034 2043/2043/2043 2033/2033/2033
f 2044/2044/2044 2043/2043/2043 2034/2034/2034
f 2035/2035/2035 2044/2044/2044 2034/2034/2034
f 2045/2045/2045 2044/2044/2044 2035/2035/2035
f 2036/2036/2036 2045/2045/2045 2035/2035/2035
f 2046/2046/2046 2045/2045/2045 2036/2036/2036
f 2037/2037/2037 2046/2046/2046 2036/2036/2036
f 2047/2047/2047 2046/2046/2046 2037/2037/2037
f 2038/2038/2038 2047/2047/2047 2037/2037/2037
f 2048/2048/2048 2047/2047/2047 2038/2038/2038
f 2039/2039/2039 2048/2048/2048 2038/2038/2038
f 2049/2049/2049 2048/2048/2048 2039/2039/2039
f 2040/2040/2040 2049/2049/2049 2039/2039/2039
f 2050/2050/2050 2049/2049/2049 2040/2040/2040
f 2042/2042/2042 2051/2051/2051 2041/2041/2041
f 2052/2052/2052 2051/2051/2051 2042/2042/2042
f 2043/2043/2043 2052/2052/2052 2042/2042/2042
f 2053/2053/2053 2052/2052/2052 2043/2043/2043
f 2044/2044/2044 2053/2053/2053 2043/2043/2043
f 2054/2054/2054 2053/2053/2053 2044/2044/2044
f 2045/2045/2045 2054/2054/2054 2044/2044/2044
f 2055/2055/2055 2054/2054/2054 2045/2045/2045
f 2046/2046/2046 2055/2055/2055 2045/2045/2045
f 2056/2056/2056 2055/2055/2055 2046/2046/2046
f 2047/2047/2047 2056/2056/2056 2046/2046/2046
f 2057/2057/2057 2056/2056/2056 2047/2047/2047
f 2048/2048/2048 2057/2057/2057 2047/2047/2047
f 2058/2058/2058 2057/2057/2057 2048/2048/2048
f 2049/2049/2049 2058/2058/2058 2048/2048/2048
f 2059/2059/2059 2058/2058/2058 2049/2049/2049
f 2050/2050/2050 2059/2059/2059 2049/2049/2049
f 2060/2060/2060 2059/2059/2059 2050/2050/2050
f 2052/2052/2052 2061/2061/2061 2051/2051/2051
f 2062/2062/2062 2061/2061/2061 2052/2052/2052
f 2053/2053/2053 2062/2062/2062 2052/2052/2052
f 2063/2063/2063 2062/2062/2062 2053/2053/2053
f 2054/2054/2054 2063/2063/2063 2053/2053/2053
f 2064/2064/2064 2063/2063/2063 2054/2054/2054
f 2055/2055/2055 2064/2064/2064 2054/2054/2054
f 2065/2065/2065 2064/2064/2064 2055/2055/2055
f 2056/2056/2056 2065/2065/2065 2055/2055/2055
f 2066/2066/2066 2065/2065/2065 2056/2056/2056
f 2057/2057/2057 2066/2066/2066 2056/2056/2056
f 2067/2067/2067 2066/2066/2066 2057/2057/2057
f 2058/2058/2058 2067/2067/2067 2057/2057/2057
f 2068/2068/2068 2067/2067/2067 2058/2058/2058
f 2059/2059/2059 2068/2068/2068 2058/2058/2058
f 2069/2069/2069 2068/2068/2068 2059/2059/2059
f 2060/2060/2060 2069/2069/2069 2059/2059/2059
f 2070/2070/2070 2069/2069/2069 2060/2060/2060
f 2062/2062/2062 2071/2071/2071 2061/2061/2061
f 2072/2072/2072 2071/2071/2071 2062/2062/2062
f 2063/2063/2063 2072/2072/2072 2062/2062/2062
f 2073/2073/2073 2072/2072/2072 2063/2063/2063
f 2064/2064/2064 2073/2073/2073 2063/2063/2063
f 2074/2074/2074 2073/2073/2073 2064/2064/2064
f 2065/2065/2065 2074/2074/2074 2064/2064/2064
f 2075/2075/2075 2074/2074/2074 2065/2065/2065
f 2066/2066/2066 2075/2075/2075 2065/2065/2065
f 2076/2076/2076 2075/2075/2075 2066/2066/2066
f 2067/2067/2067 2076/2076/2076 2066/2066/2066
f 2077/2077/2077 2076/2076/2076 2067/2067/2067
f 2068/2068/2068 2077/2077/2077 2067/2067/2067
f 2078/2078/2078 2077/2077/2077 2068/2068/2068
f 2069/2069/2069 2078/2078/2078 2068/2068/2068
f 2079/2079/2079 2078/2078/2078 2069/2069/2069
f 2070/2070/2070 2079/2079/2079 2069/2069/2069
f 2080/2080/2080 2079/2079/2079 2070/2070/2070
f 2072/2072/2072 2081/2081/2081 2071/2071/2071
f 2082/2082/2082 2081/2081/2081 2072/2072/2072
f 2073/2073/2073 2082/2082/2082 2072/2072/2072
f 2083/2083/2083 2082/2082/2082 2073/2073/2073
f 2074/2074/2074 2083/2083/2083 2073/2073/2073
f 2084/2084/2084 2083/2083/2083 2074/2074/2074
f 2075/2075/2075 2084/2084/2084 2074/2074/2074
f 2085/2085/2085 2084/2084/2084 2075/2075/2075
f 2076/2076/2076 2085/2085/2085 2075/2075/2075
f 2086/2086/2086 2085/2085/2085 2076/2076/2076
f 2077/2077/2077 2086/2086/2086 2076/2076/2076
f 2087/2087/2087 2086/2086/2086 2077/2077/2077
f 2078/2078/2078 2087/2087/2087 2077/2077/2077
f 2088/2088/2088 2087/2087/2087 2078/2078/2078
f 2079/2079/2079 2088/2088/2088 2078/2078/2078
f 2089/2089/2089 2088/2088/2088 2079/2079/2079
f 2080/2080/2080 2089/2089/2089 2079/2079/2079
f 2090/2090/2090 2089/2089/2089 2080/2080/2080
f 2082/2082/2082 2091/2091/2091 2081/2081/2081
f 2092/2092/2092 2091/2091/2091 2082/2082/2082
f 2083/2083/2083 2092/2092/2092 2082/2082/2082
f 2093/2093/2093 2092/2092/2092 2083/2083/2083
f 2084/2084/2084 2093/2093/2093 2083/2083/2083
f 2094/2094/2094 2093/2093/2093 2084/2084/2084
f 2085/2085/2085 2094/2094/2094 2084/2084/2084
f 2095/2095/2095 2094/2094/2094 2085/2085/2085
f 2086/2086/2086 2095/2095/2095 2085/2085/2085
f 2096/2096/2096 2095/2095/2095 2086/2086/2086
f 2087/2087/2087 2096/2096/2096 2086/2086/2086
f 2097/2097/2097 2096/2096/2096 2087/2087/2087
f 2088/2088/2088 2097/2097/2097 2087/2087/2087
f 2098/2098/2098 2097/2097/2097 2088/2088/2088
f 2089/2089/2089 2098/2098/2098 2088/2088/2088
f 2099/2099/2099 2098/2098/2098 2089/2089/2089
f 2090/2090/2090 2099/2099/2099 2089/2089/2089
f 2100/2100/2100 2099/2099/2099 2090/2090/2090
f 2092/2092/2092 2101/2101/2101 2091/2091/2091
f 2102/2102/2102 2101/2101/2101 2092/2092/2092
f 2093/2093/2093 2102/2102/2102 2092/2092/2092
f 2103/2103/2103 2102/2102/2102 2093/2093/2093
f 2094/2094/2094 2103/2103/2103 2093/2093/2093
f 2104/2104/2104 2103/2103/2103 2094/2094/2094
f 2095/2095/2095 2104/2104/2104 2094/2094/2094
f 2105/2105/2105 2104/2104/2104 2095/2095/2095
f 2096/2096/2096 2105/2105/2105 2095/2095/2095
f 2106/2106/2106 2105/2105/2105 2096/2096/2096
f 2097/2097/2097 2106/2106/2106 2096/2096/2096
f 2107/2107/2107 2106/2106/2106 2097/2097/2097
f 2098/2098/2098 2107/2107/2107 2097/2097/2097
f 2108/2108/2108 2107/2107/2107 2098/2098/2098
f 2099/2099/2099 2108/2108/2108 2098/2098/2098
f 2109/2109/2109 2108/2108/2108 2099/2099/2099
f 2100/2100/2100 2109/2109/2109 2099/2099/2099
f 2110/2110/2110 2109/2109/2109 2100/2100/2100
f 2102/2102/2102 2111/2111/2111 2101/2101/2101
f 2112/2112/2112 2111/2111/2111 2102/2102/2102
f 2103/2103/2103 2112/2112/2112 2102/2102/2102
f 2113/2113/2113 2112/2112/2112 2103/2103/2103
f 2104/2104/2104 2113/2113/2113 2103/2103/2103
f 2114/2114/2114 2113/2113/2113 2104/2104/2104
f 2105/2105/2105 2114/2114/2114 2104/2104/2104
f 2115/2115/2115 2114/2114/2114 2105/2105/2105
f 2106/2106/2106 2115/2115/2115 2105/2105/2105
f 2116/2116/2116 2115/2115/2115 2106/2106/2106
f 2107/2107/2107 2116/2116/2116 2106/2106/2106
f 2117/2117/2117 2116/2116/2116 2107/2107/2107
f 2108/2108/2108 2117/2117/2117 2107/2107/2107
f 2118/2118/2118 2117/2117/2117 2108/2108/2108
f 2109/2109/2109 2118/2118/2118 2108/2108/2108
f 2119/2119/2119 2118/2118/2118 2109/2109/2109
f 2110/2110/2110 2119/2119/2119 2109/2109/2109
f 2120/2120/2120 2119/2119/2119 2110/2110/2110
f 2112/2112/2112 2121/2121/2121 2111/2111/2111
f 2122/2122/2122 2121/2121/2121 2112/2112/2112
f 2113/2113/2113 2122/2122/2122 2112/2112/2112
f 2123/2123/2123 2122/2122/2122 2113/2113/2113
f 2114/2114/2114 2123/2123/2123 2113/2113/2113
f 2124/2124/2124 2123/2123/2123 2114/2114/2114
f 2115/2115/2115 2124/2124/2124 2114/2114/2114
f 2125/2125/2125 2124/2124/2124 2115/2115/2115
f 2116/2116/2116 2125/2125/2125 2115/2115/2115
f 2126/2126/2126 2125/2125/2125 2116/2116/2116
f 2117/2117/2117 2126/2126/2126 2116/2116/2116
f 2127/2127/2127 2126/2126/2126 2117/2117/2117
f 2118/2118/2118 2127/2127/2127 2117/2117/2117
f 2128/2128/2128 2127/2127/2127 2118/2118/2118
f 2119/2119/2119 2128/2128/2128 2118/2118/2118
f 2129/2129/2129 2128/2128/2128 2119/2119/2119
f 2120/2120/2120 2129/2129/2129 2119/2119/2119
f 2130/2130/2130 2129/2129/2129 2120/2120/2120
f 2122/2122/2122 2131/2131/2131 2121/2121/2121
f 2132/2132/2132 2131/2131/2131 2122/2122/2122
f 2123/2123/2123 2132/2132/2132 2122/2122/2122
f 2133/2133/2133 2132/2132/2132 2123/2123/2123
f 2124/2124/2124 2133/2133/2133 2123/2123/2123
f 2134/2134/2134 2133/2133/2133 2124/2124/2124
f 2125/2125/2125 2134/2134/2134 2124/2124/2124
f 2135/2135/2135 2134/2134/2134 2125/2125/2125
f 2126/2126/2126 2135/2135/2135 2125/2125/2125
f 2136/2136/2136 2135/2135/2135 2126/2126/2126
f 2127/2127/2127 2136/2136/2136 2126/2126/2126
f 2137/2137/2137 2136/2136/2136 2127/2127/2127
f 2128/2128/2128 2137/2137/2137 2127/2127/2127
f 2138/2138/2138 2137/2137/2137 2128/2128/2128
f 2129/2129/2129 2138/2138/2138 2128/2128/2128
f 2139/2139/2139 2138/2138/2138 2129/2129/2129
f 2130/2130/2130 2139/2139/2139 2129/2129/2129
f 2140/2140/2140 2139/2139/2139 2130/2130/2130
f 2132/2132/2132 2141/2141/2141 2131/2131/2131
f 2142/2142/2142 2141/2141/2141 2132/2132/2132
f 2133/2133/2133 2142/2142/2142 2132/2132/2132
f 2143/2143/2143 2142/2142/2142 2133/2133/2133
f 2134/2134/2134 2143/2143/2143 2133/2133/2133
f 2144/2144/2144 2143/2143/2143 2134/2134/2134
f 2135/2135/2135 2144/2144/2144 2134/2134/2134
f 2145/2145/2145 2144/2144/2144 2135/2135/2135
f 2136/2136/2136 2145/2145/2145 2135/2135/2135
f 2146/2146/2146 2145/2145/2145 2136/2136/2136
f 2137/2137/2137 2146/2146/2146 2136/2136/2136
f 2147/2147/2147 2146/2146/2146 2137/2137/2137
f 2138/2138/2138 2147/2147/2147 2137/2137/2137
f 2148/2148/2148 2147/2147/2147 2138/2138/2138
f 2139/2139/2139 2148/2148/2148 2138/2138/2138
f 2149/2149/2149 2148/2148/2148 2139/2139/2139
f 2140/2140/2140 2149/2149/2149 2139/2139/2139
f 2150/2150/2150 2149/2149/2149 2140/2140/2140
f 2142/2142/2142 2151/2151/2151 2141/2141/2141
f 2152/2152/2152 2151/2151/2151 2142/2142/2142
f 2143/2143/2143 2152/2152/2152 2142/2142/2142
f 2153/2153/2153 2152/2152/2152 2143/2143/2143
f 2144/2144/2144 2153/2153/2153 2143/2143/2143
f 2154/2154/2154 2153/2153/2153 2144/2144/2144
f 2145/2145/2145 2154/2154/2154 2144/2144/2144
f 2155/2155/2155 2154/2154/2154 2145/2145/2145
f 2146/2146/2146 2155/2155/2155 2145/2145/2145
f 2156/2156/2156 2155/2155/2155 2146/2146/2146
f 2147/2147/2147 2156/2156/2156 2146/2146/2146
f 2157/2157/2157 2156/2156/2156 2147/2147/2147
f 2148/2148/2148 2157/2157/2157 2147/2147/2147
f 2158/2158/2158 2157/2157/2157 2148/2148/2148
f 2149/2149/2149 2158/2158/2158 2148/2148/2148
f 2159/2159/2159 2158/2158/2158 2149/2149/2149
f 2150/2150/2150 2159/2159/2159 2149/2149/2149
f 2160/2160/2160 2159/2159/2159 2150/2150/2150
f 2152/2152/2152 2161/2161/2161 2151/2151/2151
f 2162/2162/2162 2161/2161/2161 2152/2152/2152
f 2153/2153/2153 2162/2162/2162 2152/2152/2152
f 2163/2163/2163 2162/2162/2162 2153/2153/2153
f 2154/2154/2154 2163/2163/2163 2153/2153/2153
f 2164/2164/2164 2163/2163/2163 2154/2154/2154
f 2155/2155/2155 2164/2164/2164 2154/2154/2154
f 2165/2165/2165 2164/2164/2164 2155/2155/2155
f 2156/2156/2156 2165/2165/2165 2155/2155/2155
f 2166/2166/2166 2165/2165/2165 2156/2156/2156
f 2157/2157/2157 2166/2166/2166 2156/2156/2156
f 2167/2167/2167 2166/2166/2166 2157/2157/2157
f 2158/2158/2158 2167/2167/2167 2157/2157/2157
f 2168/2168/2168 2167/2167/2167 2158/2158/2158
f 2159/2159/2159 2168/2168/2168 2158/2158/2158
f 2169/2169/2169 2168/2168/2168 2159/2159/2159
f 2160/2160/2160 2169/2169/2169 2159/2159/2159
f 2170/2170/2170 2169/2169/2169 2160/2160/2160
f 2162/2162/2162 2171/2171/2171 2161/2161/2161
f 2172/2172/2172 2171/2171/2171 2162/2162/2162
f 2163/2163/2163 2172/2172/2172 2162/2162/2162
f 2173/2173/2173 2172/2172/2172 2163/2163/2163
f 2164/2164/2164 2173/2173/2173 2163/2163/2163
f 2174/2174/2174 2173/2173/2173 2164/2164/2164
f 2165/2165/2165 2174/2174/2174 2164/2164/2164
f 2175/2175/2175 2174/2174/2174 2165/2165/2165
f 2166/2166/2166 2175/2175/2175 2165/2165/2165
f 2176/2176/2176 2175/2175/2175 2166/2166/2166
f 2167/2167/2167 2176/2176/2176 2166/2166/2166
f 2177/2177/2177 2176/2176/2176 2167/2167/2167
f 2168/2168/2168 2177/2177/2177 2167/2167/2167
f 2178/2178/2178 2177/2177/2177 2168/2168/2168
f 2169/2169/2169 2178/2178/2178 2168/2168/2168
f 2179/2179/2179 2178/2178/2178 2169/2169/2169
f 2170/2170/2170 2179/2179/2179 2169/2169/2169
f 2180/2180/2180 2179/2179/2179 2170/2170/2170
f 2172/2172/2172 2181/2181/2181 2171/2171/2171
f 2182/2182/2182 2181/2181/2181 2172/2172/2172
f 2173/2173/2173 2182/2182/2182 2172/2172/2172
f 2183/2183/2183 2182/2182/2182 2173/2173/2173
f 2174/2174/2174 2183/2183/2183 2173/2173/2173
f 2184/2184/2184 2183/2183/2183 2174/2174/2174
f 2175/2175/2175 2184/2184/2184 2174/2174/2174
f 2185/2185/2185 2184/2184/2184 2175/2175/2175
f 2176/2176/2176 2185/2185/2185 2175/2175/2175
f 2186/2186/2186 2185/2185/2185 2176/2176/2176
f 2177/2177/2177 2186/2186/2186 2176/2176/2176
f 2187/2187/2187 2186/2186/2186 2177/2177/2177
f 2178/2178/2178 2187/2187/2187 2177/2177/2177
f 2188/2188/2188 2187/2187/2187 2178/2178/2178
f 2179/2179/2179 2188/2188/2188 2178/2178/2178
f 2189/2189/2189 2188/2188/2188 2179/2179/2179
f 2180/2180/2180 2189/2189/2189 2179/2179/2179
f 2190/2190/2190 2189/2189/2189 2180/2180/2180
f 2182/2182/2182 2191/2191/2191 2181/2181/2181
f 2192/2192/2192 2191/2191/2191 2182/2182/2182
f 2183/2183/2183 2192/2192/2192 2182/2182/2182
f 2193/2193/2193 2192/2192/2192 2183/2183/2183
f 2184/2184/2184 2193/2193/2193 2183/2183/2183
f 2194/2194/2194 2193/2193/2193 2184/2184/2184
f 2185/2185/2185 2194/2194/2194 2184/2184/2184
f 2195/2195/2195 2194/2194/2194 2185/2185/2185
f 2186/2186/2186 2195/2195/2195 2185/2185/2185
f 2196/2196/2196 2195/2195/2195 2186/2186/2186
f 2187/2187/2187 2196/2196/2196 2186/2186/2186
f 2197/2197/2197 2196/2196/2196 2187/2187/2187
f 2188/2188/2188 2197/2197/2197 2187/2187/2187
f 2198/2198/2198 2197/2197/2197 2188/2188/2188
f 2189/2189/2189 2198/2198/2198 2188/2188/2188
f 2199/2199/2199 2198/2198/2198 2189/2189/2189
f 2190/2190/2190 2199/2199/2199 2189/2189/2189
f 2200/2200/2200 2199/2199/2199 2190/2190/2190
f 2192/2192/2192 2201/2201/2201 2191/2191/2191
f 2202/2202/2202 2201/2201/2201 2192/2192/2192
f 2193/2193/2193 2202/2202/2202 2192/2192/2192
f 2203/2203/2203 2202/2202/2202 2193/2193/2193
f 2194/2194/2194 2203/2203/2203 2193/2193/2193
f 2204/2204/2204 2203/2203/2203 2194/2194/2194
f 2195/2195/2195 2204/2204/2204 2194/2194/2194
f 2205/2205/2205 2204/2204/2204 2195/2195/2195
f 2196/2196/2196 2205/2205/2205 2195/2195/2195
f 2206/2206/2206 2205/2205/2205 2196/2196/2196
f 2197/2197/2197 2206/2206/2206 2196/2196/2196
f 2207/2207/2207 2206/2206/2206 2197/2197/2197
f 2198/2198/2198 2207/2207/2207 2197/2197/2197
f 2208/2208/2208 2207/2207/2207 2198/2198/2198
f 2199/2199/2199 2208/2208/2208 2198/2198/2198
f 2209/2209/2209 2208/2208/2208 2199/2199/2199
f 2200/2200/2200 2209/2209/2209 2199/2199/2199
f 2210/2210/2210 2209/2209/2209 2200/2200/2200
f 2202/2202/2202 2211/2211/2211 2201/2201/2201
f 2212/2212/2212 2211/2211/2211 2202/2202/2202
f 2203/2203/2203 2212/2212/2212 2202/2202/2202
f 2213/2213/2213 2212/2212/2212 2203/2203/2203
f 2204/2204/2204 2213/2213/2213 2203/2203/2203
f 2214/2214/2214 2213/2213/2213 2204/2204/2204
f 2205/2205/2205 2214/2214/2214 2204/2204/2204
f 2215/2215/2215 2214/2214/2214 2205/2205/2205
f 2206/2206/2206 2215/2215/2215 2205/2205/2205
f 2216/2216/2216 2215/2215/2215 2206/2206/2206
f 2207/2207/2207 2216/2216/2216 2206/2206/2206
f 2217/2217/2217 2216/2216/2216 2207/2207/2207
f 2208/2208/2208 2217/2217/2217 2207/2207/2207
f 2218/2218/2218 2217/2217/2217 2208/2208/2208
f 2209/2209/2209 2218/2218/2218 2208/2208/2208
f 2219/2219/2219 2218/2218/2218 2209/2209/2209
f 2210/2210/2210 2219/2219/2219 2209/2209/2209
f 2220/2220/2220 2219/2219/2219 2210/2210/2210
f 2212/2212/2212 2221/2221/2221 2211/2211/2211
f 2222/2222/2222 2221/2221/2221 2212/2212/2212
f 2213/2213/2213 2222/2222/2222 2212/2212/2212
f 2223/2223/2223 2222/2222/2222 2213/2213/2213
f 2214/2214/2214 2223/2223/2223 2213/2213/2213
f 2224/2224/2224 2223/2223/2223 2214/2214/2214
f 2215/2215/2215 2224/2224/2224 2214/2214/2214
f 2225/2225/2225 2224/2224/2224 2215/2215/2215
f 2216/2216/2216 2225/2225/2225 2215/2215/2215
f 2226/2226/2226 2225/2225/2225 2216/2216/2216
f 2217/2217/2217 2226/2226/2226 2216/2216/2216
f 2227/2227/2227 2226/2226/2226 2217/2217/2217
f 2218/2218/2218 2227/2227/2227 2217/2217/2217
f 2228/2228/2228 2227/2227/2227 2218/2218/2218
f 2219/2219/2219 2228/2228/2228 2218/2218/2218
f 2229/2229/2229 2228/2228/2228 2219/2219/2219
f 2220/2220/2220 2229/2229/2229 2219/2219/2219
f 2230/2230/2230 2229/2229/2229 2220/2220/2220
f 2222/2222/2222 2231/2231/2231 2221/2221/2221
f 2232/2232/2232 2231/2231/2231 2222/2222/2222
f 2223/2223/2223 2232/2232/2232 2222/2222/2222
f 2233/2233/2233 2232/2232/2232 2223/2223/2223
f 2224/2224/2224 2233/2233/2233 2223/2223/2223
f 2234/2234/2234 2233/2233/2233 2224/2224/2224
f 2225/2225/2225 2234/2234/2234 2224/2224/2224
f 2235/2235/2235 2234/2234/2234 2225/2225/2225
f 2226/2226/2226 2235/2235/2235 2225/2225/2225
f 2236/2236/2236 2235/2235/2235 2226/2226/2226
f 2227/2227/2227 2236/2236/2236 2226/2226/2226
f 2237/2237/2237 2236/2236/2236 2227/2227/2227
f 2228/2228/2228 2237/2237/2237 2227/2227/2227
f 2238/2238/2238 2237/2237/2237 2228/2228/2228
f 2229/2229/2229 2238/2238/2238 2228/2228/2228
f 2239/2239/2239 2238/2238/2238 2229/2229/2229
f 2230/2230/2230 2239/2239/2239 2229/2229/2229
f 2240/2240/2240 2239/2239/2239 2230/2230/2230
f 2232/2232/2232 2241/2241/2241 2231/2231/2231
f 2242/2242/2242 2241/2241/2241 2232/2232/2232
f 2233/2233/2233 2242/2242/2242 2232/2232/2232
f 2243/2243/2243 2242/2242/2242 2233/2233/2233
f 2234/2234/2234 2243/2243/2243 2233/2233/2233
f 2244/2244/2244 2243/2243/2243 2234/2234/2234
f 2235/2235/2235 2244/2244/2244 2234/2234/2234
f 2245/2245/2245 2244/2244/2244 2235/2235/2235
f 2236/2236/2236 2245/2245/2245 2235/2235/2235
f 2246/2246/2246 2245/2245/2245 2236/2236/2236
f 2237/2237/2237 2246/2246/2246 2236/2236/2236
f 2247/2247/2247 2246/2246/2246 2237/2237/2237
f 2238/2238/2238 2247/2247/2247 2237/2237/2237
f 2248/2248/2248 2247/2247/2247 2238/2238/2238
f 2239/2239/2239 2248/2248/2248 2238/2238/2238
f 2249/2249/2249 2248/2248/2248 2239/2239/2239
f 2240/2240/2240 2249/2249/2249 2239/2239/2239
f 2250/2250/2250 2249/2249/2249 2240/2240/2240
f 2242/2242/2242 2251/2251/2251 2241/2241/2241
f 2252/2252/2252 2251/2251/2251 2242/2242/2242
f 2243/2243/2243 2252/2252/2252 2242/2242/2242
f 2253/2253/2253 2252/2252/2252 2243/2243/2243
f 2244/2244/2244 2253/2253/2253 2243/2243/2243
f 2254/2254/2254 2253/2253/2253 2244/2244/2244
f 2245/2245/2245 2254/2254/2254 2244/2244/2244
f 2255/2255/2255 2254/2254/2254 2245/2245/2245
f 2246/2246/2246 2255/2255/2255 2245/2245/2245
f 2256/2256/2256 2255/2255/2255 2246/2246/2246
f 2247/2247/2247 2256/2256/2256 2246/2246/2246
f 2257/2257/2257 2256/2256/2256 2247/2247/2247
f 2248/2248/2248 2257/2257/2257 2247/2247/2247
f 2258/2258/2258 2257/2257/2257 2248/2248/2248
f 2249/2249/2249 2258/2258/2258 2248/2248/2248
f 2259/2259/2259 2258/2258/2258 2249/2249/2249
f 2250/2250/2250 2259/2259/2259 2249/2249/2249
f 2260/2260/2260 2259/2259/2259 2250/2250/2250
f 2252/2252/2252 2261/2261/2261 2251/2251/2251
f 2262/2262/2262 2261/2261/2261 2252/2252/2252
f 2253/2253/2253 2262/2262/2262 2252/2252/2252
f 2263/2263/2263 2262/2262/2262 2253/2253/2253
f 2254/2254/2254 2263/2263/2263 2253/2253/2253
f 2264/2264/2264 2263/2263/2263 2254/2254/2254
f 2255/2255/2255 2264/2264/2264 2254/2254/2254
f 2265/2265/2265 2264/2264/2264 2255/2255/2255
f 2256/2256/2256 2265/2265/2265 2255/2255/2255
f 2266/2266/2266 2265/2265/2265 2256/2256/2256
f 2257/2257/2257 2266/2266/2266 2256/2256/2256
f 2267/2267/2267 2266/2266/2266 2257/2257/2257
f 2258/2258/2258 2267/2267/2267 2257/2257/2257
f 2268/2268/2268 2267/2267/2267 2258/2258/2258
f 2259/2259/2259 2268/2268/2268 2258/2258/2258
f 2269/2269/2269 2268/2268/2268 2259/2259/2259
f 2260/2260/2260 2269/2269/2269 2259/2259/2259
f 2270/2270/2270 2269/2269/2269 2260/2260/2260
f 2262/2262/2262 2271/2271/2271 2261/2261/2261
f 2272/2272/2272 2271/2271/2271 2262/2262/2262
f 2263/2263/2263 2272/2272/2272 2262/2262/2262
f 2273/2273/2273 2272/2272/2272 2263/2263/2263
f 2264/2264/2264 2273/2273/2273 2263/2263/2263
f 2274/2274/2274 2273/2273/2273 2264/2264/2264
f 2265/2265/2265 2274/2274/2274 2264/2264/2264
f 2275/2275/2275 2274/2274/2274 2265/2265/2265
f 2266/2266/2266 2275/2275/2275 2265/2265/2265
f 2276/2276/2276 2275/2275/2275 2266/2266/2266
f 2267/2267/2267 2276/2276/2276 2266/2266/2266
f 2277/2277/2277 2276/2276/2276 2267/2267/2267
f 2268/2268/2268 2277/2277/2277 2267/2267/2267
f 2278/2278/2278 2277/2277/2277 2268/2268/2268
f 2269/2269/2269 2278/2278/2278 2268/2268/2268
f 2279/2279/2279 2278/2278/2278 2269/2269/2269
f 2270/2270/2270 2279/2279/2279 2269/2269/2269
f 2280/2280/2280 2279/2279/2279 2270/2270/2270
f 2272/2272/2272 2281/2281/2281 2271/2271/2271
f 2282/2282/2282 2281/2281/2281 2272/2272/2272
f 2273/2273/2273 2282/2282/2282 2272/2272/2272
f 2283/2283/2283 2282/2282/2282 2273/2273/2273
f 2274/2274/2274 2283/2283/2283 2273/2273/2273
f 2284/2284/2284 2283/2283/2283 2274/2274/2274
f 2275/2275/2275 2284/2284/2284 2274/2274/2274
f 2285/2285/2285 2284/2284/2284 2275/2275/2275
f 2276/2276/2276 2285/2285/2285 2275/2275/2275
f 2286/2286/2286 2285/2285/2285 2276/2276/2276
f 2277/2277/2277 2286/2286/2286 2276/2276/2276
f 2287/2287/2287 2286/2286/2286 2277/2277/2277
f 2278/2278/2278 2287/2287/2287 2277/2277/2277
f 2288/2288/2288 2287/2287/2287 2278/2278/2278
f 2279/2279/2279 2288/2288/2288 2278/2278/2278
f 2289/2289/2289 2288/2288/2288 2279/2279/2279
f 2280/2280/2280 2289/2289/2289 2279/2279/2279
f 2290/2290/2290 2289/2289/2289 2280/2280/2280
f 2282/2282/2282 2291/2291/2291 2281/2281/2281
f 2292/2292/2292 2291/2291/2291 2282/2282/2282
f 2283/2283/2283 2292/2292/2292 2282/2282/2282
f 2293/2293/2293 2292/2292/2292 2283/2283/2283
f 2284/2284/2284 2293/2293/2293 2283/2283/2283
f 2294/2294/2294 2293/2293/2293 2284/2284/2284
f 2285/2285/2285 2294/2294/2294 2284/2284/2284
f 2295/2295/2295 2294/2294/2294 2285/2285/2285
f 2286/2286/2286 2295/2295/2295 2285/2285/2285
f 2296/2296/2296 2295/2295/2295 2286/2286/2286
f 2287/2287/2287 2296/2296/2296 2286/2286/2286
f 2297/2297/2297 2296/2296/2296 2287/2287/2287
f 2288/2288/2288 2297/2297/2297 2287/2287/2287
f 2298/2298/2298 2297/2297/2297 2288/2288/2288
f 2289/2289/2289 2298/2298/2298 2288/2288/2288
f 2299/2299/2299 2298/2298/2298 2289/2289/2289
f 2290/2290/2290 2299/2299/2299 2289/2289/2289
f 2300/2300/2300 2299/2299/2299 2290/2290/2290
f 2292/2292/2292 2301/2301/2301 2291/2291/2291
f 2302/2302/2302 2301/2301/2301 2292/2292/2292
f 2293/2293/2293 2302/2302/2302 2292/2292/2292
f 2303/2303/2303 2302/2302/2302 2293/2293/2293
f 2294/2294/2294 2303/2303/2303 2293/2293/2293
f 2304/2304/2304 2303/2303/2303 2294/2294/2294
f 2295/2295/2295 2304/2304/2304 2294/2294/2294
f 2305/2305/2305 2304/2304/2304 2295/2295/2295
f 2296/2296/2296 2305/2305/2305 2295/2295/2295
f 2306/2306/2306 2305/2305/2305 2296/2296/2296
f 2297/2297/2297 2306/2306/2306 2296/2296/2296
f 2307/2307/2307 2306/2306/2306 2297/2297/2297
f 2298/2298/2298 2307/2307/2307 2297/2297/2297
f 2308/2308/2308 2307/2307/2307 2298/2298/2298
f 2299/2299/2299 2308/2308/2308 2298/2298/2298
f 2309/2309/2309 2308/2308/2308 2299/2299/2299
f 2300/2300/2300 2309/2309/2309 2299/2299/2299
f 2310/2310/2310 2309/2309/2309 2300/2300/2300
f 2302/2302/2302 2311/2311/2311 2301/2301/2301
f 2312/2312/2312 2311/2311/2311 2302/2302/2302
f 2303/2303/2303 2312/2312/2312 2302/2302/2302
f 2313/2313/2313 2312/2312/2312 2303/2303/2303
f 2304/2304/2304 2313/2313/2313 2303/2303/2303
f 2314/2314/2314 2313/2313/2313 2304/2304/2304
f 2305/2305/2305 2314/2314/2314 2304/2304/2304
f 2315/2315/2315 2314/2314/2314 2305/2305/2305
f 2306/2306/2306 2315/2315/2315 2305/2305/2305
f 2316/2316/2316 2315/2315/2315 2306/2306/2306
f 2307/2307/2307 2316/2316/2316 2306/2306/2306
f 2317/2317/2317 2316/2316/2316 2307/2307/2307
f 2308/2308/2308 2317/2317/2317 2307/2307/2307
f 2318/2318/2318 2317/2317/2317 2308/2308/2308
f 2309/2309/2309 2318/2318/2318 2308/2308/2308
f 2319/2319/2319 2318/2318/2318 2309/2309/2309
f 2310/2310/2310 2319/2319/2319 2309/2309/2309
f 2320/2320/2320 2319/2319/2319 2310/2310/2310
f 2312/2312/2312 2321/2321/2321 2311/2311/2311
f 2322/2322/2322 2321/2321/2321 2312/2312/2312
f 2313/2313/2313 2322/2322/2322 2312/2312/2312
f 2323/2323/2323 2322/2322/2322 2313/2313/2313
f 2314/2314/2314 2323/2323/2323 2313/2313/2313
f 2324/2324/2324 2323/2323/2323 2314/2314/2314
f 2315/2315/2315 2324/2324/2324 2314/2314/2314
f 2325/2325/2325 2324/2324/2324 2315/2315/2315
f 2316/2316/2316 2325/2325/2325 2315/2315/2315
f 2326/2326/2326 2325/2325/2325 2316/2316/2316
f 2317/2317/2317 2326/2326/2326 2316/2316/2316
f 2327/2327/2327 2326/2326/2326 2317/2317/2317
f 2318/2318/2318 2327/2327/2327 2317/2317/2317
f 2328/2328/2328 2327/2327/2327 2318/2318/2318
f 2319/2319/2319 2328/2328/2328 2318/2318/2318
f 2329/2329/2329 2328/2328/2328 2319/2319/2319
f 2320/2320/2320 2329/2329/2329 2319/2319/2319
f 2330/2330/2330 2329/2329/2329 2320/2320/2320
f 2322/2322/2322 2331/2331/2331 2321/2321/2321
f 2332/2332/2332 2331/2331/2331 2322/2322/2322
f 2323/2323/2323 2332/2332/2332 2322/2322/2322
f 2333/2333/2333 2332/2332/2332 2323/2323/2323
f 2324/2324/2324 2333/2333/2333 2323/2323/2323
f 2334/2334/2334 2333/2333/2333 2324/2324/2324
f 2325/2325/2325 2334/2334/2334 2324/2324/2324
f 2335/2335/2335 2334/2334/2334 2325/2325/2325
f 2326/2326/2326 2335/2335/2335 2325/2325/2325
f 2336/2336/2336 2335/2335/2335 2326/2326/2326
f 2327/2327/2327 2336/2336/2336 2326/2326/2326
f 2337/2337/2337 2336/2336/2336 2327/2327/2327
f 2328/2328/2328 2337/2337/2337 2327/2327/2327
f 2338/2338/2338 2337/2337/2337 2328/2328/2328
f 2329/2329/2329 2338/2338/2338 2328/2328/2328
f 2339/2339/2339 2338/2338/2338 2329/2329/2329
f 2330/2330/2330 2339/2339/2339 2329/2329/2329
f 2340/2340/2340 2339/2339/2339 2330/2330/2330
f 2332/2332/2332 2341/2341/2341 2331/2331/2331
f 2342/2342/2342 2341/2341/2341 2332/2332/2332
f 2333/2333/2333 2342/2342/2342 2332/2332/2332
f 2343/2343/2343 2342/2342/2342 2333/2333/2333
f 2334/2334/2334 2343/2343/2343 2333/2333/2333
f 2344/2344/2344 2343/2343/2343 2334/2334/2334
f 2335/2335/2335 2344/2344/2344 2334/2334/2334
f 2345/2345/2345 2344/2344/2344 2335/2335/2335
f 2336/2336/2336 2345/2345/2345 2335/2335/2335
f 2346/2346/2346 2345/2345/2345 2336/2336/2336
f 2337/2337/2337 2346/2346/2346 2336/2336/2336
f 2347/2347/2347 2346/2346/2346 2337/2337/2337
f 2338/2338/2338 2347/2347/2347 2337/2337/2337
f 2348/2348/2348 2347/2347/2347 2338/2338/2338
f 2339/2339/2339 2348/2348/2348 2338/2338/2338
f 2349/2349/2349 2348/2348/2348 2339/2339/2339
f 2340/2340/2340 2349/2349/2349 2339/2339/2339
f 2350/2350/2350 2349/2349/2349 2340/2340/2340
f 2342/2342/2342 2351/2351/2351 2341/2341/2341
f 2352/2352/2352 2351/2351/2351 2342/2342/2342
f 2343/2343/2343 2352/2352/2352 2342/2342/2342
f 2353/2353/2353 2352/2352/2352 2343/2343/2343
f 2344/2344/2344 2353/2353/2353 2343/2343/2343
f 2354/2354/2354 2353/2353/2353 2344/2344/2344
f 2345/2345/2345 2354/2354/2354 2344/2344/2344
f 2355/2355/2355 2354/2354/2354 2345/2345/2345
f 2346/2346/2346 2355/2355/2355 2345/2345/2345
f 2356/2356/2356 2355/2355/2355 2346/2346/2346
f 2347/2347/2347 2356/2356/2356 2346/2346/2346
f 2357/2357/2357 2356/2356/2356 2347/2347/2347
f 2348/2348/2348 2357/2357/2357 2347/2347/2347
f 2358/2358/2358 2357/2357/2357 2348/2348/2348
f 2349/2349/2349 2358/2358/2358 2348/2348/2348
f 2359/2359/2359 2358/2358/2358 2349/2349/2349
f 2350/2350/2350 2359/2359/2359 2349/2349/2349
f 2360/2360/2360 2359/2359/2359 2350/2350/2350
f 2352/2352/2352 2361/2361/2361 2351/2351/2351
f 2362/2362/2362 2361/2361/2361 2352/2352/2352
f 2353/2353/2353 2362/2362/2362 2352/2352/2352
f 2363/2363/2363 2362/2362/2362 2353/2353/2353
f 2354/2354/2354 2363/2363/2363 2353/2353/2353
f 2364/2364/2364 2363/2363/2363 2354/2354/2354
f 2355/2355/2355 2364/2364/2364 2354/2354/2354
f 2365/2365/2365 2364/2364/2364 2355/2355/2355
f 2356/2356/2356 2365/2365/2365 2355/2355/2355
f 2366/2366/2366 2365/2365/2365 2356/2356/2356
f 2357/2357/2357 2366/2366/2366 2356/2356/2356
f 2367/2367/2367 2366/2366/2366 2357/2357/2357
f 2358/2358/2358 2367/2367/2367 2357/2357/2357
f 2368/2368/2368 2367/2367/2367 2358/2358/2358
f 2359/2359/2359 2368/2368/2368 2358/2358/2358
f 2369/2369/2369 2368/2368/2368 2359/2359/2359
f 2360/2360/2360 2369/2369/2369 2359/2359/2359
f 2370/2370/2370 2369/2369/2369 2360/2360/2360
f 2362/2362/2362 2371/2371/2371 2361/2361/2361
f 2372/2372/2372 2371/2371/2371 2362/2362/2362
f 2363/2363/2363 2372/2372/2372 2362/2362/2362
f 2373/2373/2373 2372/2372/2372 2363/2363/2363
f 2364/2364/2364 2373/2373/2373 2363/2363/2363
f 2374/2374/2374 2373/2373/2373 2364/2364/2364
f 2365/2365/2365 2374/2374/2374 2364/2364/2364
f 2375/2375/2375 2374/2374/2374 2365/2365/2365
f 2366/2366/2366 2375/2375/2375 2365/2365/2365
f 2376/2376/2376 2375/2375/2375 2366/2366/2366
f 2367/2367/2367 2376/2376/2376 2366/2366/2366
f 2377/2377/2377 2376/2376/2376 2367/2367/2367
f 2368/2368/2368 2377/2377/2377 2367/2367/2367
f 2378/2378/2378 2377/2377/2377 2368/2368/2368
f 2369/2369/2369 2378/2378/2378 2368/2368/2368
f 2379/2379/2379 2378/2378/2378 2369/2369/2369
f 2370/2370/2370 2379/2379/2379 2369/2369/2369
f 2380/2380/2380 2379/2379/2379 2370/2370/2370
f 2372/2372/2372 2381/2381/2381 2371/2371/2371
f 2382/2382/2382 2381/2381/2381 2372/2372/2372
f 2373/2373/2373 2382/2382/2382 2372/2372/2372
f 2383/2383/2383 2382/2382/2382 2373/2373/2373
f 2374/2374/2374 2383/2383/2383 2373/2373/2373
f 2384/2384/2384 2383/2383/2383 2374/2374/2374
f 2375/2375/2375 2384/2384/2384 2374/2374/2374
f 2385/2385/2385 2384/2384/2384 2375/2375/2375
f 2376/2376/2376 2385/2385/2385 2375/2375/2375
f 2386/2386/2386 2385/2385/2385 2376/2376/2376
f 2377/2377/2377 2386/2386/2386 2376/2376/2376
f 2387/2387/2387 2386/2386/2386 2377/2377/2377
f 2378/2378/2378 2387/2387/2387 2377/2377/2377
f 2388/2388/2388 2387/2387/2387 2378/2378/2378
f 2379/2379/2379 2388/2388/2388 2378/2378/2378
f 2389/2389/2389 2388/2388/2388 2379/2379/2379
f 2380/2380/2380 2389/2389/2389 2379/2379/2379
f 2390/2390/2390 2389/2389/2389 2380/2380/2380
f 2382/2382/2382 2391/2391/2391 2381/2381/2381
f 2392/2392/2392 2391/2391/2391 2382/2382/2382
f 2383/2383/2383 2392/2392/2392 2382/2382/2382
f 2393/2393/2393 2392/2392/2392 2383/2383/2383
f 2384/2384/2384 2393/2393/2393 2383/2383/2383
f 2394/2394/2394 2393/2393/2393 2384/2384/2384
f 2385/2385/2385 2394/2394/2394 2384/2384/2384
f 2395/2395/2395 2394/2394/2394 2385/2385/2385
f 2386/2386/2386 2395/2395/2395 2385/2385/2385
f 2396/2396/2396 2395/2395/2395 2386/2386/2386
f 2387/2387/2387 2396/2396/2396 2386/2386/2386
f 2397/2397/2397 2396/2396/2396 2387/2387/2387
f 2388/2388/2388 2397/2397/2397 2387/2387/2387
f 2398/2398/2398 2397/2397/2397 2388/2388/2388
f 2389/2389/2389 2398/2398/2398 2388/2388/2388
f 2399/2399/2399 2398/2398/2398 2389/2389/2389
f 2390/2390/2390 2399/2399/2399 2389/2389/2389
f 2400/2400/2400 2399/2399/2399 2390/2390/2390
f 2392/2392/2392 2401/2401/2401 2391/2391/2391
f 2402/2402/2402 2401/2401/2401 2392/2392/2392
f 2393/2393/2393 2402/2402/2402 2392/2392/2392
f 2403/2403/2403 2402/2402/2402 2393/2393/2393
f 2394/2394/2394 2403/2403/2403 2393/2393/2393
f 2404/2404/2404 2403/2403/2403 2394/2394/2394
f 2395/2395/2395 2404/2404/2404 2394/2394/2394
f 2405/2405/2405 2404/2404/2404 2395/2395/2395
f 2396/2396/2396 2405/2405/2405 2395/2395/2395
f 2406/2406/2406 2405/2405/2405 2396/2396/2396
f 2397/2397/2397 2406/2406/2406 2396/2396/2396
f 2407/2407/2407 2406/2406/2406 2397/2397/2397
f 2398/2398/2398 2407/2407/2407 2397/2397/2397
f 2408/2408/2408 2407/2407/2407 2398/2398/2398
f 2399/2399/2399 2408/2408/2408 2398/2398/2398
f 2409/2409/2409 2408/2408/2408 2399/2399/2399
f 2400/2400/2400 2409/2409/2409 2399/2399/2399
f 2410/2410/2410 2409/2409/2409 2400/2400/2400
f 2402/2402/2402 2411/2411/2411 2401/2401/2401
f 2412/2412/2412 2411/2411/2411 2402/2402/2402
f 2403/2403/2403 2412/2412/2412 2402/2402/2402
f 2413/2413/2413 2412/2412/2412 2403/2403/2403
f 2404/2404/2404 2413/2413/2413 2403/2403/2403
f 2414/2414/2414 2413/2413/2413 2404/2404/2404
f 2405/2405/2405 2414/2414/2414 2404/2404/2404
f 2415/2415/2415 2414/2414/2414 2405/2405/2405
f 2406/2406/2406 2415/2415/2415 2405/2405/2405
f 2416/2416/2416 2415/2415/2415 2406/2406/2406
f 2407/2407/2407 2416/2416/2416 2406/2406/2406
f 2417/2417/2417 2416/2416/2416 2407/2407/2407
f 2408/2408/2408 2417/2417/2417 2407/2407/2407
f 2418/2418/2418 2417/2417/2417 2408/2408/2408
f 2409/2409/2409 2418/2418/2418 2408/2408/2408
f 2419/2419/2419 2418/2418/2418 2409/2409/2409
f 2410/2410/2410 2419/2419/2419 2409/2409/2409
f 2420/2420/2420 2419/2419/2419 2410/2410/2410
f 2412/2412/2412 2421/2421/2421 2411/2411/2411
f 2422/2422/2422 2421/2421/2421 2412/2412/2412
f 2413/2413/2413 2422/2422/2422 2412/2412/2412
f 2423/2423/2423 2422/2422/2422 2413/2413/2413
f 2414/2414/2414 2423/2423/2423 2413/2413/2413
f 2424/2424/2424 2423/2423/2423 2414/2414/2414
f 2415/2415/2415 2424/2424/2424 2414/2414/2414
f 2425/2425/2425 2424/2424/2424 2415/2415/2415
f 2416/2416/2416 2425/2425/2425 2415/2415/2415
f 2426/2426/2426 2425/2425/2425 2416/2416/2416
f 2417/2417/2417 2426/2426/2426 2416/2416/2416
f 2427/2427/2427 2426/2426/2426 2417/2417/2417
f 2418/2418/2418 2427/2427/2427 2417/2417/2417
f 2428/2428/2428 2427/2427/2427 2418/2418/2418
f 2419/2419/2419 2428/2428/2428 2418/2418/2418
f 2429/2429/2429 2428/2428/2428 2419/2419/2419
f 2420/2420/2420 2429/2429/2429 2419/2419/2419
f 2430/2430/2430 2429/2429/2429 2420/2420/2420
f 2422/2422/2422 2431/2431/2431 2421/2421/2421
f 2432/2432/2432 2431/2431/2431 2422/2422/2422
f 2423/2423/2423 2432/2432/2432 2422/2422/2422
f 2433/2433/2433 2432/2432/2432 2423/2423/2423
f 2424/2424/2424 2433/2433/2433 2423/2423/2423
f 2434/2434/2434 2433/2433/2433 2424/2424/2424
f 2425/2425/2425 2434/2434/2434 2424/2424/2424
f 2435/2435/2435 2434/2434/2434 2425/2425/2425
f 2426/2426/2426 2435/2435/2435 2425/2425/2425
f 2436/2436/2436 2435/2435/2435 2426/2426/2426
f 2427/2427/2427 2436/2436/2436 2426/2426/2426
f 2437/2437/2437 2436/2436/2436 2427/2427/2427
f 2428/2428/2428 2437/2437/2437 2427/2427/2427
f 2438/2438/2438 2437/2437/2437 2428/2428/2428
f 2429/2429/2429 2438/2438/2438 2428/2428/2428
f 2439/2439/2439 2438/2438/2438 2429/2429/2429
f 2430/2430/2430 2439/2439/2439 2429/2429/2429
f 2440/2440/2440 2439/2439/2439 2430/2430/2430
f 2432/2432/2432 2441/2441/2441 2431/2431/2431
f 2442/2442/2442 2441/2441/2441 2432/2432/2432
f 2433/2433/2433 2442/2442/2442 2432/2432/2432
f 2443/2443/2443 2442/2442/2442 2433/2433/2433
f 2434/2434/2434 2443/2443/2443 2433/2433/2433
f 2444/2444/2444 2443/2443/2443 2434/2434/2434
f 2435/2435/2435 2444/2444/2444 2434/2434/2434
f 2445/2445/2445 2444/2444/2444 2435/2435/2435
f 2436/2436/2436 2445/2445/2445 2435/2435/2435
f 2446/2446/2446 2445/2445/2445 2436/2436/2436
f 2437/2437/2437 2446/2446/2446 2436/2436/2436
f 2447/2447/2447 2446/2446/2446 2437/2437/2437
f 2438/2438/2438 2447/2447/2447 2437/2437/2437
f 2448/2448/2448 2447/2447/2447 2438/2438/2438
f 2439/2439/2439 2448/2448/2448 2438/2438/2438
f 2449/2449/2449 2448/2448/2448 2439/2439/2439
f 2440/2440/2440 2449/2449/2449 2439/2439/2439
f 2450/2450/2450 2449/2449/2449 2440/2440/2440
f 2442/2442/2442 2451/2451/2451 2441/2441/2441
f 2452/2452/2452 2451/2451/2451 2442/2442/2442
f 2443/2443/2443 2452/2452/2452 2442/2442/2442
f 2453/2453/2453 2452/2452/2452 2443/2443/2443
f 2444/2444/2444 2453/2453/2453 2443/2443/2443
f 2454/2454/2454 2453/2453/2453 2444/2444/2444
f 2445/2445/2445 2454/2454/2454 2444/2444/2444
f 2455/2455/2455 2454/2454/2454 2445/2445/2445
f 2446/2446/2446 2455/2455/2455 2445/2445/2445
f 2456/2456/2456 2455/2455/2455 2446/2446/2446
f 2447/2447/2447 2456/2456/2456 2446/2446/2446
f 2457/2457/2457 2456/2456/2456 2447/2447/2447
f 2448/2448/2448 2457/2457/2457 2447/2447/2447
f 2458/2458/2458 2457/2457/2457 2448/2448/2448
f 2449/2449/2449 2458/2458/2458 2448/2448/2448
f 2459/2459/2459 2458/2458/2458 2449/2449/2449
f 2450/2450/2450 2459/2459/2459 2449/2449/2449
f 2460/2460/2460 2459/2459/2459 2450/2450/2450
f 2452/2452/2452 2461/2461/2461 2451/2451/2451
f 2462/2462/2462 2461/2461/2461 2452/2452/2452
f 2453/2453/2453 2462/2462/2462 2452/2452/2452
f 2463/2463/2463 2462/2462/2462 2453/2453/2453
f 2454/2454/2454 2463/2463/2463 2453/2453/2453
f 2464/2464/2464 2463/2463/2463 2454/2454/2454
f 2455/2455/2455 2464/2464/2464 2454/2454/2454
f 2465/2465/2465 2464/2464/2464 2455/2455/2455
f 2456/2456/2456 2465/2465/2465 2455/2455/2455
f 2466/2466/2466 2465/2465/2465 2456/2456/2456
f 2457/2457/2457 2466/2466/2466 2456/2456/2456
f 2467/2467/2467 2466/2466/2466 2457/2457/2457
f 2458/2458/2458 2467/2467/2467 2457/2457/2457
f 2468/2468/2468 2467/2467/2467 2458/2458/2458
f 2459/2459/2459 2468/2468/2468 2458/2458/2458
f 2469/2469/2469 2468/2468/2468 2459/2459/2459
f 2460/2460/2460 2469/2469/2469 2459/2459/2459
f 2470/2470/2470 2469/2469/2469 2460/2460/2460
